[2025-04-17 02:32:04] local.ERROR: SQLSTATE[42S01]: Base table or view already exists: 1050 Table 'usuarios' already exists (Connection: mysql, SQL: create table `usuarios` (`id` bigint unsigned not null auto_increment primary key, `nm_usuario` varchar(255) not null, `email` varchar(255) not null, `senha` varchar(255) not null, `cpf` varchar(11) not null, `created_at` timestamp null, `updated_at` timestamp null) default character set utf8mb4 collate 'utf8mb4_unicode_ci') {"exception":"[object] (Illuminate\\Database\\QueryException(code: 42S01): SQLSTATE[42S01]: Base table or view already exists: 1050 Table 'usuarios' already exists (Connection: mysql, SQL: create table `usuarios` (`id` bigint unsigned not null auto_increment primary key, `nm_usuario` varchar(255) not null, `email` varchar(255) not null, `senha` varchar(255) not null, `cpf` varchar(11) not null, `created_at` timestamp null, `updated_at` timestamp null) default character set utf8mb4 collate 'utf8mb4_unicode_ci') at C:\\Users\\Dalia\\OneDrive\\Desktop\\WorkSpace\\pulardapontenaquinta\\rotasdeteste\\vendor\\laravel\\framework\\src\\Illuminate\\Database\\Connection.php:822)
[stacktrace]
#0 C:\\Users\\Dalia\\OneDrive\\Desktop\\WorkSpace\\pulardapontenaquinta\\rotasdeteste\\vendor\\laravel\\framework\\src\\Illuminate\\Database\\Connection.php(776): Illuminate\\Database\\Connection->runQueryCallback('create table `u...', Array, Object(Closure))
#1 C:\\Users\\Dalia\\OneDrive\\Desktop\\WorkSpace\\pulardapontenaquinta\\rotasdeteste\\vendor\\laravel\\framework\\src\\Illuminate\\Database\\Connection.php(557): Illuminate\\Database\\Connection->run('create table `u...', Array, Object(Closure))
#2 C:\\Users\\Dalia\\OneDrive\\Desktop\\WorkSpace\\pulardapontenaquinta\\rotasdeteste\\vendor\\laravel\\framework\\src\\Illuminate\\Database\\Schema\\Blueprint.php(119): Illuminate\\Database\\Connection->statement('create table `u...')
#3 C:\\Users\\Dalia\\OneDrive\\Desktop\\WorkSpace\\pulardapontenaquinta\\rotasdeteste\\vendor\\laravel\\framework\\src\\Illuminate\\Database\\Schema\\Builder.php(618): Illuminate\\Database\\Schema\\Blueprint->build()
#4 C:\\Users\\Dalia\\OneDrive\\Desktop\\WorkSpace\\pulardapontenaquinta\\rotasdeteste\\vendor\\laravel\\framework\\src\\Illuminate\\Database\\Schema\\Builder.php(472): Illuminate\\Database\\Schema\\Builder->build(Object(Illuminate\\Database\\Schema\\Blueprint))
#5 C:\\Users\\Dalia\\OneDrive\\Desktop\\WorkSpace\\pulardapontenaquinta\\rotasdeteste\\vendor\\laravel\\framework\\src\\Illuminate\\Support\\Facades\\Facade.php(361): Illuminate\\Database\\Schema\\Builder->create('usuarios', Object(Closure))
#6 C:\\Users\\Dalia\\OneDrive\\Desktop\\WorkSpace\\pulardapontenaquinta\\rotasdeteste\\database\\migrations\\2025_03_31_173847_create_usuarios_table.php(14): Illuminate\\Support\\Facades\\Facade::__callStatic('create', Array)
#7 C:\\Users\\Dalia\\OneDrive\\Desktop\\WorkSpace\\pulardapontenaquinta\\rotasdeteste\\vendor\\laravel\\framework\\src\\Illuminate\\Database\\Migrations\\Migrator.php(514): Illuminate\\Database\\Migrations\\Migration@anonymous->up()
#8 C:\\Users\\Dalia\\OneDrive\\Desktop\\WorkSpace\\pulardapontenaquinta\\rotasdeteste\\vendor\\laravel\\framework\\src\\Illuminate\\Database\\Migrations\\Migrator.php(439): Illuminate\\Database\\Migrations\\Migrator->runMethod(Object(Illuminate\\Database\\MySqlConnection), Object(Illuminate\\Database\\Migrations\\Migration@anonymous), 'up')
#9 C:\\Users\\Dalia\\OneDrive\\Desktop\\WorkSpace\\pulardapontenaquinta\\rotasdeteste\\vendor\\laravel\\framework\\src\\Illuminate\\Database\\Migrations\\Migrator.php(448): Illuminate\\Database\\Migrations\\Migrator->Illuminate\\Database\\Migrations\\{closure}()
#10 C:\\Users\\Dalia\\OneDrive\\Desktop\\WorkSpace\\pulardapontenaquinta\\rotasdeteste\\vendor\\laravel\\framework\\src\\Illuminate\\Database\\Migrations\\Migrator.php(250): Illuminate\\Database\\Migrations\\Migrator->runMigration(Object(Illuminate\\Database\\Migrations\\Migration@anonymous), 'up')
#11 C:\\Users\\Dalia\\OneDrive\\Desktop\\WorkSpace\\pulardapontenaquinta\\rotasdeteste\\vendor\\laravel\\framework\\src\\Illuminate\\Console\\View\\Components\\Task.php(41): Illuminate\\Database\\Migrations\\Migrator->Illuminate\\Database\\Migrations\\{closure}()
#12 C:\\Users\\Dalia\\OneDrive\\Desktop\\WorkSpace\\pulardapontenaquinta\\rotasdeteste\\vendor\\laravel\\framework\\src\\Illuminate\\Database\\Migrations\\Migrator.php(805): Illuminate\\Console\\View\\Components\\Task->render('2025_03_31_1738...', Object(Closure))
#13 C:\\Users\\Dalia\\OneDrive\\Desktop\\WorkSpace\\pulardapontenaquinta\\rotasdeteste\\vendor\\laravel\\framework\\src\\Illuminate\\Database\\Migrations\\Migrator.php(250): Illuminate\\Database\\Migrations\\Migrator->write('Illuminate\\\\Cons...', '2025_03_31_1738...', Object(Closure))
#14 C:\\Users\\Dalia\\OneDrive\\Desktop\\WorkSpace\\pulardapontenaquinta\\rotasdeteste\\vendor\\laravel\\framework\\src\\Illuminate\\Database\\Migrations\\Migrator.php(210): Illuminate\\Database\\Migrations\\Migrator->runUp('C:\\\\Users\\\\Dalia\\\\...', 1, false)
#15 C:\\Users\\Dalia\\OneDrive\\Desktop\\WorkSpace\\pulardapontenaquinta\\rotasdeteste\\vendor\\laravel\\framework\\src\\Illuminate\\Database\\Migrations\\Migrator.php(137): Illuminate\\Database\\Migrations\\Migrator->runPending(Array, Array)
#16 C:\\Users\\Dalia\\OneDrive\\Desktop\\WorkSpace\\pulardapontenaquinta\\rotasdeteste\\vendor\\laravel\\framework\\src\\Illuminate\\Database\\Console\\Migrations\\MigrateCommand.php(116): Illuminate\\Database\\Migrations\\Migrator->run(Array, Array)
#17 C:\\Users\\Dalia\\OneDrive\\Desktop\\WorkSpace\\pulardapontenaquinta\\rotasdeteste\\vendor\\laravel\\framework\\src\\Illuminate\\Database\\Migrations\\Migrator.php(665): Illuminate\\Database\\Console\\Migrations\\MigrateCommand->Illuminate\\Database\\Console\\Migrations\\{closure}()
#18 C:\\Users\\Dalia\\OneDrive\\Desktop\\WorkSpace\\pulardapontenaquinta\\rotasdeteste\\vendor\\laravel\\framework\\src\\Illuminate\\Database\\Console\\Migrations\\MigrateCommand.php(109): Illuminate\\Database\\Migrations\\Migrator->usingConnection(NULL, Object(Closure))
#19 C:\\Users\\Dalia\\OneDrive\\Desktop\\WorkSpace\\pulardapontenaquinta\\rotasdeteste\\vendor\\laravel\\framework\\src\\Illuminate\\Database\\Console\\Migrations\\MigrateCommand.php(88): Illuminate\\Database\\Console\\Migrations\\MigrateCommand->runMigrations()
#20 C:\\Users\\Dalia\\OneDrive\\Desktop\\WorkSpace\\pulardapontenaquinta\\rotasdeteste\\vendor\\laravel\\framework\\src\\Illuminate\\Container\\BoundMethod.php(36): Illuminate\\Database\\Console\\Migrations\\MigrateCommand->handle()
#21 C:\\Users\\Dalia\\OneDrive\\Desktop\\WorkSpace\\pulardapontenaquinta\\rotasdeteste\\vendor\\laravel\\framework\\src\\Illuminate\\Container\\Util.php(43): Illuminate\\Container\\BoundMethod::Illuminate\\Container\\{closure}()
#22 C:\\Users\\Dalia\\OneDrive\\Desktop\\WorkSpace\\pulardapontenaquinta\\rotasdeteste\\vendor\\laravel\\framework\\src\\Illuminate\\Container\\BoundMethod.php(96): Illuminate\\Container\\Util::unwrapIfClosure(Object(Closure))
#23 C:\\Users\\Dalia\\OneDrive\\Desktop\\WorkSpace\\pulardapontenaquinta\\rotasdeteste\\vendor\\laravel\\framework\\src\\Illuminate\\Container\\BoundMethod.php(35): Illuminate\\Container\\BoundMethod::callBoundMethod(Object(Illuminate\\Foundation\\Application), Array, Object(Closure))
#24 C:\\Users\\Dalia\\OneDrive\\Desktop\\WorkSpace\\pulardapontenaquinta\\rotasdeteste\\vendor\\laravel\\framework\\src\\Illuminate\\Container\\Container.php(754): Illuminate\\Container\\BoundMethod::call(Object(Illuminate\\Foundation\\Application), Array, Array, NULL)
#25 C:\\Users\\Dalia\\OneDrive\\Desktop\\WorkSpace\\pulardapontenaquinta\\rotasdeteste\\vendor\\laravel\\framework\\src\\Illuminate\\Console\\Command.php(211): Illuminate\\Container\\Container->call(Array)
#26 C:\\Users\\Dalia\\OneDrive\\Desktop\\WorkSpace\\pulardapontenaquinta\\rotasdeteste\\vendor\\symfony\\console\\Command\\Command.php(279): Illuminate\\Console\\Command->execute(Object(Symfony\\Component\\Console\\Input\\ArrayInput), Object(Illuminate\\Console\\OutputStyle))
#27 C:\\Users\\Dalia\\OneDrive\\Desktop\\WorkSpace\\pulardapontenaquinta\\rotasdeteste\\vendor\\laravel\\framework\\src\\Illuminate\\Console\\Command.php(180): Symfony\\Component\\Console\\Command\\Command->run(Object(Symfony\\Component\\Console\\Input\\ArrayInput), Object(Illuminate\\Console\\OutputStyle))
#28 C:\\Users\\Dalia\\OneDrive\\Desktop\\WorkSpace\\pulardapontenaquinta\\rotasdeteste\\vendor\\laravel\\framework\\src\\Illuminate\\Console\\Concerns\\CallsCommands.php(68): Illuminate\\Console\\Command->run(Object(Symfony\\Component\\Console\\Input\\ArrayInput), Object(Illuminate\\Console\\OutputStyle))
#29 C:\\Users\\Dalia\\OneDrive\\Desktop\\WorkSpace\\pulardapontenaquinta\\rotasdeteste\\vendor\\laravel\\framework\\src\\Illuminate\\Console\\Concerns\\CallsCommands.php(29): Illuminate\\Console\\Command->runCommand('migrate', Array, Object(Illuminate\\Console\\OutputStyle))
#30 C:\\Users\\Dalia\\OneDrive\\Desktop\\WorkSpace\\pulardapontenaquinta\\rotasdeteste\\vendor\\laravel\\framework\\src\\Illuminate\\Foundation\\Console\\ApiInstallCommand.php(81): Illuminate\\Console\\Command->call('migrate')
#31 C:\\Users\\Dalia\\OneDrive\\Desktop\\WorkSpace\\pulardapontenaquinta\\rotasdeteste\\vendor\\laravel\\framework\\src\\Illuminate\\Container\\BoundMethod.php(36): Illuminate\\Foundation\\Console\\ApiInstallCommand->handle()
#32 C:\\Users\\Dalia\\OneDrive\\Desktop\\WorkSpace\\pulardapontenaquinta\\rotasdeteste\\vendor\\laravel\\framework\\src\\Illuminate\\Container\\Util.php(43): Illuminate\\Container\\BoundMethod::Illuminate\\Container\\{closure}()
#33 C:\\Users\\Dalia\\OneDrive\\Desktop\\WorkSpace\\pulardapontenaquinta\\rotasdeteste\\vendor\\laravel\\framework\\src\\Illuminate\\Container\\BoundMethod.php(96): Illuminate\\Container\\Util::unwrapIfClosure(Object(Closure))
#34 C:\\Users\\Dalia\\OneDrive\\Desktop\\WorkSpace\\pulardapontenaquinta\\rotasdeteste\\vendor\\laravel\\framework\\src\\Illuminate\\Container\\BoundMethod.php(35): Illuminate\\Container\\BoundMethod::callBoundMethod(Object(Illuminate\\Foundation\\Application), Array, Object(Closure))
#35 C:\\Users\\Dalia\\OneDrive\\Desktop\\WorkSpace\\pulardapontenaquinta\\rotasdeteste\\vendor\\laravel\\framework\\src\\Illuminate\\Container\\Container.php(754): Illuminate\\Container\\BoundMethod::call(Object(Illuminate\\Foundation\\Application), Array, Array, NULL)
#36 C:\\Users\\Dalia\\OneDrive\\Desktop\\WorkSpace\\pulardapontenaquinta\\rotasdeteste\\vendor\\laravel\\framework\\src\\Illuminate\\Console\\Command.php(211): Illuminate\\Container\\Container->call(Array)
#37 C:\\Users\\Dalia\\OneDrive\\Desktop\\WorkSpace\\pulardapontenaquinta\\rotasdeteste\\vendor\\symfony\\console\\Command\\Command.php(279): Illuminate\\Console\\Command->execute(Object(Symfony\\Component\\Console\\Input\\ArgvInput), Object(Illuminate\\Console\\OutputStyle))
#38 C:\\Users\\Dalia\\OneDrive\\Desktop\\WorkSpace\\pulardapontenaquinta\\rotasdeteste\\vendor\\laravel\\framework\\src\\Illuminate\\Console\\Command.php(180): Symfony\\Component\\Console\\Command\\Command->run(Object(Symfony\\Component\\Console\\Input\\ArgvInput), Object(Illuminate\\Console\\OutputStyle))
#39 C:\\Users\\Dalia\\OneDrive\\Desktop\\WorkSpace\\pulardapontenaquinta\\rotasdeteste\\vendor\\symfony\\console\\Application.php(1094): Illuminate\\Console\\Command->run(Object(Symfony\\Component\\Console\\Input\\ArgvInput), Object(Symfony\\Component\\Console\\Output\\ConsoleOutput))
#40 C:\\Users\\Dalia\\OneDrive\\Desktop\\WorkSpace\\pulardapontenaquinta\\rotasdeteste\\vendor\\symfony\\console\\Application.php(342): Symfony\\Component\\Console\\Application->doRunCommand(Object(Illuminate\\Foundation\\Console\\ApiInstallCommand), Object(Symfony\\Component\\Console\\Input\\ArgvInput), Object(Symfony\\Component\\Console\\Output\\ConsoleOutput))
#41 C:\\Users\\Dalia\\OneDrive\\Desktop\\WorkSpace\\pulardapontenaquinta\\rotasdeteste\\vendor\\symfony\\console\\Application.php(193): Symfony\\Component\\Console\\Application->doRun(Object(Symfony\\Component\\Console\\Input\\ArgvInput), Object(Symfony\\Component\\Console\\Output\\ConsoleOutput))
#42 C:\\Users\\Dalia\\OneDrive\\Desktop\\WorkSpace\\pulardapontenaquinta\\rotasdeteste\\vendor\\laravel\\framework\\src\\Illuminate\\Foundation\\Console\\Kernel.php(197): Symfony\\Component\\Console\\Application->run(Object(Symfony\\Component\\Console\\Input\\ArgvInput), Object(Symfony\\Component\\Console\\Output\\ConsoleOutput))
#43 C:\\Users\\Dalia\\OneDrive\\Desktop\\WorkSpace\\pulardapontenaquinta\\rotasdeteste\\vendor\\laravel\\framework\\src\\Illuminate\\Foundation\\Application.php(1234): Illuminate\\Foundation\\Console\\Kernel->handle(Object(Symfony\\Component\\Console\\Input\\ArgvInput), Object(Symfony\\Component\\Console\\Output\\ConsoleOutput))
#44 C:\\Users\\Dalia\\OneDrive\\Desktop\\WorkSpace\\pulardapontenaquinta\\rotasdeteste\\artisan(16): Illuminate\\Foundation\\Application->handleCommand(Object(Symfony\\Component\\Console\\Input\\ArgvInput))
#45 {main}

[previous exception] [object] (PDOException(code: 42S01): SQLSTATE[42S01]: Base table or view already exists: 1050 Table 'usuarios' already exists at C:\\Users\\Dalia\\OneDrive\\Desktop\\WorkSpace\\pulardapontenaquinta\\rotasdeteste\\vendor\\laravel\\framework\\src\\Illuminate\\Database\\Connection.php:568)
[stacktrace]
#0 C:\\Users\\Dalia\\OneDrive\\Desktop\\WorkSpace\\pulardapontenaquinta\\rotasdeteste\\vendor\\laravel\\framework\\src\\Illuminate\\Database\\Connection.php(568): PDOStatement->execute()
#1 C:\\Users\\Dalia\\OneDrive\\Desktop\\WorkSpace\\pulardapontenaquinta\\rotasdeteste\\vendor\\laravel\\framework\\src\\Illuminate\\Database\\Connection.php(809): Illuminate\\Database\\Connection->Illuminate\\Database\\{closure}('create table `u...', Array)
#2 C:\\Users\\Dalia\\OneDrive\\Desktop\\WorkSpace\\pulardapontenaquinta\\rotasdeteste\\vendor\\laravel\\framework\\src\\Illuminate\\Database\\Connection.php(776): Illuminate\\Database\\Connection->runQueryCallback('create table `u...', Array, Object(Closure))
#3 C:\\Users\\Dalia\\OneDrive\\Desktop\\WorkSpace\\pulardapontenaquinta\\rotasdeteste\\vendor\\laravel\\framework\\src\\Illuminate\\Database\\Connection.php(557): Illuminate\\Database\\Connection->run('create table `u...', Array, Object(Closure))
#4 C:\\Users\\Dalia\\OneDrive\\Desktop\\WorkSpace\\pulardapontenaquinta\\rotasdeteste\\vendor\\laravel\\framework\\src\\Illuminate\\Database\\Schema\\Blueprint.php(119): Illuminate\\Database\\Connection->statement('create table `u...')
#5 C:\\Users\\Dalia\\OneDrive\\Desktop\\WorkSpace\\pulardapontenaquinta\\rotasdeteste\\vendor\\laravel\\framework\\src\\Illuminate\\Database\\Schema\\Builder.php(618): Illuminate\\Database\\Schema\\Blueprint->build()
#6 C:\\Users\\Dalia\\OneDrive\\Desktop\\WorkSpace\\pulardapontenaquinta\\rotasdeteste\\vendor\\laravel\\framework\\src\\Illuminate\\Database\\Schema\\Builder.php(472): Illuminate\\Database\\Schema\\Builder->build(Object(Illuminate\\Database\\Schema\\Blueprint))
#7 C:\\Users\\Dalia\\OneDrive\\Desktop\\WorkSpace\\pulardapontenaquinta\\rotasdeteste\\vendor\\laravel\\framework\\src\\Illuminate\\Support\\Facades\\Facade.php(361): Illuminate\\Database\\Schema\\Builder->create('usuarios', Object(Closure))
#8 C:\\Users\\Dalia\\OneDrive\\Desktop\\WorkSpace\\pulardapontenaquinta\\rotasdeteste\\database\\migrations\\2025_03_31_173847_create_usuarios_table.php(14): Illuminate\\Support\\Facades\\Facade::__callStatic('create', Array)
#9 C:\\Users\\Dalia\\OneDrive\\Desktop\\WorkSpace\\pulardapontenaquinta\\rotasdeteste\\vendor\\laravel\\framework\\src\\Illuminate\\Database\\Migrations\\Migrator.php(514): Illuminate\\Database\\Migrations\\Migration@anonymous->up()
#10 C:\\Users\\Dalia\\OneDrive\\Desktop\\WorkSpace\\pulardapontenaquinta\\rotasdeteste\\vendor\\laravel\\framework\\src\\Illuminate\\Database\\Migrations\\Migrator.php(439): Illuminate\\Database\\Migrations\\Migrator->runMethod(Object(Illuminate\\Database\\MySqlConnection), Object(Illuminate\\Database\\Migrations\\Migration@anonymous), 'up')
#11 C:\\Users\\Dalia\\OneDrive\\Desktop\\WorkSpace\\pulardapontenaquinta\\rotasdeteste\\vendor\\laravel\\framework\\src\\Illuminate\\Database\\Migrations\\Migrator.php(448): Illuminate\\Database\\Migrations\\Migrator->Illuminate\\Database\\Migrations\\{closure}()
#12 C:\\Users\\Dalia\\OneDrive\\Desktop\\WorkSpace\\pulardapontenaquinta\\rotasdeteste\\vendor\\laravel\\framework\\src\\Illuminate\\Database\\Migrations\\Migrator.php(250): Illuminate\\Database\\Migrations\\Migrator->runMigration(Object(Illuminate\\Database\\Migrations\\Migration@anonymous), 'up')
#13 C:\\Users\\Dalia\\OneDrive\\Desktop\\WorkSpace\\pulardapontenaquinta\\rotasdeteste\\vendor\\laravel\\framework\\src\\Illuminate\\Console\\View\\Components\\Task.php(41): Illuminate\\Database\\Migrations\\Migrator->Illuminate\\Database\\Migrations\\{closure}()
#14 C:\\Users\\Dalia\\OneDrive\\Desktop\\WorkSpace\\pulardapontenaquinta\\rotasdeteste\\vendor\\laravel\\framework\\src\\Illuminate\\Database\\Migrations\\Migrator.php(805): Illuminate\\Console\\View\\Components\\Task->render('2025_03_31_1738...', Object(Closure))
#15 C:\\Users\\Dalia\\OneDrive\\Desktop\\WorkSpace\\pulardapontenaquinta\\rotasdeteste\\vendor\\laravel\\framework\\src\\Illuminate\\Database\\Migrations\\Migrator.php(250): Illuminate\\Database\\Migrations\\Migrator->write('Illuminate\\\\Cons...', '2025_03_31_1738...', Object(Closure))
#16 C:\\Users\\Dalia\\OneDrive\\Desktop\\WorkSpace\\pulardapontenaquinta\\rotasdeteste\\vendor\\laravel\\framework\\src\\Illuminate\\Database\\Migrations\\Migrator.php(210): Illuminate\\Database\\Migrations\\Migrator->runUp('C:\\\\Users\\\\Dalia\\\\...', 1, false)
#17 C:\\Users\\Dalia\\OneDrive\\Desktop\\WorkSpace\\pulardapontenaquinta\\rotasdeteste\\vendor\\laravel\\framework\\src\\Illuminate\\Database\\Migrations\\Migrator.php(137): Illuminate\\Database\\Migrations\\Migrator->runPending(Array, Array)
#18 C:\\Users\\Dalia\\OneDrive\\Desktop\\WorkSpace\\pulardapontenaquinta\\rotasdeteste\\vendor\\laravel\\framework\\src\\Illuminate\\Database\\Console\\Migrations\\MigrateCommand.php(116): Illuminate\\Database\\Migrations\\Migrator->run(Array, Array)
#19 C:\\Users\\Dalia\\OneDrive\\Desktop\\WorkSpace\\pulardapontenaquinta\\rotasdeteste\\vendor\\laravel\\framework\\src\\Illuminate\\Database\\Migrations\\Migrator.php(665): Illuminate\\Database\\Console\\Migrations\\MigrateCommand->Illuminate\\Database\\Console\\Migrations\\{closure}()
#20 C:\\Users\\Dalia\\OneDrive\\Desktop\\WorkSpace\\pulardapontenaquinta\\rotasdeteste\\vendor\\laravel\\framework\\src\\Illuminate\\Database\\Console\\Migrations\\MigrateCommand.php(109): Illuminate\\Database\\Migrations\\Migrator->usingConnection(NULL, Object(Closure))
#21 C:\\Users\\Dalia\\OneDrive\\Desktop\\WorkSpace\\pulardapontenaquinta\\rotasdeteste\\vendor\\laravel\\framework\\src\\Illuminate\\Database\\Console\\Migrations\\MigrateCommand.php(88): Illuminate\\Database\\Console\\Migrations\\MigrateCommand->runMigrations()
#22 C:\\Users\\Dalia\\OneDrive\\Desktop\\WorkSpace\\pulardapontenaquinta\\rotasdeteste\\vendor\\laravel\\framework\\src\\Illuminate\\Container\\BoundMethod.php(36): Illuminate\\Database\\Console\\Migrations\\MigrateCommand->handle()
#23 C:\\Users\\Dalia\\OneDrive\\Desktop\\WorkSpace\\pulardapontenaquinta\\rotasdeteste\\vendor\\laravel\\framework\\src\\Illuminate\\Container\\Util.php(43): Illuminate\\Container\\BoundMethod::Illuminate\\Container\\{closure}()
#24 C:\\Users\\Dalia\\OneDrive\\Desktop\\WorkSpace\\pulardapontenaquinta\\rotasdeteste\\vendor\\laravel\\framework\\src\\Illuminate\\Container\\BoundMethod.php(96): Illuminate\\Container\\Util::unwrapIfClosure(Object(Closure))
#25 C:\\Users\\Dalia\\OneDrive\\Desktop\\WorkSpace\\pulardapontenaquinta\\rotasdeteste\\vendor\\laravel\\framework\\src\\Illuminate\\Container\\BoundMethod.php(35): Illuminate\\Container\\BoundMethod::callBoundMethod(Object(Illuminate\\Foundation\\Application), Array, Object(Closure))
#26 C:\\Users\\Dalia\\OneDrive\\Desktop\\WorkSpace\\pulardapontenaquinta\\rotasdeteste\\vendor\\laravel\\framework\\src\\Illuminate\\Container\\Container.php(754): Illuminate\\Container\\BoundMethod::call(Object(Illuminate\\Foundation\\Application), Array, Array, NULL)
#27 C:\\Users\\Dalia\\OneDrive\\Desktop\\WorkSpace\\pulardapontenaquinta\\rotasdeteste\\vendor\\laravel\\framework\\src\\Illuminate\\Console\\Command.php(211): Illuminate\\Container\\Container->call(Array)
#28 C:\\Users\\Dalia\\OneDrive\\Desktop\\WorkSpace\\pulardapontenaquinta\\rotasdeteste\\vendor\\symfony\\console\\Command\\Command.php(279): Illuminate\\Console\\Command->execute(Object(Symfony\\Component\\Console\\Input\\ArrayInput), Object(Illuminate\\Console\\OutputStyle))
#29 C:\\Users\\Dalia\\OneDrive\\Desktop\\WorkSpace\\pulardapontenaquinta\\rotasdeteste\\vendor\\laravel\\framework\\src\\Illuminate\\Console\\Command.php(180): Symfony\\Component\\Console\\Command\\Command->run(Object(Symfony\\Component\\Console\\Input\\ArrayInput), Object(Illuminate\\Console\\OutputStyle))
#30 C:\\Users\\Dalia\\OneDrive\\Desktop\\WorkSpace\\pulardapontenaquinta\\rotasdeteste\\vendor\\laravel\\framework\\src\\Illuminate\\Console\\Concerns\\CallsCommands.php(68): Illuminate\\Console\\Command->run(Object(Symfony\\Component\\Console\\Input\\ArrayInput), Object(Illuminate\\Console\\OutputStyle))
#31 C:\\Users\\Dalia\\OneDrive\\Desktop\\WorkSpace\\pulardapontenaquinta\\rotasdeteste\\vendor\\laravel\\framework\\src\\Illuminate\\Console\\Concerns\\CallsCommands.php(29): Illuminate\\Console\\Command->runCommand('migrate', Array, Object(Illuminate\\Console\\OutputStyle))
#32 C:\\Users\\Dalia\\OneDrive\\Desktop\\WorkSpace\\pulardapontenaquinta\\rotasdeteste\\vendor\\laravel\\framework\\src\\Illuminate\\Foundation\\Console\\ApiInstallCommand.php(81): Illuminate\\Console\\Command->call('migrate')
#33 C:\\Users\\Dalia\\OneDrive\\Desktop\\WorkSpace\\pulardapontenaquinta\\rotasdeteste\\vendor\\laravel\\framework\\src\\Illuminate\\Container\\BoundMethod.php(36): Illuminate\\Foundation\\Console\\ApiInstallCommand->handle()
#34 C:\\Users\\Dalia\\OneDrive\\Desktop\\WorkSpace\\pulardapontenaquinta\\rotasdeteste\\vendor\\laravel\\framework\\src\\Illuminate\\Container\\Util.php(43): Illuminate\\Container\\BoundMethod::Illuminate\\Container\\{closure}()
#35 C:\\Users\\Dalia\\OneDrive\\Desktop\\WorkSpace\\pulardapontenaquinta\\rotasdeteste\\vendor\\laravel\\framework\\src\\Illuminate\\Container\\BoundMethod.php(96): Illuminate\\Container\\Util::unwrapIfClosure(Object(Closure))
#36 C:\\Users\\Dalia\\OneDrive\\Desktop\\WorkSpace\\pulardapontenaquinta\\rotasdeteste\\vendor\\laravel\\framework\\src\\Illuminate\\Container\\BoundMethod.php(35): Illuminate\\Container\\BoundMethod::callBoundMethod(Object(Illuminate\\Foundation\\Application), Array, Object(Closure))
#37 C:\\Users\\Dalia\\OneDrive\\Desktop\\WorkSpace\\pulardapontenaquinta\\rotasdeteste\\vendor\\laravel\\framework\\src\\Illuminate\\Container\\Container.php(754): Illuminate\\Container\\BoundMethod::call(Object(Illuminate\\Foundation\\Application), Array, Array, NULL)
#38 C:\\Users\\Dalia\\OneDrive\\Desktop\\WorkSpace\\pulardapontenaquinta\\rotasdeteste\\vendor\\laravel\\framework\\src\\Illuminate\\Console\\Command.php(211): Illuminate\\Container\\Container->call(Array)
#39 C:\\Users\\Dalia\\OneDrive\\Desktop\\WorkSpace\\pulardapontenaquinta\\rotasdeteste\\vendor\\symfony\\console\\Command\\Command.php(279): Illuminate\\Console\\Command->execute(Object(Symfony\\Component\\Console\\Input\\ArgvInput), Object(Illuminate\\Console\\OutputStyle))
#40 C:\\Users\\Dalia\\OneDrive\\Desktop\\WorkSpace\\pulardapontenaquinta\\rotasdeteste\\vendor\\laravel\\framework\\src\\Illuminate\\Console\\Command.php(180): Symfony\\Component\\Console\\Command\\Command->run(Object(Symfony\\Component\\Console\\Input\\ArgvInput), Object(Illuminate\\Console\\OutputStyle))
#41 C:\\Users\\Dalia\\OneDrive\\Desktop\\WorkSpace\\pulardapontenaquinta\\rotasdeteste\\vendor\\symfony\\console\\Application.php(1094): Illuminate\\Console\\Command->run(Object(Symfony\\Component\\Console\\Input\\ArgvInput), Object(Symfony\\Component\\Console\\Output\\ConsoleOutput))
#42 C:\\Users\\Dalia\\OneDrive\\Desktop\\WorkSpace\\pulardapontenaquinta\\rotasdeteste\\vendor\\symfony\\console\\Application.php(342): Symfony\\Component\\Console\\Application->doRunCommand(Object(Illuminate\\Foundation\\Console\\ApiInstallCommand), Object(Symfony\\Component\\Console\\Input\\ArgvInput), Object(Symfony\\Component\\Console\\Output\\ConsoleOutput))
#43 C:\\Users\\Dalia\\OneDrive\\Desktop\\WorkSpace\\pulardapontenaquinta\\rotasdeteste\\vendor\\symfony\\console\\Application.php(193): Symfony\\Component\\Console\\Application->doRun(Object(Symfony\\Component\\Console\\Input\\ArgvInput), Object(Symfony\\Component\\Console\\Output\\ConsoleOutput))
#44 C:\\Users\\Dalia\\OneDrive\\Desktop\\WorkSpace\\pulardapontenaquinta\\rotasdeteste\\vendor\\laravel\\framework\\src\\Illuminate\\Foundation\\Console\\Kernel.php(197): Symfony\\Component\\Console\\Application->run(Object(Symfony\\Component\\Console\\Input\\ArgvInput), Object(Symfony\\Component\\Console\\Output\\ConsoleOutput))
#45 C:\\Users\\Dalia\\OneDrive\\Desktop\\WorkSpace\\pulardapontenaquinta\\rotasdeteste\\vendor\\laravel\\framework\\src\\Illuminate\\Foundation\\Application.php(1234): Illuminate\\Foundation\\Console\\Kernel->handle(Object(Symfony\\Component\\Console\\Input\\ArgvInput), Object(Symfony\\Component\\Console\\Output\\ConsoleOutput))
#46 C:\\Users\\Dalia\\OneDrive\\Desktop\\WorkSpace\\pulardapontenaquinta\\rotasdeteste\\artisan(16): Illuminate\\Foundation\\Application->handleCommand(Object(Symfony\\Component\\Console\\Input\\ArgvInput))
#47 {main}
"} 
[2025-04-17 03:02:03] local.ERROR: SQLSTATE[42S22]: Column not found: 1054 Unknown column 'email_admin' in 'field list' (Connection: mysql, SQL: update `admins` set `senha` = 84147, `nm_admin` = ?, `email_admin` = ?, `admins`.`updated_at` = 2025-04-17 03:02:03 where `id` = 1) {"exception":"[object] (Illuminate\\Database\\QueryException(code: 42S22): SQLSTATE[42S22]: Column not found: 1054 Unknown column 'email_admin' in 'field list' (Connection: mysql, SQL: update `admins` set `senha` = 84147, `nm_admin` = ?, `email_admin` = ?, `admins`.`updated_at` = 2025-04-17 03:02:03 where `id` = 1) at C:\\Users\\Dalia\\OneDrive\\Desktop\\WorkSpace\\pulardapontenaquinta\\rotasdeteste\\vendor\\laravel\\framework\\src\\Illuminate\\Database\\Connection.php:822)
[stacktrace]
#0 C:\\Users\\Dalia\\OneDrive\\Desktop\\WorkSpace\\pulardapontenaquinta\\rotasdeteste\\vendor\\laravel\\framework\\src\\Illuminate\\Database\\Connection.php(776): Illuminate\\Database\\Connection->runQueryCallback('update `admins`...', Array, Object(Closure))
#1 C:\\Users\\Dalia\\OneDrive\\Desktop\\WorkSpace\\pulardapontenaquinta\\rotasdeteste\\vendor\\laravel\\framework\\src\\Illuminate\\Database\\Connection.php(581): Illuminate\\Database\\Connection->run('update `admins`...', Array, Object(Closure))
#2 C:\\Users\\Dalia\\OneDrive\\Desktop\\WorkSpace\\pulardapontenaquinta\\rotasdeteste\\vendor\\laravel\\framework\\src\\Illuminate\\Database\\Connection.php(533): Illuminate\\Database\\Connection->affectingStatement('update `admins`...', Array)
#3 C:\\Users\\Dalia\\OneDrive\\Desktop\\WorkSpace\\pulardapontenaquinta\\rotasdeteste\\vendor\\laravel\\framework\\src\\Illuminate\\Database\\Query\\Builder.php(3833): Illuminate\\Database\\Connection->update('update `admins`...', Array)
#4 C:\\Users\\Dalia\\OneDrive\\Desktop\\WorkSpace\\pulardapontenaquinta\\rotasdeteste\\vendor\\laravel\\framework\\src\\Illuminate\\Database\\Eloquent\\Builder.php(1174): Illuminate\\Database\\Query\\Builder->update(Object(Illuminate\\Support\\Collection))
#5 C:\\Users\\Dalia\\OneDrive\\Desktop\\WorkSpace\\pulardapontenaquinta\\rotasdeteste\\vendor\\laravel\\framework\\src\\Illuminate\\Database\\Eloquent\\Model.php(1241): Illuminate\\Database\\Eloquent\\Builder->update(Array)
#6 C:\\Users\\Dalia\\OneDrive\\Desktop\\WorkSpace\\pulardapontenaquinta\\rotasdeteste\\vendor\\laravel\\framework\\src\\Illuminate\\Database\\Eloquent\\Model.php(1158): Illuminate\\Database\\Eloquent\\Model->performUpdate(Object(Illuminate\\Database\\Eloquent\\Builder))
#7 C:\\Users\\Dalia\\OneDrive\\Desktop\\WorkSpace\\pulardapontenaquinta\\rotasdeteste\\app\\Http\\Controllers\\AdminController.php(108): Illuminate\\Database\\Eloquent\\Model->save()
#8 C:\\Users\\Dalia\\OneDrive\\Desktop\\WorkSpace\\pulardapontenaquinta\\rotasdeteste\\vendor\\laravel\\framework\\src\\Illuminate\\Routing\\ControllerDispatcher.php(46): App\\Http\\Controllers\\AdminController->update(Object(Illuminate\\Http\\Request), '1')
#9 C:\\Users\\Dalia\\OneDrive\\Desktop\\WorkSpace\\pulardapontenaquinta\\rotasdeteste\\vendor\\laravel\\framework\\src\\Illuminate\\Routing\\Route.php(265): Illuminate\\Routing\\ControllerDispatcher->dispatch(Object(Illuminate\\Routing\\Route), Object(App\\Http\\Controllers\\AdminController), 'update')
#10 C:\\Users\\Dalia\\OneDrive\\Desktop\\WorkSpace\\pulardapontenaquinta\\rotasdeteste\\vendor\\laravel\\framework\\src\\Illuminate\\Routing\\Route.php(211): Illuminate\\Routing\\Route->runController()
#11 C:\\Users\\Dalia\\OneDrive\\Desktop\\WorkSpace\\pulardapontenaquinta\\rotasdeteste\\vendor\\laravel\\framework\\src\\Illuminate\\Routing\\Router.php(808): Illuminate\\Routing\\Route->run()
#12 C:\\Users\\Dalia\\OneDrive\\Desktop\\WorkSpace\\pulardapontenaquinta\\rotasdeteste\\vendor\\laravel\\framework\\src\\Illuminate\\Pipeline\\Pipeline.php(169): Illuminate\\Routing\\Router->Illuminate\\Routing\\{closure}(Object(Illuminate\\Http\\Request))
#13 C:\\Users\\Dalia\\OneDrive\\Desktop\\WorkSpace\\pulardapontenaquinta\\rotasdeteste\\vendor\\laravel\\framework\\src\\Illuminate\\Routing\\Middleware\\SubstituteBindings.php(50): Illuminate\\Pipeline\\Pipeline->Illuminate\\Pipeline\\{closure}(Object(Illuminate\\Http\\Request))
#14 C:\\Users\\Dalia\\OneDrive\\Desktop\\WorkSpace\\pulardapontenaquinta\\rotasdeteste\\vendor\\laravel\\framework\\src\\Illuminate\\Pipeline\\Pipeline.php(208): Illuminate\\Routing\\Middleware\\SubstituteBindings->handle(Object(Illuminate\\Http\\Request), Object(Closure))
#15 C:\\Users\\Dalia\\OneDrive\\Desktop\\WorkSpace\\pulardapontenaquinta\\rotasdeteste\\vendor\\laravel\\framework\\src\\Illuminate\\Pipeline\\Pipeline.php(126): Illuminate\\Pipeline\\Pipeline->Illuminate\\Pipeline\\{closure}(Object(Illuminate\\Http\\Request))
#16 C:\\Users\\Dalia\\OneDrive\\Desktop\\WorkSpace\\pulardapontenaquinta\\rotasdeteste\\vendor\\laravel\\framework\\src\\Illuminate\\Routing\\Router.php(807): Illuminate\\Pipeline\\Pipeline->then(Object(Closure))
#17 C:\\Users\\Dalia\\OneDrive\\Desktop\\WorkSpace\\pulardapontenaquinta\\rotasdeteste\\vendor\\laravel\\framework\\src\\Illuminate\\Routing\\Router.php(786): Illuminate\\Routing\\Router->runRouteWithinStack(Object(Illuminate\\Routing\\Route), Object(Illuminate\\Http\\Request))
#18 C:\\Users\\Dalia\\OneDrive\\Desktop\\WorkSpace\\pulardapontenaquinta\\rotasdeteste\\vendor\\laravel\\framework\\src\\Illuminate\\Routing\\Router.php(750): Illuminate\\Routing\\Router->runRoute(Object(Illuminate\\Http\\Request), Object(Illuminate\\Routing\\Route))
#19 C:\\Users\\Dalia\\OneDrive\\Desktop\\WorkSpace\\pulardapontenaquinta\\rotasdeteste\\vendor\\laravel\\framework\\src\\Illuminate\\Routing\\Router.php(739): Illuminate\\Routing\\Router->dispatchToRoute(Object(Illuminate\\Http\\Request))
#20 C:\\Users\\Dalia\\OneDrive\\Desktop\\WorkSpace\\pulardapontenaquinta\\rotasdeteste\\vendor\\laravel\\framework\\src\\Illuminate\\Foundation\\Http\\Kernel.php(200): Illuminate\\Routing\\Router->dispatch(Object(Illuminate\\Http\\Request))
#21 C:\\Users\\Dalia\\OneDrive\\Desktop\\WorkSpace\\pulardapontenaquinta\\rotasdeteste\\vendor\\laravel\\framework\\src\\Illuminate\\Pipeline\\Pipeline.php(169): Illuminate\\Foundation\\Http\\Kernel->Illuminate\\Foundation\\Http\\{closure}(Object(Illuminate\\Http\\Request))
#22 C:\\Users\\Dalia\\OneDrive\\Desktop\\WorkSpace\\pulardapontenaquinta\\rotasdeteste\\vendor\\laravel\\framework\\src\\Illuminate\\Foundation\\Http\\Middleware\\TransformsRequest.php(21): Illuminate\\Pipeline\\Pipeline->Illuminate\\Pipeline\\{closure}(Object(Illuminate\\Http\\Request))
#23 C:\\Users\\Dalia\\OneDrive\\Desktop\\WorkSpace\\pulardapontenaquinta\\rotasdeteste\\vendor\\laravel\\framework\\src\\Illuminate\\Foundation\\Http\\Middleware\\ConvertEmptyStringsToNull.php(31): Illuminate\\Foundation\\Http\\Middleware\\TransformsRequest->handle(Object(Illuminate\\Http\\Request), Object(Closure))
#24 C:\\Users\\Dalia\\OneDrive\\Desktop\\WorkSpace\\pulardapontenaquinta\\rotasdeteste\\vendor\\laravel\\framework\\src\\Illuminate\\Pipeline\\Pipeline.php(208): Illuminate\\Foundation\\Http\\Middleware\\ConvertEmptyStringsToNull->handle(Object(Illuminate\\Http\\Request), Object(Closure))
#25 C:\\Users\\Dalia\\OneDrive\\Desktop\\WorkSpace\\pulardapontenaquinta\\rotasdeteste\\vendor\\laravel\\framework\\src\\Illuminate\\Foundation\\Http\\Middleware\\TransformsRequest.php(21): Illuminate\\Pipeline\\Pipeline->Illuminate\\Pipeline\\{closure}(Object(Illuminate\\Http\\Request))
#26 C:\\Users\\Dalia\\OneDrive\\Desktop\\WorkSpace\\pulardapontenaquinta\\rotasdeteste\\vendor\\laravel\\framework\\src\\Illuminate\\Foundation\\Http\\Middleware\\TrimStrings.php(51): Illuminate\\Foundation\\Http\\Middleware\\TransformsRequest->handle(Object(Illuminate\\Http\\Request), Object(Closure))
#27 C:\\Users\\Dalia\\OneDrive\\Desktop\\WorkSpace\\pulardapontenaquinta\\rotasdeteste\\vendor\\laravel\\framework\\src\\Illuminate\\Pipeline\\Pipeline.php(208): Illuminate\\Foundation\\Http\\Middleware\\TrimStrings->handle(Object(Illuminate\\Http\\Request), Object(Closure))
#28 C:\\Users\\Dalia\\OneDrive\\Desktop\\WorkSpace\\pulardapontenaquinta\\rotasdeteste\\vendor\\laravel\\framework\\src\\Illuminate\\Http\\Middleware\\ValidatePostSize.php(27): Illuminate\\Pipeline\\Pipeline->Illuminate\\Pipeline\\{closure}(Object(Illuminate\\Http\\Request))
#29 C:\\Users\\Dalia\\OneDrive\\Desktop\\WorkSpace\\pulardapontenaquinta\\rotasdeteste\\vendor\\laravel\\framework\\src\\Illuminate\\Pipeline\\Pipeline.php(208): Illuminate\\Http\\Middleware\\ValidatePostSize->handle(Object(Illuminate\\Http\\Request), Object(Closure))
#30 C:\\Users\\Dalia\\OneDrive\\Desktop\\WorkSpace\\pulardapontenaquinta\\rotasdeteste\\vendor\\laravel\\framework\\src\\Illuminate\\Foundation\\Http\\Middleware\\PreventRequestsDuringMaintenance.php(109): Illuminate\\Pipeline\\Pipeline->Illuminate\\Pipeline\\{closure}(Object(Illuminate\\Http\\Request))
#31 C:\\Users\\Dalia\\OneDrive\\Desktop\\WorkSpace\\pulardapontenaquinta\\rotasdeteste\\vendor\\laravel\\framework\\src\\Illuminate\\Pipeline\\Pipeline.php(208): Illuminate\\Foundation\\Http\\Middleware\\PreventRequestsDuringMaintenance->handle(Object(Illuminate\\Http\\Request), Object(Closure))
#32 C:\\Users\\Dalia\\OneDrive\\Desktop\\WorkSpace\\pulardapontenaquinta\\rotasdeteste\\vendor\\laravel\\framework\\src\\Illuminate\\Http\\Middleware\\HandleCors.php(61): Illuminate\\Pipeline\\Pipeline->Illuminate\\Pipeline\\{closure}(Object(Illuminate\\Http\\Request))
#33 C:\\Users\\Dalia\\OneDrive\\Desktop\\WorkSpace\\pulardapontenaquinta\\rotasdeteste\\vendor\\laravel\\framework\\src\\Illuminate\\Pipeline\\Pipeline.php(208): Illuminate\\Http\\Middleware\\HandleCors->handle(Object(Illuminate\\Http\\Request), Object(Closure))
#34 C:\\Users\\Dalia\\OneDrive\\Desktop\\WorkSpace\\pulardapontenaquinta\\rotasdeteste\\vendor\\laravel\\framework\\src\\Illuminate\\Http\\Middleware\\TrustProxies.php(58): Illuminate\\Pipeline\\Pipeline->Illuminate\\Pipeline\\{closure}(Object(Illuminate\\Http\\Request))
#35 C:\\Users\\Dalia\\OneDrive\\Desktop\\WorkSpace\\pulardapontenaquinta\\rotasdeteste\\vendor\\laravel\\framework\\src\\Illuminate\\Pipeline\\Pipeline.php(208): Illuminate\\Http\\Middleware\\TrustProxies->handle(Object(Illuminate\\Http\\Request), Object(Closure))
#36 C:\\Users\\Dalia\\OneDrive\\Desktop\\WorkSpace\\pulardapontenaquinta\\rotasdeteste\\vendor\\laravel\\framework\\src\\Illuminate\\Foundation\\Http\\Middleware\\InvokeDeferredCallbacks.php(22): Illuminate\\Pipeline\\Pipeline->Illuminate\\Pipeline\\{closure}(Object(Illuminate\\Http\\Request))
#37 C:\\Users\\Dalia\\OneDrive\\Desktop\\WorkSpace\\pulardapontenaquinta\\rotasdeteste\\vendor\\laravel\\framework\\src\\Illuminate\\Pipeline\\Pipeline.php(208): Illuminate\\Foundation\\Http\\Middleware\\InvokeDeferredCallbacks->handle(Object(Illuminate\\Http\\Request), Object(Closure))
#38 C:\\Users\\Dalia\\OneDrive\\Desktop\\WorkSpace\\pulardapontenaquinta\\rotasdeteste\\vendor\\laravel\\framework\\src\\Illuminate\\Http\\Middleware\\ValidatePathEncoding.php(26): Illuminate\\Pipeline\\Pipeline->Illuminate\\Pipeline\\{closure}(Object(Illuminate\\Http\\Request))
#39 C:\\Users\\Dalia\\OneDrive\\Desktop\\WorkSpace\\pulardapontenaquinta\\rotasdeteste\\vendor\\laravel\\framework\\src\\Illuminate\\Pipeline\\Pipeline.php(208): Illuminate\\Http\\Middleware\\ValidatePathEncoding->handle(Object(Illuminate\\Http\\Request), Object(Closure))
#40 C:\\Users\\Dalia\\OneDrive\\Desktop\\WorkSpace\\pulardapontenaquinta\\rotasdeteste\\vendor\\laravel\\framework\\src\\Illuminate\\Pipeline\\Pipeline.php(126): Illuminate\\Pipeline\\Pipeline->Illuminate\\Pipeline\\{closure}(Object(Illuminate\\Http\\Request))
#41 C:\\Users\\Dalia\\OneDrive\\Desktop\\WorkSpace\\pulardapontenaquinta\\rotasdeteste\\vendor\\laravel\\framework\\src\\Illuminate\\Foundation\\Http\\Kernel.php(175): Illuminate\\Pipeline\\Pipeline->then(Object(Closure))
#42 C:\\Users\\Dalia\\OneDrive\\Desktop\\WorkSpace\\pulardapontenaquinta\\rotasdeteste\\vendor\\laravel\\framework\\src\\Illuminate\\Foundation\\Http\\Kernel.php(144): Illuminate\\Foundation\\Http\\Kernel->sendRequestThroughRouter(Object(Illuminate\\Http\\Request))
#43 C:\\Users\\Dalia\\OneDrive\\Desktop\\WorkSpace\\pulardapontenaquinta\\rotasdeteste\\vendor\\laravel\\framework\\src\\Illuminate\\Foundation\\Application.php(1219): Illuminate\\Foundation\\Http\\Kernel->handle(Object(Illuminate\\Http\\Request))
#44 C:\\Users\\Dalia\\OneDrive\\Desktop\\WorkSpace\\pulardapontenaquinta\\rotasdeteste\\public\\index.php(20): Illuminate\\Foundation\\Application->handleRequest(Object(Illuminate\\Http\\Request))
#45 C:\\Users\\Dalia\\OneDrive\\Desktop\\WorkSpace\\pulardapontenaquinta\\rotasdeteste\\vendor\\laravel\\framework\\src\\Illuminate\\Foundation\\resources\\server.php(23): require_once('C:\\\\Users\\\\Dalia\\\\...')
#46 {main}

[previous exception] [object] (PDOException(code: 42S22): SQLSTATE[42S22]: Column not found: 1054 Unknown column 'email_admin' in 'field list' at C:\\Users\\Dalia\\OneDrive\\Desktop\\WorkSpace\\pulardapontenaquinta\\rotasdeteste\\vendor\\laravel\\framework\\src\\Illuminate\\Database\\Connection.php:589)
[stacktrace]
#0 C:\\Users\\Dalia\\OneDrive\\Desktop\\WorkSpace\\pulardapontenaquinta\\rotasdeteste\\vendor\\laravel\\framework\\src\\Illuminate\\Database\\Connection.php(589): PDO->prepare('update `admins`...')
#1 C:\\Users\\Dalia\\OneDrive\\Desktop\\WorkSpace\\pulardapontenaquinta\\rotasdeteste\\vendor\\laravel\\framework\\src\\Illuminate\\Database\\Connection.php(809): Illuminate\\Database\\Connection->Illuminate\\Database\\{closure}('update `admins`...', Array)
#2 C:\\Users\\Dalia\\OneDrive\\Desktop\\WorkSpace\\pulardapontenaquinta\\rotasdeteste\\vendor\\laravel\\framework\\src\\Illuminate\\Database\\Connection.php(776): Illuminate\\Database\\Connection->runQueryCallback('update `admins`...', Array, Object(Closure))
#3 C:\\Users\\Dalia\\OneDrive\\Desktop\\WorkSpace\\pulardapontenaquinta\\rotasdeteste\\vendor\\laravel\\framework\\src\\Illuminate\\Database\\Connection.php(581): Illuminate\\Database\\Connection->run('update `admins`...', Array, Object(Closure))
#4 C:\\Users\\Dalia\\OneDrive\\Desktop\\WorkSpace\\pulardapontenaquinta\\rotasdeteste\\vendor\\laravel\\framework\\src\\Illuminate\\Database\\Connection.php(533): Illuminate\\Database\\Connection->affectingStatement('update `admins`...', Array)
#5 C:\\Users\\Dalia\\OneDrive\\Desktop\\WorkSpace\\pulardapontenaquinta\\rotasdeteste\\vendor\\laravel\\framework\\src\\Illuminate\\Database\\Query\\Builder.php(3833): Illuminate\\Database\\Connection->update('update `admins`...', Array)
#6 C:\\Users\\Dalia\\OneDrive\\Desktop\\WorkSpace\\pulardapontenaquinta\\rotasdeteste\\vendor\\laravel\\framework\\src\\Illuminate\\Database\\Eloquent\\Builder.php(1174): Illuminate\\Database\\Query\\Builder->update(Object(Illuminate\\Support\\Collection))
#7 C:\\Users\\Dalia\\OneDrive\\Desktop\\WorkSpace\\pulardapontenaquinta\\rotasdeteste\\vendor\\laravel\\framework\\src\\Illuminate\\Database\\Eloquent\\Model.php(1241): Illuminate\\Database\\Eloquent\\Builder->update(Array)
#8 C:\\Users\\Dalia\\OneDrive\\Desktop\\WorkSpace\\pulardapontenaquinta\\rotasdeteste\\vendor\\laravel\\framework\\src\\Illuminate\\Database\\Eloquent\\Model.php(1158): Illuminate\\Database\\Eloquent\\Model->performUpdate(Object(Illuminate\\Database\\Eloquent\\Builder))
#9 C:\\Users\\Dalia\\OneDrive\\Desktop\\WorkSpace\\pulardapontenaquinta\\rotasdeteste\\app\\Http\\Controllers\\AdminController.php(108): Illuminate\\Database\\Eloquent\\Model->save()
#10 C:\\Users\\Dalia\\OneDrive\\Desktop\\WorkSpace\\pulardapontenaquinta\\rotasdeteste\\vendor\\laravel\\framework\\src\\Illuminate\\Routing\\ControllerDispatcher.php(46): App\\Http\\Controllers\\AdminController->update(Object(Illuminate\\Http\\Request), '1')
#11 C:\\Users\\Dalia\\OneDrive\\Desktop\\WorkSpace\\pulardapontenaquinta\\rotasdeteste\\vendor\\laravel\\framework\\src\\Illuminate\\Routing\\Route.php(265): Illuminate\\Routing\\ControllerDispatcher->dispatch(Object(Illuminate\\Routing\\Route), Object(App\\Http\\Controllers\\AdminController), 'update')
#12 C:\\Users\\Dalia\\OneDrive\\Desktop\\WorkSpace\\pulardapontenaquinta\\rotasdeteste\\vendor\\laravel\\framework\\src\\Illuminate\\Routing\\Route.php(211): Illuminate\\Routing\\Route->runController()
#13 C:\\Users\\Dalia\\OneDrive\\Desktop\\WorkSpace\\pulardapontenaquinta\\rotasdeteste\\vendor\\laravel\\framework\\src\\Illuminate\\Routing\\Router.php(808): Illuminate\\Routing\\Route->run()
#14 C:\\Users\\Dalia\\OneDrive\\Desktop\\WorkSpace\\pulardapontenaquinta\\rotasdeteste\\vendor\\laravel\\framework\\src\\Illuminate\\Pipeline\\Pipeline.php(169): Illuminate\\Routing\\Router->Illuminate\\Routing\\{closure}(Object(Illuminate\\Http\\Request))
#15 C:\\Users\\Dalia\\OneDrive\\Desktop\\WorkSpace\\pulardapontenaquinta\\rotasdeteste\\vendor\\laravel\\framework\\src\\Illuminate\\Routing\\Middleware\\SubstituteBindings.php(50): Illuminate\\Pipeline\\Pipeline->Illuminate\\Pipeline\\{closure}(Object(Illuminate\\Http\\Request))
#16 C:\\Users\\Dalia\\OneDrive\\Desktop\\WorkSpace\\pulardapontenaquinta\\rotasdeteste\\vendor\\laravel\\framework\\src\\Illuminate\\Pipeline\\Pipeline.php(208): Illuminate\\Routing\\Middleware\\SubstituteBindings->handle(Object(Illuminate\\Http\\Request), Object(Closure))
#17 C:\\Users\\Dalia\\OneDrive\\Desktop\\WorkSpace\\pulardapontenaquinta\\rotasdeteste\\vendor\\laravel\\framework\\src\\Illuminate\\Pipeline\\Pipeline.php(126): Illuminate\\Pipeline\\Pipeline->Illuminate\\Pipeline\\{closure}(Object(Illuminate\\Http\\Request))
#18 C:\\Users\\Dalia\\OneDrive\\Desktop\\WorkSpace\\pulardapontenaquinta\\rotasdeteste\\vendor\\laravel\\framework\\src\\Illuminate\\Routing\\Router.php(807): Illuminate\\Pipeline\\Pipeline->then(Object(Closure))
#19 C:\\Users\\Dalia\\OneDrive\\Desktop\\WorkSpace\\pulardapontenaquinta\\rotasdeteste\\vendor\\laravel\\framework\\src\\Illuminate\\Routing\\Router.php(786): Illuminate\\Routing\\Router->runRouteWithinStack(Object(Illuminate\\Routing\\Route), Object(Illuminate\\Http\\Request))
#20 C:\\Users\\Dalia\\OneDrive\\Desktop\\WorkSpace\\pulardapontenaquinta\\rotasdeteste\\vendor\\laravel\\framework\\src\\Illuminate\\Routing\\Router.php(750): Illuminate\\Routing\\Router->runRoute(Object(Illuminate\\Http\\Request), Object(Illuminate\\Routing\\Route))
#21 C:\\Users\\Dalia\\OneDrive\\Desktop\\WorkSpace\\pulardapontenaquinta\\rotasdeteste\\vendor\\laravel\\framework\\src\\Illuminate\\Routing\\Router.php(739): Illuminate\\Routing\\Router->dispatchToRoute(Object(Illuminate\\Http\\Request))
#22 C:\\Users\\Dalia\\OneDrive\\Desktop\\WorkSpace\\pulardapontenaquinta\\rotasdeteste\\vendor\\laravel\\framework\\src\\Illuminate\\Foundation\\Http\\Kernel.php(200): Illuminate\\Routing\\Router->dispatch(Object(Illuminate\\Http\\Request))
#23 C:\\Users\\Dalia\\OneDrive\\Desktop\\WorkSpace\\pulardapontenaquinta\\rotasdeteste\\vendor\\laravel\\framework\\src\\Illuminate\\Pipeline\\Pipeline.php(169): Illuminate\\Foundation\\Http\\Kernel->Illuminate\\Foundation\\Http\\{closure}(Object(Illuminate\\Http\\Request))
#24 C:\\Users\\Dalia\\OneDrive\\Desktop\\WorkSpace\\pulardapontenaquinta\\rotasdeteste\\vendor\\laravel\\framework\\src\\Illuminate\\Foundation\\Http\\Middleware\\TransformsRequest.php(21): Illuminate\\Pipeline\\Pipeline->Illuminate\\Pipeline\\{closure}(Object(Illuminate\\Http\\Request))
#25 C:\\Users\\Dalia\\OneDrive\\Desktop\\WorkSpace\\pulardapontenaquinta\\rotasdeteste\\vendor\\laravel\\framework\\src\\Illuminate\\Foundation\\Http\\Middleware\\ConvertEmptyStringsToNull.php(31): Illuminate\\Foundation\\Http\\Middleware\\TransformsRequest->handle(Object(Illuminate\\Http\\Request), Object(Closure))
#26 C:\\Users\\Dalia\\OneDrive\\Desktop\\WorkSpace\\pulardapontenaquinta\\rotasdeteste\\vendor\\laravel\\framework\\src\\Illuminate\\Pipeline\\Pipeline.php(208): Illuminate\\Foundation\\Http\\Middleware\\ConvertEmptyStringsToNull->handle(Object(Illuminate\\Http\\Request), Object(Closure))
#27 C:\\Users\\Dalia\\OneDrive\\Desktop\\WorkSpace\\pulardapontenaquinta\\rotasdeteste\\vendor\\laravel\\framework\\src\\Illuminate\\Foundation\\Http\\Middleware\\TransformsRequest.php(21): Illuminate\\Pipeline\\Pipeline->Illuminate\\Pipeline\\{closure}(Object(Illuminate\\Http\\Request))
#28 C:\\Users\\Dalia\\OneDrive\\Desktop\\WorkSpace\\pulardapontenaquinta\\rotasdeteste\\vendor\\laravel\\framework\\src\\Illuminate\\Foundation\\Http\\Middleware\\TrimStrings.php(51): Illuminate\\Foundation\\Http\\Middleware\\TransformsRequest->handle(Object(Illuminate\\Http\\Request), Object(Closure))
#29 C:\\Users\\Dalia\\OneDrive\\Desktop\\WorkSpace\\pulardapontenaquinta\\rotasdeteste\\vendor\\laravel\\framework\\src\\Illuminate\\Pipeline\\Pipeline.php(208): Illuminate\\Foundation\\Http\\Middleware\\TrimStrings->handle(Object(Illuminate\\Http\\Request), Object(Closure))
#30 C:\\Users\\Dalia\\OneDrive\\Desktop\\WorkSpace\\pulardapontenaquinta\\rotasdeteste\\vendor\\laravel\\framework\\src\\Illuminate\\Http\\Middleware\\ValidatePostSize.php(27): Illuminate\\Pipeline\\Pipeline->Illuminate\\Pipeline\\{closure}(Object(Illuminate\\Http\\Request))
#31 C:\\Users\\Dalia\\OneDrive\\Desktop\\WorkSpace\\pulardapontenaquinta\\rotasdeteste\\vendor\\laravel\\framework\\src\\Illuminate\\Pipeline\\Pipeline.php(208): Illuminate\\Http\\Middleware\\ValidatePostSize->handle(Object(Illuminate\\Http\\Request), Object(Closure))
#32 C:\\Users\\Dalia\\OneDrive\\Desktop\\WorkSpace\\pulardapontenaquinta\\rotasdeteste\\vendor\\laravel\\framework\\src\\Illuminate\\Foundation\\Http\\Middleware\\PreventRequestsDuringMaintenance.php(109): Illuminate\\Pipeline\\Pipeline->Illuminate\\Pipeline\\{closure}(Object(Illuminate\\Http\\Request))
#33 C:\\Users\\Dalia\\OneDrive\\Desktop\\WorkSpace\\pulardapontenaquinta\\rotasdeteste\\vendor\\laravel\\framework\\src\\Illuminate\\Pipeline\\Pipeline.php(208): Illuminate\\Foundation\\Http\\Middleware\\PreventRequestsDuringMaintenance->handle(Object(Illuminate\\Http\\Request), Object(Closure))
#34 C:\\Users\\Dalia\\OneDrive\\Desktop\\WorkSpace\\pulardapontenaquinta\\rotasdeteste\\vendor\\laravel\\framework\\src\\Illuminate\\Http\\Middleware\\HandleCors.php(61): Illuminate\\Pipeline\\Pipeline->Illuminate\\Pipeline\\{closure}(Object(Illuminate\\Http\\Request))
#35 C:\\Users\\Dalia\\OneDrive\\Desktop\\WorkSpace\\pulardapontenaquinta\\rotasdeteste\\vendor\\laravel\\framework\\src\\Illuminate\\Pipeline\\Pipeline.php(208): Illuminate\\Http\\Middleware\\HandleCors->handle(Object(Illuminate\\Http\\Request), Object(Closure))
#36 C:\\Users\\Dalia\\OneDrive\\Desktop\\WorkSpace\\pulardapontenaquinta\\rotasdeteste\\vendor\\laravel\\framework\\src\\Illuminate\\Http\\Middleware\\TrustProxies.php(58): Illuminate\\Pipeline\\Pipeline->Illuminate\\Pipeline\\{closure}(Object(Illuminate\\Http\\Request))
#37 C:\\Users\\Dalia\\OneDrive\\Desktop\\WorkSpace\\pulardapontenaquinta\\rotasdeteste\\vendor\\laravel\\framework\\src\\Illuminate\\Pipeline\\Pipeline.php(208): Illuminate\\Http\\Middleware\\TrustProxies->handle(Object(Illuminate\\Http\\Request), Object(Closure))
#38 C:\\Users\\Dalia\\OneDrive\\Desktop\\WorkSpace\\pulardapontenaquinta\\rotasdeteste\\vendor\\laravel\\framework\\src\\Illuminate\\Foundation\\Http\\Middleware\\InvokeDeferredCallbacks.php(22): Illuminate\\Pipeline\\Pipeline->Illuminate\\Pipeline\\{closure}(Object(Illuminate\\Http\\Request))
#39 C:\\Users\\Dalia\\OneDrive\\Desktop\\WorkSpace\\pulardapontenaquinta\\rotasdeteste\\vendor\\laravel\\framework\\src\\Illuminate\\Pipeline\\Pipeline.php(208): Illuminate\\Foundation\\Http\\Middleware\\InvokeDeferredCallbacks->handle(Object(Illuminate\\Http\\Request), Object(Closure))
#40 C:\\Users\\Dalia\\OneDrive\\Desktop\\WorkSpace\\pulardapontenaquinta\\rotasdeteste\\vendor\\laravel\\framework\\src\\Illuminate\\Http\\Middleware\\ValidatePathEncoding.php(26): Illuminate\\Pipeline\\Pipeline->Illuminate\\Pipeline\\{closure}(Object(Illuminate\\Http\\Request))
#41 C:\\Users\\Dalia\\OneDrive\\Desktop\\WorkSpace\\pulardapontenaquinta\\rotasdeteste\\vendor\\laravel\\framework\\src\\Illuminate\\Pipeline\\Pipeline.php(208): Illuminate\\Http\\Middleware\\ValidatePathEncoding->handle(Object(Illuminate\\Http\\Request), Object(Closure))
#42 C:\\Users\\Dalia\\OneDrive\\Desktop\\WorkSpace\\pulardapontenaquinta\\rotasdeteste\\vendor\\laravel\\framework\\src\\Illuminate\\Pipeline\\Pipeline.php(126): Illuminate\\Pipeline\\Pipeline->Illuminate\\Pipeline\\{closure}(Object(Illuminate\\Http\\Request))
#43 C:\\Users\\Dalia\\OneDrive\\Desktop\\WorkSpace\\pulardapontenaquinta\\rotasdeteste\\vendor\\laravel\\framework\\src\\Illuminate\\Foundation\\Http\\Kernel.php(175): Illuminate\\Pipeline\\Pipeline->then(Object(Closure))
#44 C:\\Users\\Dalia\\OneDrive\\Desktop\\WorkSpace\\pulardapontenaquinta\\rotasdeteste\\vendor\\laravel\\framework\\src\\Illuminate\\Foundation\\Http\\Kernel.php(144): Illuminate\\Foundation\\Http\\Kernel->sendRequestThroughRouter(Object(Illuminate\\Http\\Request))
#45 C:\\Users\\Dalia\\OneDrive\\Desktop\\WorkSpace\\pulardapontenaquinta\\rotasdeteste\\vendor\\laravel\\framework\\src\\Illuminate\\Foundation\\Application.php(1219): Illuminate\\Foundation\\Http\\Kernel->handle(Object(Illuminate\\Http\\Request))
#46 C:\\Users\\Dalia\\OneDrive\\Desktop\\WorkSpace\\pulardapontenaquinta\\rotasdeteste\\public\\index.php(20): Illuminate\\Foundation\\Application->handleRequest(Object(Illuminate\\Http\\Request))
#47 C:\\Users\\Dalia\\OneDrive\\Desktop\\WorkSpace\\pulardapontenaquinta\\rotasdeteste\\vendor\\laravel\\framework\\src\\Illuminate\\Foundation\\resources\\server.php(23): require_once('C:\\\\Users\\\\Dalia\\\\...')
#48 {main}
"} 
[2025-04-17 03:04:24] local.ERROR: SQLSTATE[23000]: Integrity constraint violation: 1048 Column 'NM_admin' cannot be null (Connection: mysql, SQL: update `admins` set `NM_admin` = ?, `email` = vsvesdr@, `senha` = 84147, `admins`.`updated_at` = 2025-04-17 03:04:24 where `id` = 1) {"exception":"[object] (Illuminate\\Database\\QueryException(code: 23000): SQLSTATE[23000]: Integrity constraint violation: 1048 Column 'NM_admin' cannot be null (Connection: mysql, SQL: update `admins` set `NM_admin` = ?, `email` = vsvesdr@, `senha` = 84147, `admins`.`updated_at` = 2025-04-17 03:04:24 where `id` = 1) at C:\\Users\\Dalia\\OneDrive\\Desktop\\WorkSpace\\pulardapontenaquinta\\rotasdeteste\\vendor\\laravel\\framework\\src\\Illuminate\\Database\\Connection.php:822)
[stacktrace]
#0 C:\\Users\\Dalia\\OneDrive\\Desktop\\WorkSpace\\pulardapontenaquinta\\rotasdeteste\\vendor\\laravel\\framework\\src\\Illuminate\\Database\\Connection.php(776): Illuminate\\Database\\Connection->runQueryCallback('update `admins`...', Array, Object(Closure))
#1 C:\\Users\\Dalia\\OneDrive\\Desktop\\WorkSpace\\pulardapontenaquinta\\rotasdeteste\\vendor\\laravel\\framework\\src\\Illuminate\\Database\\Connection.php(581): Illuminate\\Database\\Connection->run('update `admins`...', Array, Object(Closure))
#2 C:\\Users\\Dalia\\OneDrive\\Desktop\\WorkSpace\\pulardapontenaquinta\\rotasdeteste\\vendor\\laravel\\framework\\src\\Illuminate\\Database\\Connection.php(533): Illuminate\\Database\\Connection->affectingStatement('update `admins`...', Array)
#3 C:\\Users\\Dalia\\OneDrive\\Desktop\\WorkSpace\\pulardapontenaquinta\\rotasdeteste\\vendor\\laravel\\framework\\src\\Illuminate\\Database\\Query\\Builder.php(3833): Illuminate\\Database\\Connection->update('update `admins`...', Array)
#4 C:\\Users\\Dalia\\OneDrive\\Desktop\\WorkSpace\\pulardapontenaquinta\\rotasdeteste\\vendor\\laravel\\framework\\src\\Illuminate\\Database\\Eloquent\\Builder.php(1174): Illuminate\\Database\\Query\\Builder->update(Object(Illuminate\\Support\\Collection))
#5 C:\\Users\\Dalia\\OneDrive\\Desktop\\WorkSpace\\pulardapontenaquinta\\rotasdeteste\\vendor\\laravel\\framework\\src\\Illuminate\\Database\\Eloquent\\Model.php(1241): Illuminate\\Database\\Eloquent\\Builder->update(Array)
#6 C:\\Users\\Dalia\\OneDrive\\Desktop\\WorkSpace\\pulardapontenaquinta\\rotasdeteste\\vendor\\laravel\\framework\\src\\Illuminate\\Database\\Eloquent\\Model.php(1158): Illuminate\\Database\\Eloquent\\Model->performUpdate(Object(Illuminate\\Database\\Eloquent\\Builder))
#7 C:\\Users\\Dalia\\OneDrive\\Desktop\\WorkSpace\\pulardapontenaquinta\\rotasdeteste\\app\\Http\\Controllers\\AdminController.php(109): Illuminate\\Database\\Eloquent\\Model->save()
#8 C:\\Users\\Dalia\\OneDrive\\Desktop\\WorkSpace\\pulardapontenaquinta\\rotasdeteste\\vendor\\laravel\\framework\\src\\Illuminate\\Routing\\ControllerDispatcher.php(46): App\\Http\\Controllers\\AdminController->update(Object(Illuminate\\Http\\Request), '1')
#9 C:\\Users\\Dalia\\OneDrive\\Desktop\\WorkSpace\\pulardapontenaquinta\\rotasdeteste\\vendor\\laravel\\framework\\src\\Illuminate\\Routing\\Route.php(265): Illuminate\\Routing\\ControllerDispatcher->dispatch(Object(Illuminate\\Routing\\Route), Object(App\\Http\\Controllers\\AdminController), 'update')
#10 C:\\Users\\Dalia\\OneDrive\\Desktop\\WorkSpace\\pulardapontenaquinta\\rotasdeteste\\vendor\\laravel\\framework\\src\\Illuminate\\Routing\\Route.php(211): Illuminate\\Routing\\Route->runController()
#11 C:\\Users\\Dalia\\OneDrive\\Desktop\\WorkSpace\\pulardapontenaquinta\\rotasdeteste\\vendor\\laravel\\framework\\src\\Illuminate\\Routing\\Router.php(808): Illuminate\\Routing\\Route->run()
#12 C:\\Users\\Dalia\\OneDrive\\Desktop\\WorkSpace\\pulardapontenaquinta\\rotasdeteste\\vendor\\laravel\\framework\\src\\Illuminate\\Pipeline\\Pipeline.php(169): Illuminate\\Routing\\Router->Illuminate\\Routing\\{closure}(Object(Illuminate\\Http\\Request))
#13 C:\\Users\\Dalia\\OneDrive\\Desktop\\WorkSpace\\pulardapontenaquinta\\rotasdeteste\\vendor\\laravel\\framework\\src\\Illuminate\\Routing\\Middleware\\SubstituteBindings.php(50): Illuminate\\Pipeline\\Pipeline->Illuminate\\Pipeline\\{closure}(Object(Illuminate\\Http\\Request))
#14 C:\\Users\\Dalia\\OneDrive\\Desktop\\WorkSpace\\pulardapontenaquinta\\rotasdeteste\\vendor\\laravel\\framework\\src\\Illuminate\\Pipeline\\Pipeline.php(208): Illuminate\\Routing\\Middleware\\SubstituteBindings->handle(Object(Illuminate\\Http\\Request), Object(Closure))
#15 C:\\Users\\Dalia\\OneDrive\\Desktop\\WorkSpace\\pulardapontenaquinta\\rotasdeteste\\vendor\\laravel\\framework\\src\\Illuminate\\Pipeline\\Pipeline.php(126): Illuminate\\Pipeline\\Pipeline->Illuminate\\Pipeline\\{closure}(Object(Illuminate\\Http\\Request))
#16 C:\\Users\\Dalia\\OneDrive\\Desktop\\WorkSpace\\pulardapontenaquinta\\rotasdeteste\\vendor\\laravel\\framework\\src\\Illuminate\\Routing\\Router.php(807): Illuminate\\Pipeline\\Pipeline->then(Object(Closure))
#17 C:\\Users\\Dalia\\OneDrive\\Desktop\\WorkSpace\\pulardapontenaquinta\\rotasdeteste\\vendor\\laravel\\framework\\src\\Illuminate\\Routing\\Router.php(786): Illuminate\\Routing\\Router->runRouteWithinStack(Object(Illuminate\\Routing\\Route), Object(Illuminate\\Http\\Request))
#18 C:\\Users\\Dalia\\OneDrive\\Desktop\\WorkSpace\\pulardapontenaquinta\\rotasdeteste\\vendor\\laravel\\framework\\src\\Illuminate\\Routing\\Router.php(750): Illuminate\\Routing\\Router->runRoute(Object(Illuminate\\Http\\Request), Object(Illuminate\\Routing\\Route))
#19 C:\\Users\\Dalia\\OneDrive\\Desktop\\WorkSpace\\pulardapontenaquinta\\rotasdeteste\\vendor\\laravel\\framework\\src\\Illuminate\\Routing\\Router.php(739): Illuminate\\Routing\\Router->dispatchToRoute(Object(Illuminate\\Http\\Request))
#20 C:\\Users\\Dalia\\OneDrive\\Desktop\\WorkSpace\\pulardapontenaquinta\\rotasdeteste\\vendor\\laravel\\framework\\src\\Illuminate\\Foundation\\Http\\Kernel.php(200): Illuminate\\Routing\\Router->dispatch(Object(Illuminate\\Http\\Request))
#21 C:\\Users\\Dalia\\OneDrive\\Desktop\\WorkSpace\\pulardapontenaquinta\\rotasdeteste\\vendor\\laravel\\framework\\src\\Illuminate\\Pipeline\\Pipeline.php(169): Illuminate\\Foundation\\Http\\Kernel->Illuminate\\Foundation\\Http\\{closure}(Object(Illuminate\\Http\\Request))
#22 C:\\Users\\Dalia\\OneDrive\\Desktop\\WorkSpace\\pulardapontenaquinta\\rotasdeteste\\vendor\\laravel\\framework\\src\\Illuminate\\Foundation\\Http\\Middleware\\TransformsRequest.php(21): Illuminate\\Pipeline\\Pipeline->Illuminate\\Pipeline\\{closure}(Object(Illuminate\\Http\\Request))
#23 C:\\Users\\Dalia\\OneDrive\\Desktop\\WorkSpace\\pulardapontenaquinta\\rotasdeteste\\vendor\\laravel\\framework\\src\\Illuminate\\Foundation\\Http\\Middleware\\ConvertEmptyStringsToNull.php(31): Illuminate\\Foundation\\Http\\Middleware\\TransformsRequest->handle(Object(Illuminate\\Http\\Request), Object(Closure))
#24 C:\\Users\\Dalia\\OneDrive\\Desktop\\WorkSpace\\pulardapontenaquinta\\rotasdeteste\\vendor\\laravel\\framework\\src\\Illuminate\\Pipeline\\Pipeline.php(208): Illuminate\\Foundation\\Http\\Middleware\\ConvertEmptyStringsToNull->handle(Object(Illuminate\\Http\\Request), Object(Closure))
#25 C:\\Users\\Dalia\\OneDrive\\Desktop\\WorkSpace\\pulardapontenaquinta\\rotasdeteste\\vendor\\laravel\\framework\\src\\Illuminate\\Foundation\\Http\\Middleware\\TransformsRequest.php(21): Illuminate\\Pipeline\\Pipeline->Illuminate\\Pipeline\\{closure}(Object(Illuminate\\Http\\Request))
#26 C:\\Users\\Dalia\\OneDrive\\Desktop\\WorkSpace\\pulardapontenaquinta\\rotasdeteste\\vendor\\laravel\\framework\\src\\Illuminate\\Foundation\\Http\\Middleware\\TrimStrings.php(51): Illuminate\\Foundation\\Http\\Middleware\\TransformsRequest->handle(Object(Illuminate\\Http\\Request), Object(Closure))
#27 C:\\Users\\Dalia\\OneDrive\\Desktop\\WorkSpace\\pulardapontenaquinta\\rotasdeteste\\vendor\\laravel\\framework\\src\\Illuminate\\Pipeline\\Pipeline.php(208): Illuminate\\Foundation\\Http\\Middleware\\TrimStrings->handle(Object(Illuminate\\Http\\Request), Object(Closure))
#28 C:\\Users\\Dalia\\OneDrive\\Desktop\\WorkSpace\\pulardapontenaquinta\\rotasdeteste\\vendor\\laravel\\framework\\src\\Illuminate\\Http\\Middleware\\ValidatePostSize.php(27): Illuminate\\Pipeline\\Pipeline->Illuminate\\Pipeline\\{closure}(Object(Illuminate\\Http\\Request))
#29 C:\\Users\\Dalia\\OneDrive\\Desktop\\WorkSpace\\pulardapontenaquinta\\rotasdeteste\\vendor\\laravel\\framework\\src\\Illuminate\\Pipeline\\Pipeline.php(208): Illuminate\\Http\\Middleware\\ValidatePostSize->handle(Object(Illuminate\\Http\\Request), Object(Closure))
#30 C:\\Users\\Dalia\\OneDrive\\Desktop\\WorkSpace\\pulardapontenaquinta\\rotasdeteste\\vendor\\laravel\\framework\\src\\Illuminate\\Foundation\\Http\\Middleware\\PreventRequestsDuringMaintenance.php(109): Illuminate\\Pipeline\\Pipeline->Illuminate\\Pipeline\\{closure}(Object(Illuminate\\Http\\Request))
#31 C:\\Users\\Dalia\\OneDrive\\Desktop\\WorkSpace\\pulardapontenaquinta\\rotasdeteste\\vendor\\laravel\\framework\\src\\Illuminate\\Pipeline\\Pipeline.php(208): Illuminate\\Foundation\\Http\\Middleware\\PreventRequestsDuringMaintenance->handle(Object(Illuminate\\Http\\Request), Object(Closure))
#32 C:\\Users\\Dalia\\OneDrive\\Desktop\\WorkSpace\\pulardapontenaquinta\\rotasdeteste\\vendor\\laravel\\framework\\src\\Illuminate\\Http\\Middleware\\HandleCors.php(61): Illuminate\\Pipeline\\Pipeline->Illuminate\\Pipeline\\{closure}(Object(Illuminate\\Http\\Request))
#33 C:\\Users\\Dalia\\OneDrive\\Desktop\\WorkSpace\\pulardapontenaquinta\\rotasdeteste\\vendor\\laravel\\framework\\src\\Illuminate\\Pipeline\\Pipeline.php(208): Illuminate\\Http\\Middleware\\HandleCors->handle(Object(Illuminate\\Http\\Request), Object(Closure))
#34 C:\\Users\\Dalia\\OneDrive\\Desktop\\WorkSpace\\pulardapontenaquinta\\rotasdeteste\\vendor\\laravel\\framework\\src\\Illuminate\\Http\\Middleware\\TrustProxies.php(58): Illuminate\\Pipeline\\Pipeline->Illuminate\\Pipeline\\{closure}(Object(Illuminate\\Http\\Request))
#35 C:\\Users\\Dalia\\OneDrive\\Desktop\\WorkSpace\\pulardapontenaquinta\\rotasdeteste\\vendor\\laravel\\framework\\src\\Illuminate\\Pipeline\\Pipeline.php(208): Illuminate\\Http\\Middleware\\TrustProxies->handle(Object(Illuminate\\Http\\Request), Object(Closure))
#36 C:\\Users\\Dalia\\OneDrive\\Desktop\\WorkSpace\\pulardapontenaquinta\\rotasdeteste\\vendor\\laravel\\framework\\src\\Illuminate\\Foundation\\Http\\Middleware\\InvokeDeferredCallbacks.php(22): Illuminate\\Pipeline\\Pipeline->Illuminate\\Pipeline\\{closure}(Object(Illuminate\\Http\\Request))
#37 C:\\Users\\Dalia\\OneDrive\\Desktop\\WorkSpace\\pulardapontenaquinta\\rotasdeteste\\vendor\\laravel\\framework\\src\\Illuminate\\Pipeline\\Pipeline.php(208): Illuminate\\Foundation\\Http\\Middleware\\InvokeDeferredCallbacks->handle(Object(Illuminate\\Http\\Request), Object(Closure))
#38 C:\\Users\\Dalia\\OneDrive\\Desktop\\WorkSpace\\pulardapontenaquinta\\rotasdeteste\\vendor\\laravel\\framework\\src\\Illuminate\\Http\\Middleware\\ValidatePathEncoding.php(26): Illuminate\\Pipeline\\Pipeline->Illuminate\\Pipeline\\{closure}(Object(Illuminate\\Http\\Request))
#39 C:\\Users\\Dalia\\OneDrive\\Desktop\\WorkSpace\\pulardapontenaquinta\\rotasdeteste\\vendor\\laravel\\framework\\src\\Illuminate\\Pipeline\\Pipeline.php(208): Illuminate\\Http\\Middleware\\ValidatePathEncoding->handle(Object(Illuminate\\Http\\Request), Object(Closure))
#40 C:\\Users\\Dalia\\OneDrive\\Desktop\\WorkSpace\\pulardapontenaquinta\\rotasdeteste\\vendor\\laravel\\framework\\src\\Illuminate\\Pipeline\\Pipeline.php(126): Illuminate\\Pipeline\\Pipeline->Illuminate\\Pipeline\\{closure}(Object(Illuminate\\Http\\Request))
#41 C:\\Users\\Dalia\\OneDrive\\Desktop\\WorkSpace\\pulardapontenaquinta\\rotasdeteste\\vendor\\laravel\\framework\\src\\Illuminate\\Foundation\\Http\\Kernel.php(175): Illuminate\\Pipeline\\Pipeline->then(Object(Closure))
#42 C:\\Users\\Dalia\\OneDrive\\Desktop\\WorkSpace\\pulardapontenaquinta\\rotasdeteste\\vendor\\laravel\\framework\\src\\Illuminate\\Foundation\\Http\\Kernel.php(144): Illuminate\\Foundation\\Http\\Kernel->sendRequestThroughRouter(Object(Illuminate\\Http\\Request))
#43 C:\\Users\\Dalia\\OneDrive\\Desktop\\WorkSpace\\pulardapontenaquinta\\rotasdeteste\\vendor\\laravel\\framework\\src\\Illuminate\\Foundation\\Application.php(1219): Illuminate\\Foundation\\Http\\Kernel->handle(Object(Illuminate\\Http\\Request))
#44 C:\\Users\\Dalia\\OneDrive\\Desktop\\WorkSpace\\pulardapontenaquinta\\rotasdeteste\\public\\index.php(20): Illuminate\\Foundation\\Application->handleRequest(Object(Illuminate\\Http\\Request))
#45 C:\\Users\\Dalia\\OneDrive\\Desktop\\WorkSpace\\pulardapontenaquinta\\rotasdeteste\\vendor\\laravel\\framework\\src\\Illuminate\\Foundation\\resources\\server.php(23): require_once('C:\\\\Users\\\\Dalia\\\\...')
#46 {main}

[previous exception] [object] (PDOException(code: 23000): SQLSTATE[23000]: Integrity constraint violation: 1048 Column 'NM_admin' cannot be null at C:\\Users\\Dalia\\OneDrive\\Desktop\\WorkSpace\\pulardapontenaquinta\\rotasdeteste\\vendor\\laravel\\framework\\src\\Illuminate\\Database\\Connection.php:593)
[stacktrace]
#0 C:\\Users\\Dalia\\OneDrive\\Desktop\\WorkSpace\\pulardapontenaquinta\\rotasdeteste\\vendor\\laravel\\framework\\src\\Illuminate\\Database\\Connection.php(593): PDOStatement->execute()
#1 C:\\Users\\Dalia\\OneDrive\\Desktop\\WorkSpace\\pulardapontenaquinta\\rotasdeteste\\vendor\\laravel\\framework\\src\\Illuminate\\Database\\Connection.php(809): Illuminate\\Database\\Connection->Illuminate\\Database\\{closure}('update `admins`...', Array)
#2 C:\\Users\\Dalia\\OneDrive\\Desktop\\WorkSpace\\pulardapontenaquinta\\rotasdeteste\\vendor\\laravel\\framework\\src\\Illuminate\\Database\\Connection.php(776): Illuminate\\Database\\Connection->runQueryCallback('update `admins`...', Array, Object(Closure))
#3 C:\\Users\\Dalia\\OneDrive\\Desktop\\WorkSpace\\pulardapontenaquinta\\rotasdeteste\\vendor\\laravel\\framework\\src\\Illuminate\\Database\\Connection.php(581): Illuminate\\Database\\Connection->run('update `admins`...', Array, Object(Closure))
#4 C:\\Users\\Dalia\\OneDrive\\Desktop\\WorkSpace\\pulardapontenaquinta\\rotasdeteste\\vendor\\laravel\\framework\\src\\Illuminate\\Database\\Connection.php(533): Illuminate\\Database\\Connection->affectingStatement('update `admins`...', Array)
#5 C:\\Users\\Dalia\\OneDrive\\Desktop\\WorkSpace\\pulardapontenaquinta\\rotasdeteste\\vendor\\laravel\\framework\\src\\Illuminate\\Database\\Query\\Builder.php(3833): Illuminate\\Database\\Connection->update('update `admins`...', Array)
#6 C:\\Users\\Dalia\\OneDrive\\Desktop\\WorkSpace\\pulardapontenaquinta\\rotasdeteste\\vendor\\laravel\\framework\\src\\Illuminate\\Database\\Eloquent\\Builder.php(1174): Illuminate\\Database\\Query\\Builder->update(Object(Illuminate\\Support\\Collection))
#7 C:\\Users\\Dalia\\OneDrive\\Desktop\\WorkSpace\\pulardapontenaquinta\\rotasdeteste\\vendor\\laravel\\framework\\src\\Illuminate\\Database\\Eloquent\\Model.php(1241): Illuminate\\Database\\Eloquent\\Builder->update(Array)
#8 C:\\Users\\Dalia\\OneDrive\\Desktop\\WorkSpace\\pulardapontenaquinta\\rotasdeteste\\vendor\\laravel\\framework\\src\\Illuminate\\Database\\Eloquent\\Model.php(1158): Illuminate\\Database\\Eloquent\\Model->performUpdate(Object(Illuminate\\Database\\Eloquent\\Builder))
#9 C:\\Users\\Dalia\\OneDrive\\Desktop\\WorkSpace\\pulardapontenaquinta\\rotasdeteste\\app\\Http\\Controllers\\AdminController.php(109): Illuminate\\Database\\Eloquent\\Model->save()
#10 C:\\Users\\Dalia\\OneDrive\\Desktop\\WorkSpace\\pulardapontenaquinta\\rotasdeteste\\vendor\\laravel\\framework\\src\\Illuminate\\Routing\\ControllerDispatcher.php(46): App\\Http\\Controllers\\AdminController->update(Object(Illuminate\\Http\\Request), '1')
#11 C:\\Users\\Dalia\\OneDrive\\Desktop\\WorkSpace\\pulardapontenaquinta\\rotasdeteste\\vendor\\laravel\\framework\\src\\Illuminate\\Routing\\Route.php(265): Illuminate\\Routing\\ControllerDispatcher->dispatch(Object(Illuminate\\Routing\\Route), Object(App\\Http\\Controllers\\AdminController), 'update')
#12 C:\\Users\\Dalia\\OneDrive\\Desktop\\WorkSpace\\pulardapontenaquinta\\rotasdeteste\\vendor\\laravel\\framework\\src\\Illuminate\\Routing\\Route.php(211): Illuminate\\Routing\\Route->runController()
#13 C:\\Users\\Dalia\\OneDrive\\Desktop\\WorkSpace\\pulardapontenaquinta\\rotasdeteste\\vendor\\laravel\\framework\\src\\Illuminate\\Routing\\Router.php(808): Illuminate\\Routing\\Route->run()
#14 C:\\Users\\Dalia\\OneDrive\\Desktop\\WorkSpace\\pulardapontenaquinta\\rotasdeteste\\vendor\\laravel\\framework\\src\\Illuminate\\Pipeline\\Pipeline.php(169): Illuminate\\Routing\\Router->Illuminate\\Routing\\{closure}(Object(Illuminate\\Http\\Request))
#15 C:\\Users\\Dalia\\OneDrive\\Desktop\\WorkSpace\\pulardapontenaquinta\\rotasdeteste\\vendor\\laravel\\framework\\src\\Illuminate\\Routing\\Middleware\\SubstituteBindings.php(50): Illuminate\\Pipeline\\Pipeline->Illuminate\\Pipeline\\{closure}(Object(Illuminate\\Http\\Request))
#16 C:\\Users\\Dalia\\OneDrive\\Desktop\\WorkSpace\\pulardapontenaquinta\\rotasdeteste\\vendor\\laravel\\framework\\src\\Illuminate\\Pipeline\\Pipeline.php(208): Illuminate\\Routing\\Middleware\\SubstituteBindings->handle(Object(Illuminate\\Http\\Request), Object(Closure))
#17 C:\\Users\\Dalia\\OneDrive\\Desktop\\WorkSpace\\pulardapontenaquinta\\rotasdeteste\\vendor\\laravel\\framework\\src\\Illuminate\\Pipeline\\Pipeline.php(126): Illuminate\\Pipeline\\Pipeline->Illuminate\\Pipeline\\{closure}(Object(Illuminate\\Http\\Request))
#18 C:\\Users\\Dalia\\OneDrive\\Desktop\\WorkSpace\\pulardapontenaquinta\\rotasdeteste\\vendor\\laravel\\framework\\src\\Illuminate\\Routing\\Router.php(807): Illuminate\\Pipeline\\Pipeline->then(Object(Closure))
#19 C:\\Users\\Dalia\\OneDrive\\Desktop\\WorkSpace\\pulardapontenaquinta\\rotasdeteste\\vendor\\laravel\\framework\\src\\Illuminate\\Routing\\Router.php(786): Illuminate\\Routing\\Router->runRouteWithinStack(Object(Illuminate\\Routing\\Route), Object(Illuminate\\Http\\Request))
#20 C:\\Users\\Dalia\\OneDrive\\Desktop\\WorkSpace\\pulardapontenaquinta\\rotasdeteste\\vendor\\laravel\\framework\\src\\Illuminate\\Routing\\Router.php(750): Illuminate\\Routing\\Router->runRoute(Object(Illuminate\\Http\\Request), Object(Illuminate\\Routing\\Route))
#21 C:\\Users\\Dalia\\OneDrive\\Desktop\\WorkSpace\\pulardapontenaquinta\\rotasdeteste\\vendor\\laravel\\framework\\src\\Illuminate\\Routing\\Router.php(739): Illuminate\\Routing\\Router->dispatchToRoute(Object(Illuminate\\Http\\Request))
#22 C:\\Users\\Dalia\\OneDrive\\Desktop\\WorkSpace\\pulardapontenaquinta\\rotasdeteste\\vendor\\laravel\\framework\\src\\Illuminate\\Foundation\\Http\\Kernel.php(200): Illuminate\\Routing\\Router->dispatch(Object(Illuminate\\Http\\Request))
#23 C:\\Users\\Dalia\\OneDrive\\Desktop\\WorkSpace\\pulardapontenaquinta\\rotasdeteste\\vendor\\laravel\\framework\\src\\Illuminate\\Pipeline\\Pipeline.php(169): Illuminate\\Foundation\\Http\\Kernel->Illuminate\\Foundation\\Http\\{closure}(Object(Illuminate\\Http\\Request))
#24 C:\\Users\\Dalia\\OneDrive\\Desktop\\WorkSpace\\pulardapontenaquinta\\rotasdeteste\\vendor\\laravel\\framework\\src\\Illuminate\\Foundation\\Http\\Middleware\\TransformsRequest.php(21): Illuminate\\Pipeline\\Pipeline->Illuminate\\Pipeline\\{closure}(Object(Illuminate\\Http\\Request))
#25 C:\\Users\\Dalia\\OneDrive\\Desktop\\WorkSpace\\pulardapontenaquinta\\rotasdeteste\\vendor\\laravel\\framework\\src\\Illuminate\\Foundation\\Http\\Middleware\\ConvertEmptyStringsToNull.php(31): Illuminate\\Foundation\\Http\\Middleware\\TransformsRequest->handle(Object(Illuminate\\Http\\Request), Object(Closure))
#26 C:\\Users\\Dalia\\OneDrive\\Desktop\\WorkSpace\\pulardapontenaquinta\\rotasdeteste\\vendor\\laravel\\framework\\src\\Illuminate\\Pipeline\\Pipeline.php(208): Illuminate\\Foundation\\Http\\Middleware\\ConvertEmptyStringsToNull->handle(Object(Illuminate\\Http\\Request), Object(Closure))
#27 C:\\Users\\Dalia\\OneDrive\\Desktop\\WorkSpace\\pulardapontenaquinta\\rotasdeteste\\vendor\\laravel\\framework\\src\\Illuminate\\Foundation\\Http\\Middleware\\TransformsRequest.php(21): Illuminate\\Pipeline\\Pipeline->Illuminate\\Pipeline\\{closure}(Object(Illuminate\\Http\\Request))
#28 C:\\Users\\Dalia\\OneDrive\\Desktop\\WorkSpace\\pulardapontenaquinta\\rotasdeteste\\vendor\\laravel\\framework\\src\\Illuminate\\Foundation\\Http\\Middleware\\TrimStrings.php(51): Illuminate\\Foundation\\Http\\Middleware\\TransformsRequest->handle(Object(Illuminate\\Http\\Request), Object(Closure))
#29 C:\\Users\\Dalia\\OneDrive\\Desktop\\WorkSpace\\pulardapontenaquinta\\rotasdeteste\\vendor\\laravel\\framework\\src\\Illuminate\\Pipeline\\Pipeline.php(208): Illuminate\\Foundation\\Http\\Middleware\\TrimStrings->handle(Object(Illuminate\\Http\\Request), Object(Closure))
#30 C:\\Users\\Dalia\\OneDrive\\Desktop\\WorkSpace\\pulardapontenaquinta\\rotasdeteste\\vendor\\laravel\\framework\\src\\Illuminate\\Http\\Middleware\\ValidatePostSize.php(27): Illuminate\\Pipeline\\Pipeline->Illuminate\\Pipeline\\{closure}(Object(Illuminate\\Http\\Request))
#31 C:\\Users\\Dalia\\OneDrive\\Desktop\\WorkSpace\\pulardapontenaquinta\\rotasdeteste\\vendor\\laravel\\framework\\src\\Illuminate\\Pipeline\\Pipeline.php(208): Illuminate\\Http\\Middleware\\ValidatePostSize->handle(Object(Illuminate\\Http\\Request), Object(Closure))
#32 C:\\Users\\Dalia\\OneDrive\\Desktop\\WorkSpace\\pulardapontenaquinta\\rotasdeteste\\vendor\\laravel\\framework\\src\\Illuminate\\Foundation\\Http\\Middleware\\PreventRequestsDuringMaintenance.php(109): Illuminate\\Pipeline\\Pipeline->Illuminate\\Pipeline\\{closure}(Object(Illuminate\\Http\\Request))
#33 C:\\Users\\Dalia\\OneDrive\\Desktop\\WorkSpace\\pulardapontenaquinta\\rotasdeteste\\vendor\\laravel\\framework\\src\\Illuminate\\Pipeline\\Pipeline.php(208): Illuminate\\Foundation\\Http\\Middleware\\PreventRequestsDuringMaintenance->handle(Object(Illuminate\\Http\\Request), Object(Closure))
#34 C:\\Users\\Dalia\\OneDrive\\Desktop\\WorkSpace\\pulardapontenaquinta\\rotasdeteste\\vendor\\laravel\\framework\\src\\Illuminate\\Http\\Middleware\\HandleCors.php(61): Illuminate\\Pipeline\\Pipeline->Illuminate\\Pipeline\\{closure}(Object(Illuminate\\Http\\Request))
#35 C:\\Users\\Dalia\\OneDrive\\Desktop\\WorkSpace\\pulardapontenaquinta\\rotasdeteste\\vendor\\laravel\\framework\\src\\Illuminate\\Pipeline\\Pipeline.php(208): Illuminate\\Http\\Middleware\\HandleCors->handle(Object(Illuminate\\Http\\Request), Object(Closure))
#36 C:\\Users\\Dalia\\OneDrive\\Desktop\\WorkSpace\\pulardapontenaquinta\\rotasdeteste\\vendor\\laravel\\framework\\src\\Illuminate\\Http\\Middleware\\TrustProxies.php(58): Illuminate\\Pipeline\\Pipeline->Illuminate\\Pipeline\\{closure}(Object(Illuminate\\Http\\Request))
#37 C:\\Users\\Dalia\\OneDrive\\Desktop\\WorkSpace\\pulardapontenaquinta\\rotasdeteste\\vendor\\laravel\\framework\\src\\Illuminate\\Pipeline\\Pipeline.php(208): Illuminate\\Http\\Middleware\\TrustProxies->handle(Object(Illuminate\\Http\\Request), Object(Closure))
#38 C:\\Users\\Dalia\\OneDrive\\Desktop\\WorkSpace\\pulardapontenaquinta\\rotasdeteste\\vendor\\laravel\\framework\\src\\Illuminate\\Foundation\\Http\\Middleware\\InvokeDeferredCallbacks.php(22): Illuminate\\Pipeline\\Pipeline->Illuminate\\Pipeline\\{closure}(Object(Illuminate\\Http\\Request))
#39 C:\\Users\\Dalia\\OneDrive\\Desktop\\WorkSpace\\pulardapontenaquinta\\rotasdeteste\\vendor\\laravel\\framework\\src\\Illuminate\\Pipeline\\Pipeline.php(208): Illuminate\\Foundation\\Http\\Middleware\\InvokeDeferredCallbacks->handle(Object(Illuminate\\Http\\Request), Object(Closure))
#40 C:\\Users\\Dalia\\OneDrive\\Desktop\\WorkSpace\\pulardapontenaquinta\\rotasdeteste\\vendor\\laravel\\framework\\src\\Illuminate\\Http\\Middleware\\ValidatePathEncoding.php(26): Illuminate\\Pipeline\\Pipeline->Illuminate\\Pipeline\\{closure}(Object(Illuminate\\Http\\Request))
#41 C:\\Users\\Dalia\\OneDrive\\Desktop\\WorkSpace\\pulardapontenaquinta\\rotasdeteste\\vendor\\laravel\\framework\\src\\Illuminate\\Pipeline\\Pipeline.php(208): Illuminate\\Http\\Middleware\\ValidatePathEncoding->handle(Object(Illuminate\\Http\\Request), Object(Closure))
#42 C:\\Users\\Dalia\\OneDrive\\Desktop\\WorkSpace\\pulardapontenaquinta\\rotasdeteste\\vendor\\laravel\\framework\\src\\Illuminate\\Pipeline\\Pipeline.php(126): Illuminate\\Pipeline\\Pipeline->Illuminate\\Pipeline\\{closure}(Object(Illuminate\\Http\\Request))
#43 C:\\Users\\Dalia\\OneDrive\\Desktop\\WorkSpace\\pulardapontenaquinta\\rotasdeteste\\vendor\\laravel\\framework\\src\\Illuminate\\Foundation\\Http\\Kernel.php(175): Illuminate\\Pipeline\\Pipeline->then(Object(Closure))
#44 C:\\Users\\Dalia\\OneDrive\\Desktop\\WorkSpace\\pulardapontenaquinta\\rotasdeteste\\vendor\\laravel\\framework\\src\\Illuminate\\Foundation\\Http\\Kernel.php(144): Illuminate\\Foundation\\Http\\Kernel->sendRequestThroughRouter(Object(Illuminate\\Http\\Request))
#45 C:\\Users\\Dalia\\OneDrive\\Desktop\\WorkSpace\\pulardapontenaquinta\\rotasdeteste\\vendor\\laravel\\framework\\src\\Illuminate\\Foundation\\Application.php(1219): Illuminate\\Foundation\\Http\\Kernel->handle(Object(Illuminate\\Http\\Request))
#46 C:\\Users\\Dalia\\OneDrive\\Desktop\\WorkSpace\\pulardapontenaquinta\\rotasdeteste\\public\\index.php(20): Illuminate\\Foundation\\Application->handleRequest(Object(Illuminate\\Http\\Request))
#47 C:\\Users\\Dalia\\OneDrive\\Desktop\\WorkSpace\\pulardapontenaquinta\\rotasdeteste\\vendor\\laravel\\framework\\src\\Illuminate\\Foundation\\resources\\server.php(23): require_once('C:\\\\Users\\\\Dalia\\\\...')
#48 {main}
"} 
[2025-04-17 03:08:42] local.ERROR: SQLSTATE[23000]: Integrity constraint violation: 1048 Column 'NM_admin' cannot be null (Connection: mysql, SQL: update `admins` set `NM_admin` = ?, `email` = vsvesdr@, `senha` = 84147, `admins`.`updated_at` = 2025-04-17 03:08:42 where `id` = 1) {"exception":"[object] (Illuminate\\Database\\QueryException(code: 23000): SQLSTATE[23000]: Integrity constraint violation: 1048 Column 'NM_admin' cannot be null (Connection: mysql, SQL: update `admins` set `NM_admin` = ?, `email` = vsvesdr@, `senha` = 84147, `admins`.`updated_at` = 2025-04-17 03:08:42 where `id` = 1) at C:\\Users\\Dalia\\OneDrive\\Desktop\\WorkSpace\\pulardapontenaquinta\\rotasdeteste\\vendor\\laravel\\framework\\src\\Illuminate\\Database\\Connection.php:822)
[stacktrace]
#0 C:\\Users\\Dalia\\OneDrive\\Desktop\\WorkSpace\\pulardapontenaquinta\\rotasdeteste\\vendor\\laravel\\framework\\src\\Illuminate\\Database\\Connection.php(776): Illuminate\\Database\\Connection->runQueryCallback('update `admins`...', Array, Object(Closure))
#1 C:\\Users\\Dalia\\OneDrive\\Desktop\\WorkSpace\\pulardapontenaquinta\\rotasdeteste\\vendor\\laravel\\framework\\src\\Illuminate\\Database\\Connection.php(581): Illuminate\\Database\\Connection->run('update `admins`...', Array, Object(Closure))
#2 C:\\Users\\Dalia\\OneDrive\\Desktop\\WorkSpace\\pulardapontenaquinta\\rotasdeteste\\vendor\\laravel\\framework\\src\\Illuminate\\Database\\Connection.php(533): Illuminate\\Database\\Connection->affectingStatement('update `admins`...', Array)
#3 C:\\Users\\Dalia\\OneDrive\\Desktop\\WorkSpace\\pulardapontenaquinta\\rotasdeteste\\vendor\\laravel\\framework\\src\\Illuminate\\Database\\Query\\Builder.php(3833): Illuminate\\Database\\Connection->update('update `admins`...', Array)
#4 C:\\Users\\Dalia\\OneDrive\\Desktop\\WorkSpace\\pulardapontenaquinta\\rotasdeteste\\vendor\\laravel\\framework\\src\\Illuminate\\Database\\Eloquent\\Builder.php(1174): Illuminate\\Database\\Query\\Builder->update(Object(Illuminate\\Support\\Collection))
#5 C:\\Users\\Dalia\\OneDrive\\Desktop\\WorkSpace\\pulardapontenaquinta\\rotasdeteste\\vendor\\laravel\\framework\\src\\Illuminate\\Database\\Eloquent\\Model.php(1241): Illuminate\\Database\\Eloquent\\Builder->update(Array)
#6 C:\\Users\\Dalia\\OneDrive\\Desktop\\WorkSpace\\pulardapontenaquinta\\rotasdeteste\\vendor\\laravel\\framework\\src\\Illuminate\\Database\\Eloquent\\Model.php(1158): Illuminate\\Database\\Eloquent\\Model->performUpdate(Object(Illuminate\\Database\\Eloquent\\Builder))
#7 C:\\Users\\Dalia\\OneDrive\\Desktop\\WorkSpace\\pulardapontenaquinta\\rotasdeteste\\app\\Http\\Controllers\\AdminController.php(109): Illuminate\\Database\\Eloquent\\Model->save()
#8 C:\\Users\\Dalia\\OneDrive\\Desktop\\WorkSpace\\pulardapontenaquinta\\rotasdeteste\\vendor\\laravel\\framework\\src\\Illuminate\\Routing\\ControllerDispatcher.php(46): App\\Http\\Controllers\\AdminController->update(Object(Illuminate\\Http\\Request), '1')
#9 C:\\Users\\Dalia\\OneDrive\\Desktop\\WorkSpace\\pulardapontenaquinta\\rotasdeteste\\vendor\\laravel\\framework\\src\\Illuminate\\Routing\\Route.php(265): Illuminate\\Routing\\ControllerDispatcher->dispatch(Object(Illuminate\\Routing\\Route), Object(App\\Http\\Controllers\\AdminController), 'update')
#10 C:\\Users\\Dalia\\OneDrive\\Desktop\\WorkSpace\\pulardapontenaquinta\\rotasdeteste\\vendor\\laravel\\framework\\src\\Illuminate\\Routing\\Route.php(211): Illuminate\\Routing\\Route->runController()
#11 C:\\Users\\Dalia\\OneDrive\\Desktop\\WorkSpace\\pulardapontenaquinta\\rotasdeteste\\vendor\\laravel\\framework\\src\\Illuminate\\Routing\\Router.php(808): Illuminate\\Routing\\Route->run()
#12 C:\\Users\\Dalia\\OneDrive\\Desktop\\WorkSpace\\pulardapontenaquinta\\rotasdeteste\\vendor\\laravel\\framework\\src\\Illuminate\\Pipeline\\Pipeline.php(169): Illuminate\\Routing\\Router->Illuminate\\Routing\\{closure}(Object(Illuminate\\Http\\Request))
#13 C:\\Users\\Dalia\\OneDrive\\Desktop\\WorkSpace\\pulardapontenaquinta\\rotasdeteste\\vendor\\laravel\\framework\\src\\Illuminate\\Routing\\Middleware\\SubstituteBindings.php(50): Illuminate\\Pipeline\\Pipeline->Illuminate\\Pipeline\\{closure}(Object(Illuminate\\Http\\Request))
#14 C:\\Users\\Dalia\\OneDrive\\Desktop\\WorkSpace\\pulardapontenaquinta\\rotasdeteste\\vendor\\laravel\\framework\\src\\Illuminate\\Pipeline\\Pipeline.php(208): Illuminate\\Routing\\Middleware\\SubstituteBindings->handle(Object(Illuminate\\Http\\Request), Object(Closure))
#15 C:\\Users\\Dalia\\OneDrive\\Desktop\\WorkSpace\\pulardapontenaquinta\\rotasdeteste\\vendor\\laravel\\framework\\src\\Illuminate\\Pipeline\\Pipeline.php(126): Illuminate\\Pipeline\\Pipeline->Illuminate\\Pipeline\\{closure}(Object(Illuminate\\Http\\Request))
#16 C:\\Users\\Dalia\\OneDrive\\Desktop\\WorkSpace\\pulardapontenaquinta\\rotasdeteste\\vendor\\laravel\\framework\\src\\Illuminate\\Routing\\Router.php(807): Illuminate\\Pipeline\\Pipeline->then(Object(Closure))
#17 C:\\Users\\Dalia\\OneDrive\\Desktop\\WorkSpace\\pulardapontenaquinta\\rotasdeteste\\vendor\\laravel\\framework\\src\\Illuminate\\Routing\\Router.php(786): Illuminate\\Routing\\Router->runRouteWithinStack(Object(Illuminate\\Routing\\Route), Object(Illuminate\\Http\\Request))
#18 C:\\Users\\Dalia\\OneDrive\\Desktop\\WorkSpace\\pulardapontenaquinta\\rotasdeteste\\vendor\\laravel\\framework\\src\\Illuminate\\Routing\\Router.php(750): Illuminate\\Routing\\Router->runRoute(Object(Illuminate\\Http\\Request), Object(Illuminate\\Routing\\Route))
#19 C:\\Users\\Dalia\\OneDrive\\Desktop\\WorkSpace\\pulardapontenaquinta\\rotasdeteste\\vendor\\laravel\\framework\\src\\Illuminate\\Routing\\Router.php(739): Illuminate\\Routing\\Router->dispatchToRoute(Object(Illuminate\\Http\\Request))
#20 C:\\Users\\Dalia\\OneDrive\\Desktop\\WorkSpace\\pulardapontenaquinta\\rotasdeteste\\vendor\\laravel\\framework\\src\\Illuminate\\Foundation\\Http\\Kernel.php(200): Illuminate\\Routing\\Router->dispatch(Object(Illuminate\\Http\\Request))
#21 C:\\Users\\Dalia\\OneDrive\\Desktop\\WorkSpace\\pulardapontenaquinta\\rotasdeteste\\vendor\\laravel\\framework\\src\\Illuminate\\Pipeline\\Pipeline.php(169): Illuminate\\Foundation\\Http\\Kernel->Illuminate\\Foundation\\Http\\{closure}(Object(Illuminate\\Http\\Request))
#22 C:\\Users\\Dalia\\OneDrive\\Desktop\\WorkSpace\\pulardapontenaquinta\\rotasdeteste\\vendor\\laravel\\framework\\src\\Illuminate\\Foundation\\Http\\Middleware\\TransformsRequest.php(21): Illuminate\\Pipeline\\Pipeline->Illuminate\\Pipeline\\{closure}(Object(Illuminate\\Http\\Request))
#23 C:\\Users\\Dalia\\OneDrive\\Desktop\\WorkSpace\\pulardapontenaquinta\\rotasdeteste\\vendor\\laravel\\framework\\src\\Illuminate\\Foundation\\Http\\Middleware\\ConvertEmptyStringsToNull.php(31): Illuminate\\Foundation\\Http\\Middleware\\TransformsRequest->handle(Object(Illuminate\\Http\\Request), Object(Closure))
#24 C:\\Users\\Dalia\\OneDrive\\Desktop\\WorkSpace\\pulardapontenaquinta\\rotasdeteste\\vendor\\laravel\\framework\\src\\Illuminate\\Pipeline\\Pipeline.php(208): Illuminate\\Foundation\\Http\\Middleware\\ConvertEmptyStringsToNull->handle(Object(Illuminate\\Http\\Request), Object(Closure))
#25 C:\\Users\\Dalia\\OneDrive\\Desktop\\WorkSpace\\pulardapontenaquinta\\rotasdeteste\\vendor\\laravel\\framework\\src\\Illuminate\\Foundation\\Http\\Middleware\\TransformsRequest.php(21): Illuminate\\Pipeline\\Pipeline->Illuminate\\Pipeline\\{closure}(Object(Illuminate\\Http\\Request))
#26 C:\\Users\\Dalia\\OneDrive\\Desktop\\WorkSpace\\pulardapontenaquinta\\rotasdeteste\\vendor\\laravel\\framework\\src\\Illuminate\\Foundation\\Http\\Middleware\\TrimStrings.php(51): Illuminate\\Foundation\\Http\\Middleware\\TransformsRequest->handle(Object(Illuminate\\Http\\Request), Object(Closure))
#27 C:\\Users\\Dalia\\OneDrive\\Desktop\\WorkSpace\\pulardapontenaquinta\\rotasdeteste\\vendor\\laravel\\framework\\src\\Illuminate\\Pipeline\\Pipeline.php(208): Illuminate\\Foundation\\Http\\Middleware\\TrimStrings->handle(Object(Illuminate\\Http\\Request), Object(Closure))
#28 C:\\Users\\Dalia\\OneDrive\\Desktop\\WorkSpace\\pulardapontenaquinta\\rotasdeteste\\vendor\\laravel\\framework\\src\\Illuminate\\Http\\Middleware\\ValidatePostSize.php(27): Illuminate\\Pipeline\\Pipeline->Illuminate\\Pipeline\\{closure}(Object(Illuminate\\Http\\Request))
#29 C:\\Users\\Dalia\\OneDrive\\Desktop\\WorkSpace\\pulardapontenaquinta\\rotasdeteste\\vendor\\laravel\\framework\\src\\Illuminate\\Pipeline\\Pipeline.php(208): Illuminate\\Http\\Middleware\\ValidatePostSize->handle(Object(Illuminate\\Http\\Request), Object(Closure))
#30 C:\\Users\\Dalia\\OneDrive\\Desktop\\WorkSpace\\pulardapontenaquinta\\rotasdeteste\\vendor\\laravel\\framework\\src\\Illuminate\\Foundation\\Http\\Middleware\\PreventRequestsDuringMaintenance.php(109): Illuminate\\Pipeline\\Pipeline->Illuminate\\Pipeline\\{closure}(Object(Illuminate\\Http\\Request))
#31 C:\\Users\\Dalia\\OneDrive\\Desktop\\WorkSpace\\pulardapontenaquinta\\rotasdeteste\\vendor\\laravel\\framework\\src\\Illuminate\\Pipeline\\Pipeline.php(208): Illuminate\\Foundation\\Http\\Middleware\\PreventRequestsDuringMaintenance->handle(Object(Illuminate\\Http\\Request), Object(Closure))
#32 C:\\Users\\Dalia\\OneDrive\\Desktop\\WorkSpace\\pulardapontenaquinta\\rotasdeteste\\vendor\\laravel\\framework\\src\\Illuminate\\Http\\Middleware\\HandleCors.php(61): Illuminate\\Pipeline\\Pipeline->Illuminate\\Pipeline\\{closure}(Object(Illuminate\\Http\\Request))
#33 C:\\Users\\Dalia\\OneDrive\\Desktop\\WorkSpace\\pulardapontenaquinta\\rotasdeteste\\vendor\\laravel\\framework\\src\\Illuminate\\Pipeline\\Pipeline.php(208): Illuminate\\Http\\Middleware\\HandleCors->handle(Object(Illuminate\\Http\\Request), Object(Closure))
#34 C:\\Users\\Dalia\\OneDrive\\Desktop\\WorkSpace\\pulardapontenaquinta\\rotasdeteste\\vendor\\laravel\\framework\\src\\Illuminate\\Http\\Middleware\\TrustProxies.php(58): Illuminate\\Pipeline\\Pipeline->Illuminate\\Pipeline\\{closure}(Object(Illuminate\\Http\\Request))
#35 C:\\Users\\Dalia\\OneDrive\\Desktop\\WorkSpace\\pulardapontenaquinta\\rotasdeteste\\vendor\\laravel\\framework\\src\\Illuminate\\Pipeline\\Pipeline.php(208): Illuminate\\Http\\Middleware\\TrustProxies->handle(Object(Illuminate\\Http\\Request), Object(Closure))
#36 C:\\Users\\Dalia\\OneDrive\\Desktop\\WorkSpace\\pulardapontenaquinta\\rotasdeteste\\vendor\\laravel\\framework\\src\\Illuminate\\Foundation\\Http\\Middleware\\InvokeDeferredCallbacks.php(22): Illuminate\\Pipeline\\Pipeline->Illuminate\\Pipeline\\{closure}(Object(Illuminate\\Http\\Request))
#37 C:\\Users\\Dalia\\OneDrive\\Desktop\\WorkSpace\\pulardapontenaquinta\\rotasdeteste\\vendor\\laravel\\framework\\src\\Illuminate\\Pipeline\\Pipeline.php(208): Illuminate\\Foundation\\Http\\Middleware\\InvokeDeferredCallbacks->handle(Object(Illuminate\\Http\\Request), Object(Closure))
#38 C:\\Users\\Dalia\\OneDrive\\Desktop\\WorkSpace\\pulardapontenaquinta\\rotasdeteste\\vendor\\laravel\\framework\\src\\Illuminate\\Http\\Middleware\\ValidatePathEncoding.php(26): Illuminate\\Pipeline\\Pipeline->Illuminate\\Pipeline\\{closure}(Object(Illuminate\\Http\\Request))
#39 C:\\Users\\Dalia\\OneDrive\\Desktop\\WorkSpace\\pulardapontenaquinta\\rotasdeteste\\vendor\\laravel\\framework\\src\\Illuminate\\Pipeline\\Pipeline.php(208): Illuminate\\Http\\Middleware\\ValidatePathEncoding->handle(Object(Illuminate\\Http\\Request), Object(Closure))
#40 C:\\Users\\Dalia\\OneDrive\\Desktop\\WorkSpace\\pulardapontenaquinta\\rotasdeteste\\vendor\\laravel\\framework\\src\\Illuminate\\Pipeline\\Pipeline.php(126): Illuminate\\Pipeline\\Pipeline->Illuminate\\Pipeline\\{closure}(Object(Illuminate\\Http\\Request))
#41 C:\\Users\\Dalia\\OneDrive\\Desktop\\WorkSpace\\pulardapontenaquinta\\rotasdeteste\\vendor\\laravel\\framework\\src\\Illuminate\\Foundation\\Http\\Kernel.php(175): Illuminate\\Pipeline\\Pipeline->then(Object(Closure))
#42 C:\\Users\\Dalia\\OneDrive\\Desktop\\WorkSpace\\pulardapontenaquinta\\rotasdeteste\\vendor\\laravel\\framework\\src\\Illuminate\\Foundation\\Http\\Kernel.php(144): Illuminate\\Foundation\\Http\\Kernel->sendRequestThroughRouter(Object(Illuminate\\Http\\Request))
#43 C:\\Users\\Dalia\\OneDrive\\Desktop\\WorkSpace\\pulardapontenaquinta\\rotasdeteste\\vendor\\laravel\\framework\\src\\Illuminate\\Foundation\\Application.php(1219): Illuminate\\Foundation\\Http\\Kernel->handle(Object(Illuminate\\Http\\Request))
#44 C:\\Users\\Dalia\\OneDrive\\Desktop\\WorkSpace\\pulardapontenaquinta\\rotasdeteste\\public\\index.php(20): Illuminate\\Foundation\\Application->handleRequest(Object(Illuminate\\Http\\Request))
#45 C:\\Users\\Dalia\\OneDrive\\Desktop\\WorkSpace\\pulardapontenaquinta\\rotasdeteste\\vendor\\laravel\\framework\\src\\Illuminate\\Foundation\\resources\\server.php(23): require_once('C:\\\\Users\\\\Dalia\\\\...')
#46 {main}

[previous exception] [object] (PDOException(code: 23000): SQLSTATE[23000]: Integrity constraint violation: 1048 Column 'NM_admin' cannot be null at C:\\Users\\Dalia\\OneDrive\\Desktop\\WorkSpace\\pulardapontenaquinta\\rotasdeteste\\vendor\\laravel\\framework\\src\\Illuminate\\Database\\Connection.php:593)
[stacktrace]
#0 C:\\Users\\Dalia\\OneDrive\\Desktop\\WorkSpace\\pulardapontenaquinta\\rotasdeteste\\vendor\\laravel\\framework\\src\\Illuminate\\Database\\Connection.php(593): PDOStatement->execute()
#1 C:\\Users\\Dalia\\OneDrive\\Desktop\\WorkSpace\\pulardapontenaquinta\\rotasdeteste\\vendor\\laravel\\framework\\src\\Illuminate\\Database\\Connection.php(809): Illuminate\\Database\\Connection->Illuminate\\Database\\{closure}('update `admins`...', Array)
#2 C:\\Users\\Dalia\\OneDrive\\Desktop\\WorkSpace\\pulardapontenaquinta\\rotasdeteste\\vendor\\laravel\\framework\\src\\Illuminate\\Database\\Connection.php(776): Illuminate\\Database\\Connection->runQueryCallback('update `admins`...', Array, Object(Closure))
#3 C:\\Users\\Dalia\\OneDrive\\Desktop\\WorkSpace\\pulardapontenaquinta\\rotasdeteste\\vendor\\laravel\\framework\\src\\Illuminate\\Database\\Connection.php(581): Illuminate\\Database\\Connection->run('update `admins`...', Array, Object(Closure))
#4 C:\\Users\\Dalia\\OneDrive\\Desktop\\WorkSpace\\pulardapontenaquinta\\rotasdeteste\\vendor\\laravel\\framework\\src\\Illuminate\\Database\\Connection.php(533): Illuminate\\Database\\Connection->affectingStatement('update `admins`...', Array)
#5 C:\\Users\\Dalia\\OneDrive\\Desktop\\WorkSpace\\pulardapontenaquinta\\rotasdeteste\\vendor\\laravel\\framework\\src\\Illuminate\\Database\\Query\\Builder.php(3833): Illuminate\\Database\\Connection->update('update `admins`...', Array)
#6 C:\\Users\\Dalia\\OneDrive\\Desktop\\WorkSpace\\pulardapontenaquinta\\rotasdeteste\\vendor\\laravel\\framework\\src\\Illuminate\\Database\\Eloquent\\Builder.php(1174): Illuminate\\Database\\Query\\Builder->update(Object(Illuminate\\Support\\Collection))
#7 C:\\Users\\Dalia\\OneDrive\\Desktop\\WorkSpace\\pulardapontenaquinta\\rotasdeteste\\vendor\\laravel\\framework\\src\\Illuminate\\Database\\Eloquent\\Model.php(1241): Illuminate\\Database\\Eloquent\\Builder->update(Array)
#8 C:\\Users\\Dalia\\OneDrive\\Desktop\\WorkSpace\\pulardapontenaquinta\\rotasdeteste\\vendor\\laravel\\framework\\src\\Illuminate\\Database\\Eloquent\\Model.php(1158): Illuminate\\Database\\Eloquent\\Model->performUpdate(Object(Illuminate\\Database\\Eloquent\\Builder))
#9 C:\\Users\\Dalia\\OneDrive\\Desktop\\WorkSpace\\pulardapontenaquinta\\rotasdeteste\\app\\Http\\Controllers\\AdminController.php(109): Illuminate\\Database\\Eloquent\\Model->save()
#10 C:\\Users\\Dalia\\OneDrive\\Desktop\\WorkSpace\\pulardapontenaquinta\\rotasdeteste\\vendor\\laravel\\framework\\src\\Illuminate\\Routing\\ControllerDispatcher.php(46): App\\Http\\Controllers\\AdminController->update(Object(Illuminate\\Http\\Request), '1')
#11 C:\\Users\\Dalia\\OneDrive\\Desktop\\WorkSpace\\pulardapontenaquinta\\rotasdeteste\\vendor\\laravel\\framework\\src\\Illuminate\\Routing\\Route.php(265): Illuminate\\Routing\\ControllerDispatcher->dispatch(Object(Illuminate\\Routing\\Route), Object(App\\Http\\Controllers\\AdminController), 'update')
#12 C:\\Users\\Dalia\\OneDrive\\Desktop\\WorkSpace\\pulardapontenaquinta\\rotasdeteste\\vendor\\laravel\\framework\\src\\Illuminate\\Routing\\Route.php(211): Illuminate\\Routing\\Route->runController()
#13 C:\\Users\\Dalia\\OneDrive\\Desktop\\WorkSpace\\pulardapontenaquinta\\rotasdeteste\\vendor\\laravel\\framework\\src\\Illuminate\\Routing\\Router.php(808): Illuminate\\Routing\\Route->run()
#14 C:\\Users\\Dalia\\OneDrive\\Desktop\\WorkSpace\\pulardapontenaquinta\\rotasdeteste\\vendor\\laravel\\framework\\src\\Illuminate\\Pipeline\\Pipeline.php(169): Illuminate\\Routing\\Router->Illuminate\\Routing\\{closure}(Object(Illuminate\\Http\\Request))
#15 C:\\Users\\Dalia\\OneDrive\\Desktop\\WorkSpace\\pulardapontenaquinta\\rotasdeteste\\vendor\\laravel\\framework\\src\\Illuminate\\Routing\\Middleware\\SubstituteBindings.php(50): Illuminate\\Pipeline\\Pipeline->Illuminate\\Pipeline\\{closure}(Object(Illuminate\\Http\\Request))
#16 C:\\Users\\Dalia\\OneDrive\\Desktop\\WorkSpace\\pulardapontenaquinta\\rotasdeteste\\vendor\\laravel\\framework\\src\\Illuminate\\Pipeline\\Pipeline.php(208): Illuminate\\Routing\\Middleware\\SubstituteBindings->handle(Object(Illuminate\\Http\\Request), Object(Closure))
#17 C:\\Users\\Dalia\\OneDrive\\Desktop\\WorkSpace\\pulardapontenaquinta\\rotasdeteste\\vendor\\laravel\\framework\\src\\Illuminate\\Pipeline\\Pipeline.php(126): Illuminate\\Pipeline\\Pipeline->Illuminate\\Pipeline\\{closure}(Object(Illuminate\\Http\\Request))
#18 C:\\Users\\Dalia\\OneDrive\\Desktop\\WorkSpace\\pulardapontenaquinta\\rotasdeteste\\vendor\\laravel\\framework\\src\\Illuminate\\Routing\\Router.php(807): Illuminate\\Pipeline\\Pipeline->then(Object(Closure))
#19 C:\\Users\\Dalia\\OneDrive\\Desktop\\WorkSpace\\pulardapontenaquinta\\rotasdeteste\\vendor\\laravel\\framework\\src\\Illuminate\\Routing\\Router.php(786): Illuminate\\Routing\\Router->runRouteWithinStack(Object(Illuminate\\Routing\\Route), Object(Illuminate\\Http\\Request))
#20 C:\\Users\\Dalia\\OneDrive\\Desktop\\WorkSpace\\pulardapontenaquinta\\rotasdeteste\\vendor\\laravel\\framework\\src\\Illuminate\\Routing\\Router.php(750): Illuminate\\Routing\\Router->runRoute(Object(Illuminate\\Http\\Request), Object(Illuminate\\Routing\\Route))
#21 C:\\Users\\Dalia\\OneDrive\\Desktop\\WorkSpace\\pulardapontenaquinta\\rotasdeteste\\vendor\\laravel\\framework\\src\\Illuminate\\Routing\\Router.php(739): Illuminate\\Routing\\Router->dispatchToRoute(Object(Illuminate\\Http\\Request))
#22 C:\\Users\\Dalia\\OneDrive\\Desktop\\WorkSpace\\pulardapontenaquinta\\rotasdeteste\\vendor\\laravel\\framework\\src\\Illuminate\\Foundation\\Http\\Kernel.php(200): Illuminate\\Routing\\Router->dispatch(Object(Illuminate\\Http\\Request))
#23 C:\\Users\\Dalia\\OneDrive\\Desktop\\WorkSpace\\pulardapontenaquinta\\rotasdeteste\\vendor\\laravel\\framework\\src\\Illuminate\\Pipeline\\Pipeline.php(169): Illuminate\\Foundation\\Http\\Kernel->Illuminate\\Foundation\\Http\\{closure}(Object(Illuminate\\Http\\Request))
#24 C:\\Users\\Dalia\\OneDrive\\Desktop\\WorkSpace\\pulardapontenaquinta\\rotasdeteste\\vendor\\laravel\\framework\\src\\Illuminate\\Foundation\\Http\\Middleware\\TransformsRequest.php(21): Illuminate\\Pipeline\\Pipeline->Illuminate\\Pipeline\\{closure}(Object(Illuminate\\Http\\Request))
#25 C:\\Users\\Dalia\\OneDrive\\Desktop\\WorkSpace\\pulardapontenaquinta\\rotasdeteste\\vendor\\laravel\\framework\\src\\Illuminate\\Foundation\\Http\\Middleware\\ConvertEmptyStringsToNull.php(31): Illuminate\\Foundation\\Http\\Middleware\\TransformsRequest->handle(Object(Illuminate\\Http\\Request), Object(Closure))
#26 C:\\Users\\Dalia\\OneDrive\\Desktop\\WorkSpace\\pulardapontenaquinta\\rotasdeteste\\vendor\\laravel\\framework\\src\\Illuminate\\Pipeline\\Pipeline.php(208): Illuminate\\Foundation\\Http\\Middleware\\ConvertEmptyStringsToNull->handle(Object(Illuminate\\Http\\Request), Object(Closure))
#27 C:\\Users\\Dalia\\OneDrive\\Desktop\\WorkSpace\\pulardapontenaquinta\\rotasdeteste\\vendor\\laravel\\framework\\src\\Illuminate\\Foundation\\Http\\Middleware\\TransformsRequest.php(21): Illuminate\\Pipeline\\Pipeline->Illuminate\\Pipeline\\{closure}(Object(Illuminate\\Http\\Request))
#28 C:\\Users\\Dalia\\OneDrive\\Desktop\\WorkSpace\\pulardapontenaquinta\\rotasdeteste\\vendor\\laravel\\framework\\src\\Illuminate\\Foundation\\Http\\Middleware\\TrimStrings.php(51): Illuminate\\Foundation\\Http\\Middleware\\TransformsRequest->handle(Object(Illuminate\\Http\\Request), Object(Closure))
#29 C:\\Users\\Dalia\\OneDrive\\Desktop\\WorkSpace\\pulardapontenaquinta\\rotasdeteste\\vendor\\laravel\\framework\\src\\Illuminate\\Pipeline\\Pipeline.php(208): Illuminate\\Foundation\\Http\\Middleware\\TrimStrings->handle(Object(Illuminate\\Http\\Request), Object(Closure))
#30 C:\\Users\\Dalia\\OneDrive\\Desktop\\WorkSpace\\pulardapontenaquinta\\rotasdeteste\\vendor\\laravel\\framework\\src\\Illuminate\\Http\\Middleware\\ValidatePostSize.php(27): Illuminate\\Pipeline\\Pipeline->Illuminate\\Pipeline\\{closure}(Object(Illuminate\\Http\\Request))
#31 C:\\Users\\Dalia\\OneDrive\\Desktop\\WorkSpace\\pulardapontenaquinta\\rotasdeteste\\vendor\\laravel\\framework\\src\\Illuminate\\Pipeline\\Pipeline.php(208): Illuminate\\Http\\Middleware\\ValidatePostSize->handle(Object(Illuminate\\Http\\Request), Object(Closure))
#32 C:\\Users\\Dalia\\OneDrive\\Desktop\\WorkSpace\\pulardapontenaquinta\\rotasdeteste\\vendor\\laravel\\framework\\src\\Illuminate\\Foundation\\Http\\Middleware\\PreventRequestsDuringMaintenance.php(109): Illuminate\\Pipeline\\Pipeline->Illuminate\\Pipeline\\{closure}(Object(Illuminate\\Http\\Request))
#33 C:\\Users\\Dalia\\OneDrive\\Desktop\\WorkSpace\\pulardapontenaquinta\\rotasdeteste\\vendor\\laravel\\framework\\src\\Illuminate\\Pipeline\\Pipeline.php(208): Illuminate\\Foundation\\Http\\Middleware\\PreventRequestsDuringMaintenance->handle(Object(Illuminate\\Http\\Request), Object(Closure))
#34 C:\\Users\\Dalia\\OneDrive\\Desktop\\WorkSpace\\pulardapontenaquinta\\rotasdeteste\\vendor\\laravel\\framework\\src\\Illuminate\\Http\\Middleware\\HandleCors.php(61): Illuminate\\Pipeline\\Pipeline->Illuminate\\Pipeline\\{closure}(Object(Illuminate\\Http\\Request))
#35 C:\\Users\\Dalia\\OneDrive\\Desktop\\WorkSpace\\pulardapontenaquinta\\rotasdeteste\\vendor\\laravel\\framework\\src\\Illuminate\\Pipeline\\Pipeline.php(208): Illuminate\\Http\\Middleware\\HandleCors->handle(Object(Illuminate\\Http\\Request), Object(Closure))
#36 C:\\Users\\Dalia\\OneDrive\\Desktop\\WorkSpace\\pulardapontenaquinta\\rotasdeteste\\vendor\\laravel\\framework\\src\\Illuminate\\Http\\Middleware\\TrustProxies.php(58): Illuminate\\Pipeline\\Pipeline->Illuminate\\Pipeline\\{closure}(Object(Illuminate\\Http\\Request))
#37 C:\\Users\\Dalia\\OneDrive\\Desktop\\WorkSpace\\pulardapontenaquinta\\rotasdeteste\\vendor\\laravel\\framework\\src\\Illuminate\\Pipeline\\Pipeline.php(208): Illuminate\\Http\\Middleware\\TrustProxies->handle(Object(Illuminate\\Http\\Request), Object(Closure))
#38 C:\\Users\\Dalia\\OneDrive\\Desktop\\WorkSpace\\pulardapontenaquinta\\rotasdeteste\\vendor\\laravel\\framework\\src\\Illuminate\\Foundation\\Http\\Middleware\\InvokeDeferredCallbacks.php(22): Illuminate\\Pipeline\\Pipeline->Illuminate\\Pipeline\\{closure}(Object(Illuminate\\Http\\Request))
#39 C:\\Users\\Dalia\\OneDrive\\Desktop\\WorkSpace\\pulardapontenaquinta\\rotasdeteste\\vendor\\laravel\\framework\\src\\Illuminate\\Pipeline\\Pipeline.php(208): Illuminate\\Foundation\\Http\\Middleware\\InvokeDeferredCallbacks->handle(Object(Illuminate\\Http\\Request), Object(Closure))
#40 C:\\Users\\Dalia\\OneDrive\\Desktop\\WorkSpace\\pulardapontenaquinta\\rotasdeteste\\vendor\\laravel\\framework\\src\\Illuminate\\Http\\Middleware\\ValidatePathEncoding.php(26): Illuminate\\Pipeline\\Pipeline->Illuminate\\Pipeline\\{closure}(Object(Illuminate\\Http\\Request))
#41 C:\\Users\\Dalia\\OneDrive\\Desktop\\WorkSpace\\pulardapontenaquinta\\rotasdeteste\\vendor\\laravel\\framework\\src\\Illuminate\\Pipeline\\Pipeline.php(208): Illuminate\\Http\\Middleware\\ValidatePathEncoding->handle(Object(Illuminate\\Http\\Request), Object(Closure))
#42 C:\\Users\\Dalia\\OneDrive\\Desktop\\WorkSpace\\pulardapontenaquinta\\rotasdeteste\\vendor\\laravel\\framework\\src\\Illuminate\\Pipeline\\Pipeline.php(126): Illuminate\\Pipeline\\Pipeline->Illuminate\\Pipeline\\{closure}(Object(Illuminate\\Http\\Request))
#43 C:\\Users\\Dalia\\OneDrive\\Desktop\\WorkSpace\\pulardapontenaquinta\\rotasdeteste\\vendor\\laravel\\framework\\src\\Illuminate\\Foundation\\Http\\Kernel.php(175): Illuminate\\Pipeline\\Pipeline->then(Object(Closure))
#44 C:\\Users\\Dalia\\OneDrive\\Desktop\\WorkSpace\\pulardapontenaquinta\\rotasdeteste\\vendor\\laravel\\framework\\src\\Illuminate\\Foundation\\Http\\Kernel.php(144): Illuminate\\Foundation\\Http\\Kernel->sendRequestThroughRouter(Object(Illuminate\\Http\\Request))
#45 C:\\Users\\Dalia\\OneDrive\\Desktop\\WorkSpace\\pulardapontenaquinta\\rotasdeteste\\vendor\\laravel\\framework\\src\\Illuminate\\Foundation\\Application.php(1219): Illuminate\\Foundation\\Http\\Kernel->handle(Object(Illuminate\\Http\\Request))
#46 C:\\Users\\Dalia\\OneDrive\\Desktop\\WorkSpace\\pulardapontenaquinta\\rotasdeteste\\public\\index.php(20): Illuminate\\Foundation\\Application->handleRequest(Object(Illuminate\\Http\\Request))
#47 C:\\Users\\Dalia\\OneDrive\\Desktop\\WorkSpace\\pulardapontenaquinta\\rotasdeteste\\vendor\\laravel\\framework\\src\\Illuminate\\Foundation\\resources\\server.php(23): require_once('C:\\\\Users\\\\Dalia\\\\...')
#48 {main}
"} 
[2025-04-17 03:11:43] local.ERROR: SQLSTATE[23000]: Integrity constraint violation: 1048 Column 'NM_admin' cannot be null (Connection: mysql, SQL: update `admins` set `NM_admin` = ?, `email` = vsvesdr@, `senha` = 84147, `admins`.`updated_at` = 2025-04-17 03:11:43 where `id` = 1) {"exception":"[object] (Illuminate\\Database\\QueryException(code: 23000): SQLSTATE[23000]: Integrity constraint violation: 1048 Column 'NM_admin' cannot be null (Connection: mysql, SQL: update `admins` set `NM_admin` = ?, `email` = vsvesdr@, `senha` = 84147, `admins`.`updated_at` = 2025-04-17 03:11:43 where `id` = 1) at C:\\Users\\Dalia\\OneDrive\\Desktop\\WorkSpace\\pulardapontenaquinta\\rotasdeteste\\vendor\\laravel\\framework\\src\\Illuminate\\Database\\Connection.php:822)
[stacktrace]
#0 C:\\Users\\Dalia\\OneDrive\\Desktop\\WorkSpace\\pulardapontenaquinta\\rotasdeteste\\vendor\\laravel\\framework\\src\\Illuminate\\Database\\Connection.php(776): Illuminate\\Database\\Connection->runQueryCallback('update `admins`...', Array, Object(Closure))
#1 C:\\Users\\Dalia\\OneDrive\\Desktop\\WorkSpace\\pulardapontenaquinta\\rotasdeteste\\vendor\\laravel\\framework\\src\\Illuminate\\Database\\Connection.php(581): Illuminate\\Database\\Connection->run('update `admins`...', Array, Object(Closure))
#2 C:\\Users\\Dalia\\OneDrive\\Desktop\\WorkSpace\\pulardapontenaquinta\\rotasdeteste\\vendor\\laravel\\framework\\src\\Illuminate\\Database\\Connection.php(533): Illuminate\\Database\\Connection->affectingStatement('update `admins`...', Array)
#3 C:\\Users\\Dalia\\OneDrive\\Desktop\\WorkSpace\\pulardapontenaquinta\\rotasdeteste\\vendor\\laravel\\framework\\src\\Illuminate\\Database\\Query\\Builder.php(3833): Illuminate\\Database\\Connection->update('update `admins`...', Array)
#4 C:\\Users\\Dalia\\OneDrive\\Desktop\\WorkSpace\\pulardapontenaquinta\\rotasdeteste\\vendor\\laravel\\framework\\src\\Illuminate\\Database\\Eloquent\\Builder.php(1174): Illuminate\\Database\\Query\\Builder->update(Object(Illuminate\\Support\\Collection))
#5 C:\\Users\\Dalia\\OneDrive\\Desktop\\WorkSpace\\pulardapontenaquinta\\rotasdeteste\\vendor\\laravel\\framework\\src\\Illuminate\\Database\\Eloquent\\Model.php(1241): Illuminate\\Database\\Eloquent\\Builder->update(Array)
#6 C:\\Users\\Dalia\\OneDrive\\Desktop\\WorkSpace\\pulardapontenaquinta\\rotasdeteste\\vendor\\laravel\\framework\\src\\Illuminate\\Database\\Eloquent\\Model.php(1158): Illuminate\\Database\\Eloquent\\Model->performUpdate(Object(Illuminate\\Database\\Eloquent\\Builder))
#7 C:\\Users\\Dalia\\OneDrive\\Desktop\\WorkSpace\\pulardapontenaquinta\\rotasdeteste\\app\\Http\\Controllers\\AdminController.php(109): Illuminate\\Database\\Eloquent\\Model->save()
#8 C:\\Users\\Dalia\\OneDrive\\Desktop\\WorkSpace\\pulardapontenaquinta\\rotasdeteste\\vendor\\laravel\\framework\\src\\Illuminate\\Routing\\ControllerDispatcher.php(46): App\\Http\\Controllers\\AdminController->update(Object(Illuminate\\Http\\Request), '1')
#9 C:\\Users\\Dalia\\OneDrive\\Desktop\\WorkSpace\\pulardapontenaquinta\\rotasdeteste\\vendor\\laravel\\framework\\src\\Illuminate\\Routing\\Route.php(265): Illuminate\\Routing\\ControllerDispatcher->dispatch(Object(Illuminate\\Routing\\Route), Object(App\\Http\\Controllers\\AdminController), 'update')
#10 C:\\Users\\Dalia\\OneDrive\\Desktop\\WorkSpace\\pulardapontenaquinta\\rotasdeteste\\vendor\\laravel\\framework\\src\\Illuminate\\Routing\\Route.php(211): Illuminate\\Routing\\Route->runController()
#11 C:\\Users\\Dalia\\OneDrive\\Desktop\\WorkSpace\\pulardapontenaquinta\\rotasdeteste\\vendor\\laravel\\framework\\src\\Illuminate\\Routing\\Router.php(808): Illuminate\\Routing\\Route->run()
#12 C:\\Users\\Dalia\\OneDrive\\Desktop\\WorkSpace\\pulardapontenaquinta\\rotasdeteste\\vendor\\laravel\\framework\\src\\Illuminate\\Pipeline\\Pipeline.php(169): Illuminate\\Routing\\Router->Illuminate\\Routing\\{closure}(Object(Illuminate\\Http\\Request))
#13 C:\\Users\\Dalia\\OneDrive\\Desktop\\WorkSpace\\pulardapontenaquinta\\rotasdeteste\\vendor\\laravel\\framework\\src\\Illuminate\\Routing\\Middleware\\SubstituteBindings.php(50): Illuminate\\Pipeline\\Pipeline->Illuminate\\Pipeline\\{closure}(Object(Illuminate\\Http\\Request))
#14 C:\\Users\\Dalia\\OneDrive\\Desktop\\WorkSpace\\pulardapontenaquinta\\rotasdeteste\\vendor\\laravel\\framework\\src\\Illuminate\\Pipeline\\Pipeline.php(208): Illuminate\\Routing\\Middleware\\SubstituteBindings->handle(Object(Illuminate\\Http\\Request), Object(Closure))
#15 C:\\Users\\Dalia\\OneDrive\\Desktop\\WorkSpace\\pulardapontenaquinta\\rotasdeteste\\vendor\\laravel\\framework\\src\\Illuminate\\Pipeline\\Pipeline.php(126): Illuminate\\Pipeline\\Pipeline->Illuminate\\Pipeline\\{closure}(Object(Illuminate\\Http\\Request))
#16 C:\\Users\\Dalia\\OneDrive\\Desktop\\WorkSpace\\pulardapontenaquinta\\rotasdeteste\\vendor\\laravel\\framework\\src\\Illuminate\\Routing\\Router.php(807): Illuminate\\Pipeline\\Pipeline->then(Object(Closure))
#17 C:\\Users\\Dalia\\OneDrive\\Desktop\\WorkSpace\\pulardapontenaquinta\\rotasdeteste\\vendor\\laravel\\framework\\src\\Illuminate\\Routing\\Router.php(786): Illuminate\\Routing\\Router->runRouteWithinStack(Object(Illuminate\\Routing\\Route), Object(Illuminate\\Http\\Request))
#18 C:\\Users\\Dalia\\OneDrive\\Desktop\\WorkSpace\\pulardapontenaquinta\\rotasdeteste\\vendor\\laravel\\framework\\src\\Illuminate\\Routing\\Router.php(750): Illuminate\\Routing\\Router->runRoute(Object(Illuminate\\Http\\Request), Object(Illuminate\\Routing\\Route))
#19 C:\\Users\\Dalia\\OneDrive\\Desktop\\WorkSpace\\pulardapontenaquinta\\rotasdeteste\\vendor\\laravel\\framework\\src\\Illuminate\\Routing\\Router.php(739): Illuminate\\Routing\\Router->dispatchToRoute(Object(Illuminate\\Http\\Request))
#20 C:\\Users\\Dalia\\OneDrive\\Desktop\\WorkSpace\\pulardapontenaquinta\\rotasdeteste\\vendor\\laravel\\framework\\src\\Illuminate\\Foundation\\Http\\Kernel.php(200): Illuminate\\Routing\\Router->dispatch(Object(Illuminate\\Http\\Request))
#21 C:\\Users\\Dalia\\OneDrive\\Desktop\\WorkSpace\\pulardapontenaquinta\\rotasdeteste\\vendor\\laravel\\framework\\src\\Illuminate\\Pipeline\\Pipeline.php(169): Illuminate\\Foundation\\Http\\Kernel->Illuminate\\Foundation\\Http\\{closure}(Object(Illuminate\\Http\\Request))
#22 C:\\Users\\Dalia\\OneDrive\\Desktop\\WorkSpace\\pulardapontenaquinta\\rotasdeteste\\vendor\\laravel\\framework\\src\\Illuminate\\Foundation\\Http\\Middleware\\TransformsRequest.php(21): Illuminate\\Pipeline\\Pipeline->Illuminate\\Pipeline\\{closure}(Object(Illuminate\\Http\\Request))
#23 C:\\Users\\Dalia\\OneDrive\\Desktop\\WorkSpace\\pulardapontenaquinta\\rotasdeteste\\vendor\\laravel\\framework\\src\\Illuminate\\Foundation\\Http\\Middleware\\ConvertEmptyStringsToNull.php(31): Illuminate\\Foundation\\Http\\Middleware\\TransformsRequest->handle(Object(Illuminate\\Http\\Request), Object(Closure))
#24 C:\\Users\\Dalia\\OneDrive\\Desktop\\WorkSpace\\pulardapontenaquinta\\rotasdeteste\\vendor\\laravel\\framework\\src\\Illuminate\\Pipeline\\Pipeline.php(208): Illuminate\\Foundation\\Http\\Middleware\\ConvertEmptyStringsToNull->handle(Object(Illuminate\\Http\\Request), Object(Closure))
#25 C:\\Users\\Dalia\\OneDrive\\Desktop\\WorkSpace\\pulardapontenaquinta\\rotasdeteste\\vendor\\laravel\\framework\\src\\Illuminate\\Foundation\\Http\\Middleware\\TransformsRequest.php(21): Illuminate\\Pipeline\\Pipeline->Illuminate\\Pipeline\\{closure}(Object(Illuminate\\Http\\Request))
#26 C:\\Users\\Dalia\\OneDrive\\Desktop\\WorkSpace\\pulardapontenaquinta\\rotasdeteste\\vendor\\laravel\\framework\\src\\Illuminate\\Foundation\\Http\\Middleware\\TrimStrings.php(51): Illuminate\\Foundation\\Http\\Middleware\\TransformsRequest->handle(Object(Illuminate\\Http\\Request), Object(Closure))
#27 C:\\Users\\Dalia\\OneDrive\\Desktop\\WorkSpace\\pulardapontenaquinta\\rotasdeteste\\vendor\\laravel\\framework\\src\\Illuminate\\Pipeline\\Pipeline.php(208): Illuminate\\Foundation\\Http\\Middleware\\TrimStrings->handle(Object(Illuminate\\Http\\Request), Object(Closure))
#28 C:\\Users\\Dalia\\OneDrive\\Desktop\\WorkSpace\\pulardapontenaquinta\\rotasdeteste\\vendor\\laravel\\framework\\src\\Illuminate\\Http\\Middleware\\ValidatePostSize.php(27): Illuminate\\Pipeline\\Pipeline->Illuminate\\Pipeline\\{closure}(Object(Illuminate\\Http\\Request))
#29 C:\\Users\\Dalia\\OneDrive\\Desktop\\WorkSpace\\pulardapontenaquinta\\rotasdeteste\\vendor\\laravel\\framework\\src\\Illuminate\\Pipeline\\Pipeline.php(208): Illuminate\\Http\\Middleware\\ValidatePostSize->handle(Object(Illuminate\\Http\\Request), Object(Closure))
#30 C:\\Users\\Dalia\\OneDrive\\Desktop\\WorkSpace\\pulardapontenaquinta\\rotasdeteste\\vendor\\laravel\\framework\\src\\Illuminate\\Foundation\\Http\\Middleware\\PreventRequestsDuringMaintenance.php(109): Illuminate\\Pipeline\\Pipeline->Illuminate\\Pipeline\\{closure}(Object(Illuminate\\Http\\Request))
#31 C:\\Users\\Dalia\\OneDrive\\Desktop\\WorkSpace\\pulardapontenaquinta\\rotasdeteste\\vendor\\laravel\\framework\\src\\Illuminate\\Pipeline\\Pipeline.php(208): Illuminate\\Foundation\\Http\\Middleware\\PreventRequestsDuringMaintenance->handle(Object(Illuminate\\Http\\Request), Object(Closure))
#32 C:\\Users\\Dalia\\OneDrive\\Desktop\\WorkSpace\\pulardapontenaquinta\\rotasdeteste\\vendor\\laravel\\framework\\src\\Illuminate\\Http\\Middleware\\HandleCors.php(61): Illuminate\\Pipeline\\Pipeline->Illuminate\\Pipeline\\{closure}(Object(Illuminate\\Http\\Request))
#33 C:\\Users\\Dalia\\OneDrive\\Desktop\\WorkSpace\\pulardapontenaquinta\\rotasdeteste\\vendor\\laravel\\framework\\src\\Illuminate\\Pipeline\\Pipeline.php(208): Illuminate\\Http\\Middleware\\HandleCors->handle(Object(Illuminate\\Http\\Request), Object(Closure))
#34 C:\\Users\\Dalia\\OneDrive\\Desktop\\WorkSpace\\pulardapontenaquinta\\rotasdeteste\\vendor\\laravel\\framework\\src\\Illuminate\\Http\\Middleware\\TrustProxies.php(58): Illuminate\\Pipeline\\Pipeline->Illuminate\\Pipeline\\{closure}(Object(Illuminate\\Http\\Request))
#35 C:\\Users\\Dalia\\OneDrive\\Desktop\\WorkSpace\\pulardapontenaquinta\\rotasdeteste\\vendor\\laravel\\framework\\src\\Illuminate\\Pipeline\\Pipeline.php(208): Illuminate\\Http\\Middleware\\TrustProxies->handle(Object(Illuminate\\Http\\Request), Object(Closure))
#36 C:\\Users\\Dalia\\OneDrive\\Desktop\\WorkSpace\\pulardapontenaquinta\\rotasdeteste\\vendor\\laravel\\framework\\src\\Illuminate\\Foundation\\Http\\Middleware\\InvokeDeferredCallbacks.php(22): Illuminate\\Pipeline\\Pipeline->Illuminate\\Pipeline\\{closure}(Object(Illuminate\\Http\\Request))
#37 C:\\Users\\Dalia\\OneDrive\\Desktop\\WorkSpace\\pulardapontenaquinta\\rotasdeteste\\vendor\\laravel\\framework\\src\\Illuminate\\Pipeline\\Pipeline.php(208): Illuminate\\Foundation\\Http\\Middleware\\InvokeDeferredCallbacks->handle(Object(Illuminate\\Http\\Request), Object(Closure))
#38 C:\\Users\\Dalia\\OneDrive\\Desktop\\WorkSpace\\pulardapontenaquinta\\rotasdeteste\\vendor\\laravel\\framework\\src\\Illuminate\\Http\\Middleware\\ValidatePathEncoding.php(26): Illuminate\\Pipeline\\Pipeline->Illuminate\\Pipeline\\{closure}(Object(Illuminate\\Http\\Request))
#39 C:\\Users\\Dalia\\OneDrive\\Desktop\\WorkSpace\\pulardapontenaquinta\\rotasdeteste\\vendor\\laravel\\framework\\src\\Illuminate\\Pipeline\\Pipeline.php(208): Illuminate\\Http\\Middleware\\ValidatePathEncoding->handle(Object(Illuminate\\Http\\Request), Object(Closure))
#40 C:\\Users\\Dalia\\OneDrive\\Desktop\\WorkSpace\\pulardapontenaquinta\\rotasdeteste\\vendor\\laravel\\framework\\src\\Illuminate\\Pipeline\\Pipeline.php(126): Illuminate\\Pipeline\\Pipeline->Illuminate\\Pipeline\\{closure}(Object(Illuminate\\Http\\Request))
#41 C:\\Users\\Dalia\\OneDrive\\Desktop\\WorkSpace\\pulardapontenaquinta\\rotasdeteste\\vendor\\laravel\\framework\\src\\Illuminate\\Foundation\\Http\\Kernel.php(175): Illuminate\\Pipeline\\Pipeline->then(Object(Closure))
#42 C:\\Users\\Dalia\\OneDrive\\Desktop\\WorkSpace\\pulardapontenaquinta\\rotasdeteste\\vendor\\laravel\\framework\\src\\Illuminate\\Foundation\\Http\\Kernel.php(144): Illuminate\\Foundation\\Http\\Kernel->sendRequestThroughRouter(Object(Illuminate\\Http\\Request))
#43 C:\\Users\\Dalia\\OneDrive\\Desktop\\WorkSpace\\pulardapontenaquinta\\rotasdeteste\\vendor\\laravel\\framework\\src\\Illuminate\\Foundation\\Application.php(1219): Illuminate\\Foundation\\Http\\Kernel->handle(Object(Illuminate\\Http\\Request))
#44 C:\\Users\\Dalia\\OneDrive\\Desktop\\WorkSpace\\pulardapontenaquinta\\rotasdeteste\\public\\index.php(20): Illuminate\\Foundation\\Application->handleRequest(Object(Illuminate\\Http\\Request))
#45 C:\\Users\\Dalia\\OneDrive\\Desktop\\WorkSpace\\pulardapontenaquinta\\rotasdeteste\\vendor\\laravel\\framework\\src\\Illuminate\\Foundation\\resources\\server.php(23): require_once('C:\\\\Users\\\\Dalia\\\\...')
#46 {main}

[previous exception] [object] (PDOException(code: 23000): SQLSTATE[23000]: Integrity constraint violation: 1048 Column 'NM_admin' cannot be null at C:\\Users\\Dalia\\OneDrive\\Desktop\\WorkSpace\\pulardapontenaquinta\\rotasdeteste\\vendor\\laravel\\framework\\src\\Illuminate\\Database\\Connection.php:593)
[stacktrace]
#0 C:\\Users\\Dalia\\OneDrive\\Desktop\\WorkSpace\\pulardapontenaquinta\\rotasdeteste\\vendor\\laravel\\framework\\src\\Illuminate\\Database\\Connection.php(593): PDOStatement->execute()
#1 C:\\Users\\Dalia\\OneDrive\\Desktop\\WorkSpace\\pulardapontenaquinta\\rotasdeteste\\vendor\\laravel\\framework\\src\\Illuminate\\Database\\Connection.php(809): Illuminate\\Database\\Connection->Illuminate\\Database\\{closure}('update `admins`...', Array)
#2 C:\\Users\\Dalia\\OneDrive\\Desktop\\WorkSpace\\pulardapontenaquinta\\rotasdeteste\\vendor\\laravel\\framework\\src\\Illuminate\\Database\\Connection.php(776): Illuminate\\Database\\Connection->runQueryCallback('update `admins`...', Array, Object(Closure))
#3 C:\\Users\\Dalia\\OneDrive\\Desktop\\WorkSpace\\pulardapontenaquinta\\rotasdeteste\\vendor\\laravel\\framework\\src\\Illuminate\\Database\\Connection.php(581): Illuminate\\Database\\Connection->run('update `admins`...', Array, Object(Closure))
#4 C:\\Users\\Dalia\\OneDrive\\Desktop\\WorkSpace\\pulardapontenaquinta\\rotasdeteste\\vendor\\laravel\\framework\\src\\Illuminate\\Database\\Connection.php(533): Illuminate\\Database\\Connection->affectingStatement('update `admins`...', Array)
#5 C:\\Users\\Dalia\\OneDrive\\Desktop\\WorkSpace\\pulardapontenaquinta\\rotasdeteste\\vendor\\laravel\\framework\\src\\Illuminate\\Database\\Query\\Builder.php(3833): Illuminate\\Database\\Connection->update('update `admins`...', Array)
#6 C:\\Users\\Dalia\\OneDrive\\Desktop\\WorkSpace\\pulardapontenaquinta\\rotasdeteste\\vendor\\laravel\\framework\\src\\Illuminate\\Database\\Eloquent\\Builder.php(1174): Illuminate\\Database\\Query\\Builder->update(Object(Illuminate\\Support\\Collection))
#7 C:\\Users\\Dalia\\OneDrive\\Desktop\\WorkSpace\\pulardapontenaquinta\\rotasdeteste\\vendor\\laravel\\framework\\src\\Illuminate\\Database\\Eloquent\\Model.php(1241): Illuminate\\Database\\Eloquent\\Builder->update(Array)
#8 C:\\Users\\Dalia\\OneDrive\\Desktop\\WorkSpace\\pulardapontenaquinta\\rotasdeteste\\vendor\\laravel\\framework\\src\\Illuminate\\Database\\Eloquent\\Model.php(1158): Illuminate\\Database\\Eloquent\\Model->performUpdate(Object(Illuminate\\Database\\Eloquent\\Builder))
#9 C:\\Users\\Dalia\\OneDrive\\Desktop\\WorkSpace\\pulardapontenaquinta\\rotasdeteste\\app\\Http\\Controllers\\AdminController.php(109): Illuminate\\Database\\Eloquent\\Model->save()
#10 C:\\Users\\Dalia\\OneDrive\\Desktop\\WorkSpace\\pulardapontenaquinta\\rotasdeteste\\vendor\\laravel\\framework\\src\\Illuminate\\Routing\\ControllerDispatcher.php(46): App\\Http\\Controllers\\AdminController->update(Object(Illuminate\\Http\\Request), '1')
#11 C:\\Users\\Dalia\\OneDrive\\Desktop\\WorkSpace\\pulardapontenaquinta\\rotasdeteste\\vendor\\laravel\\framework\\src\\Illuminate\\Routing\\Route.php(265): Illuminate\\Routing\\ControllerDispatcher->dispatch(Object(Illuminate\\Routing\\Route), Object(App\\Http\\Controllers\\AdminController), 'update')
#12 C:\\Users\\Dalia\\OneDrive\\Desktop\\WorkSpace\\pulardapontenaquinta\\rotasdeteste\\vendor\\laravel\\framework\\src\\Illuminate\\Routing\\Route.php(211): Illuminate\\Routing\\Route->runController()
#13 C:\\Users\\Dalia\\OneDrive\\Desktop\\WorkSpace\\pulardapontenaquinta\\rotasdeteste\\vendor\\laravel\\framework\\src\\Illuminate\\Routing\\Router.php(808): Illuminate\\Routing\\Route->run()
#14 C:\\Users\\Dalia\\OneDrive\\Desktop\\WorkSpace\\pulardapontenaquinta\\rotasdeteste\\vendor\\laravel\\framework\\src\\Illuminate\\Pipeline\\Pipeline.php(169): Illuminate\\Routing\\Router->Illuminate\\Routing\\{closure}(Object(Illuminate\\Http\\Request))
#15 C:\\Users\\Dalia\\OneDrive\\Desktop\\WorkSpace\\pulardapontenaquinta\\rotasdeteste\\vendor\\laravel\\framework\\src\\Illuminate\\Routing\\Middleware\\SubstituteBindings.php(50): Illuminate\\Pipeline\\Pipeline->Illuminate\\Pipeline\\{closure}(Object(Illuminate\\Http\\Request))
#16 C:\\Users\\Dalia\\OneDrive\\Desktop\\WorkSpace\\pulardapontenaquinta\\rotasdeteste\\vendor\\laravel\\framework\\src\\Illuminate\\Pipeline\\Pipeline.php(208): Illuminate\\Routing\\Middleware\\SubstituteBindings->handle(Object(Illuminate\\Http\\Request), Object(Closure))
#17 C:\\Users\\Dalia\\OneDrive\\Desktop\\WorkSpace\\pulardapontenaquinta\\rotasdeteste\\vendor\\laravel\\framework\\src\\Illuminate\\Pipeline\\Pipeline.php(126): Illuminate\\Pipeline\\Pipeline->Illuminate\\Pipeline\\{closure}(Object(Illuminate\\Http\\Request))
#18 C:\\Users\\Dalia\\OneDrive\\Desktop\\WorkSpace\\pulardapontenaquinta\\rotasdeteste\\vendor\\laravel\\framework\\src\\Illuminate\\Routing\\Router.php(807): Illuminate\\Pipeline\\Pipeline->then(Object(Closure))
#19 C:\\Users\\Dalia\\OneDrive\\Desktop\\WorkSpace\\pulardapontenaquinta\\rotasdeteste\\vendor\\laravel\\framework\\src\\Illuminate\\Routing\\Router.php(786): Illuminate\\Routing\\Router->runRouteWithinStack(Object(Illuminate\\Routing\\Route), Object(Illuminate\\Http\\Request))
#20 C:\\Users\\Dalia\\OneDrive\\Desktop\\WorkSpace\\pulardapontenaquinta\\rotasdeteste\\vendor\\laravel\\framework\\src\\Illuminate\\Routing\\Router.php(750): Illuminate\\Routing\\Router->runRoute(Object(Illuminate\\Http\\Request), Object(Illuminate\\Routing\\Route))
#21 C:\\Users\\Dalia\\OneDrive\\Desktop\\WorkSpace\\pulardapontenaquinta\\rotasdeteste\\vendor\\laravel\\framework\\src\\Illuminate\\Routing\\Router.php(739): Illuminate\\Routing\\Router->dispatchToRoute(Object(Illuminate\\Http\\Request))
#22 C:\\Users\\Dalia\\OneDrive\\Desktop\\WorkSpace\\pulardapontenaquinta\\rotasdeteste\\vendor\\laravel\\framework\\src\\Illuminate\\Foundation\\Http\\Kernel.php(200): Illuminate\\Routing\\Router->dispatch(Object(Illuminate\\Http\\Request))
#23 C:\\Users\\Dalia\\OneDrive\\Desktop\\WorkSpace\\pulardapontenaquinta\\rotasdeteste\\vendor\\laravel\\framework\\src\\Illuminate\\Pipeline\\Pipeline.php(169): Illuminate\\Foundation\\Http\\Kernel->Illuminate\\Foundation\\Http\\{closure}(Object(Illuminate\\Http\\Request))
#24 C:\\Users\\Dalia\\OneDrive\\Desktop\\WorkSpace\\pulardapontenaquinta\\rotasdeteste\\vendor\\laravel\\framework\\src\\Illuminate\\Foundation\\Http\\Middleware\\TransformsRequest.php(21): Illuminate\\Pipeline\\Pipeline->Illuminate\\Pipeline\\{closure}(Object(Illuminate\\Http\\Request))
#25 C:\\Users\\Dalia\\OneDrive\\Desktop\\WorkSpace\\pulardapontenaquinta\\rotasdeteste\\vendor\\laravel\\framework\\src\\Illuminate\\Foundation\\Http\\Middleware\\ConvertEmptyStringsToNull.php(31): Illuminate\\Foundation\\Http\\Middleware\\TransformsRequest->handle(Object(Illuminate\\Http\\Request), Object(Closure))
#26 C:\\Users\\Dalia\\OneDrive\\Desktop\\WorkSpace\\pulardapontenaquinta\\rotasdeteste\\vendor\\laravel\\framework\\src\\Illuminate\\Pipeline\\Pipeline.php(208): Illuminate\\Foundation\\Http\\Middleware\\ConvertEmptyStringsToNull->handle(Object(Illuminate\\Http\\Request), Object(Closure))
#27 C:\\Users\\Dalia\\OneDrive\\Desktop\\WorkSpace\\pulardapontenaquinta\\rotasdeteste\\vendor\\laravel\\framework\\src\\Illuminate\\Foundation\\Http\\Middleware\\TransformsRequest.php(21): Illuminate\\Pipeline\\Pipeline->Illuminate\\Pipeline\\{closure}(Object(Illuminate\\Http\\Request))
#28 C:\\Users\\Dalia\\OneDrive\\Desktop\\WorkSpace\\pulardapontenaquinta\\rotasdeteste\\vendor\\laravel\\framework\\src\\Illuminate\\Foundation\\Http\\Middleware\\TrimStrings.php(51): Illuminate\\Foundation\\Http\\Middleware\\TransformsRequest->handle(Object(Illuminate\\Http\\Request), Object(Closure))
#29 C:\\Users\\Dalia\\OneDrive\\Desktop\\WorkSpace\\pulardapontenaquinta\\rotasdeteste\\vendor\\laravel\\framework\\src\\Illuminate\\Pipeline\\Pipeline.php(208): Illuminate\\Foundation\\Http\\Middleware\\TrimStrings->handle(Object(Illuminate\\Http\\Request), Object(Closure))
#30 C:\\Users\\Dalia\\OneDrive\\Desktop\\WorkSpace\\pulardapontenaquinta\\rotasdeteste\\vendor\\laravel\\framework\\src\\Illuminate\\Http\\Middleware\\ValidatePostSize.php(27): Illuminate\\Pipeline\\Pipeline->Illuminate\\Pipeline\\{closure}(Object(Illuminate\\Http\\Request))
#31 C:\\Users\\Dalia\\OneDrive\\Desktop\\WorkSpace\\pulardapontenaquinta\\rotasdeteste\\vendor\\laravel\\framework\\src\\Illuminate\\Pipeline\\Pipeline.php(208): Illuminate\\Http\\Middleware\\ValidatePostSize->handle(Object(Illuminate\\Http\\Request), Object(Closure))
#32 C:\\Users\\Dalia\\OneDrive\\Desktop\\WorkSpace\\pulardapontenaquinta\\rotasdeteste\\vendor\\laravel\\framework\\src\\Illuminate\\Foundation\\Http\\Middleware\\PreventRequestsDuringMaintenance.php(109): Illuminate\\Pipeline\\Pipeline->Illuminate\\Pipeline\\{closure}(Object(Illuminate\\Http\\Request))
#33 C:\\Users\\Dalia\\OneDrive\\Desktop\\WorkSpace\\pulardapontenaquinta\\rotasdeteste\\vendor\\laravel\\framework\\src\\Illuminate\\Pipeline\\Pipeline.php(208): Illuminate\\Foundation\\Http\\Middleware\\PreventRequestsDuringMaintenance->handle(Object(Illuminate\\Http\\Request), Object(Closure))
#34 C:\\Users\\Dalia\\OneDrive\\Desktop\\WorkSpace\\pulardapontenaquinta\\rotasdeteste\\vendor\\laravel\\framework\\src\\Illuminate\\Http\\Middleware\\HandleCors.php(61): Illuminate\\Pipeline\\Pipeline->Illuminate\\Pipeline\\{closure}(Object(Illuminate\\Http\\Request))
#35 C:\\Users\\Dalia\\OneDrive\\Desktop\\WorkSpace\\pulardapontenaquinta\\rotasdeteste\\vendor\\laravel\\framework\\src\\Illuminate\\Pipeline\\Pipeline.php(208): Illuminate\\Http\\Middleware\\HandleCors->handle(Object(Illuminate\\Http\\Request), Object(Closure))
#36 C:\\Users\\Dalia\\OneDrive\\Desktop\\WorkSpace\\pulardapontenaquinta\\rotasdeteste\\vendor\\laravel\\framework\\src\\Illuminate\\Http\\Middleware\\TrustProxies.php(58): Illuminate\\Pipeline\\Pipeline->Illuminate\\Pipeline\\{closure}(Object(Illuminate\\Http\\Request))
#37 C:\\Users\\Dalia\\OneDrive\\Desktop\\WorkSpace\\pulardapontenaquinta\\rotasdeteste\\vendor\\laravel\\framework\\src\\Illuminate\\Pipeline\\Pipeline.php(208): Illuminate\\Http\\Middleware\\TrustProxies->handle(Object(Illuminate\\Http\\Request), Object(Closure))
#38 C:\\Users\\Dalia\\OneDrive\\Desktop\\WorkSpace\\pulardapontenaquinta\\rotasdeteste\\vendor\\laravel\\framework\\src\\Illuminate\\Foundation\\Http\\Middleware\\InvokeDeferredCallbacks.php(22): Illuminate\\Pipeline\\Pipeline->Illuminate\\Pipeline\\{closure}(Object(Illuminate\\Http\\Request))
#39 C:\\Users\\Dalia\\OneDrive\\Desktop\\WorkSpace\\pulardapontenaquinta\\rotasdeteste\\vendor\\laravel\\framework\\src\\Illuminate\\Pipeline\\Pipeline.php(208): Illuminate\\Foundation\\Http\\Middleware\\InvokeDeferredCallbacks->handle(Object(Illuminate\\Http\\Request), Object(Closure))
#40 C:\\Users\\Dalia\\OneDrive\\Desktop\\WorkSpace\\pulardapontenaquinta\\rotasdeteste\\vendor\\laravel\\framework\\src\\Illuminate\\Http\\Middleware\\ValidatePathEncoding.php(26): Illuminate\\Pipeline\\Pipeline->Illuminate\\Pipeline\\{closure}(Object(Illuminate\\Http\\Request))
#41 C:\\Users\\Dalia\\OneDrive\\Desktop\\WorkSpace\\pulardapontenaquinta\\rotasdeteste\\vendor\\laravel\\framework\\src\\Illuminate\\Pipeline\\Pipeline.php(208): Illuminate\\Http\\Middleware\\ValidatePathEncoding->handle(Object(Illuminate\\Http\\Request), Object(Closure))
#42 C:\\Users\\Dalia\\OneDrive\\Desktop\\WorkSpace\\pulardapontenaquinta\\rotasdeteste\\vendor\\laravel\\framework\\src\\Illuminate\\Pipeline\\Pipeline.php(126): Illuminate\\Pipeline\\Pipeline->Illuminate\\Pipeline\\{closure}(Object(Illuminate\\Http\\Request))
#43 C:\\Users\\Dalia\\OneDrive\\Desktop\\WorkSpace\\pulardapontenaquinta\\rotasdeteste\\vendor\\laravel\\framework\\src\\Illuminate\\Foundation\\Http\\Kernel.php(175): Illuminate\\Pipeline\\Pipeline->then(Object(Closure))
#44 C:\\Users\\Dalia\\OneDrive\\Desktop\\WorkSpace\\pulardapontenaquinta\\rotasdeteste\\vendor\\laravel\\framework\\src\\Illuminate\\Foundation\\Http\\Kernel.php(144): Illuminate\\Foundation\\Http\\Kernel->sendRequestThroughRouter(Object(Illuminate\\Http\\Request))
#45 C:\\Users\\Dalia\\OneDrive\\Desktop\\WorkSpace\\pulardapontenaquinta\\rotasdeteste\\vendor\\laravel\\framework\\src\\Illuminate\\Foundation\\Application.php(1219): Illuminate\\Foundation\\Http\\Kernel->handle(Object(Illuminate\\Http\\Request))
#46 C:\\Users\\Dalia\\OneDrive\\Desktop\\WorkSpace\\pulardapontenaquinta\\rotasdeteste\\public\\index.php(20): Illuminate\\Foundation\\Application->handleRequest(Object(Illuminate\\Http\\Request))
#47 C:\\Users\\Dalia\\OneDrive\\Desktop\\WorkSpace\\pulardapontenaquinta\\rotasdeteste\\vendor\\laravel\\framework\\src\\Illuminate\\Foundation\\resources\\server.php(23): require_once('C:\\\\Users\\\\Dalia\\\\...')
#48 {main}
"} 
[2025-04-18 01:05:26] local.ERROR: SQLSTATE[23000]: Integrity constraint violation: 1048 Column 'NM_admin' cannot be null (Connection: mysql, SQL: update `admins` set `NM_admin` = ?, `email` = vsvesdr@, `senha` = 84147, `admins`.`updated_at` = 2025-04-18 01:05:25 where `id` = 1) {"exception":"[object] (Illuminate\\Database\\QueryException(code: 23000): SQLSTATE[23000]: Integrity constraint violation: 1048 Column 'NM_admin' cannot be null (Connection: mysql, SQL: update `admins` set `NM_admin` = ?, `email` = vsvesdr@, `senha` = 84147, `admins`.`updated_at` = 2025-04-18 01:05:25 where `id` = 1) at C:\\Users\\Dalia\\OneDrive\\Desktop\\WorkSpace\\pulardapontenaquinta\\rotasdeteste\\vendor\\laravel\\framework\\src\\Illuminate\\Database\\Connection.php:822)
[stacktrace]
#0 C:\\Users\\Dalia\\OneDrive\\Desktop\\WorkSpace\\pulardapontenaquinta\\rotasdeteste\\vendor\\laravel\\framework\\src\\Illuminate\\Database\\Connection.php(776): Illuminate\\Database\\Connection->runQueryCallback('update `admins`...', Array, Object(Closure))
#1 C:\\Users\\Dalia\\OneDrive\\Desktop\\WorkSpace\\pulardapontenaquinta\\rotasdeteste\\vendor\\laravel\\framework\\src\\Illuminate\\Database\\Connection.php(581): Illuminate\\Database\\Connection->run('update `admins`...', Array, Object(Closure))
#2 C:\\Users\\Dalia\\OneDrive\\Desktop\\WorkSpace\\pulardapontenaquinta\\rotasdeteste\\vendor\\laravel\\framework\\src\\Illuminate\\Database\\Connection.php(533): Illuminate\\Database\\Connection->affectingStatement('update `admins`...', Array)
#3 C:\\Users\\Dalia\\OneDrive\\Desktop\\WorkSpace\\pulardapontenaquinta\\rotasdeteste\\vendor\\laravel\\framework\\src\\Illuminate\\Database\\Query\\Builder.php(3833): Illuminate\\Database\\Connection->update('update `admins`...', Array)
#4 C:\\Users\\Dalia\\OneDrive\\Desktop\\WorkSpace\\pulardapontenaquinta\\rotasdeteste\\vendor\\laravel\\framework\\src\\Illuminate\\Database\\Eloquent\\Builder.php(1174): Illuminate\\Database\\Query\\Builder->update(Object(Illuminate\\Support\\Collection))
#5 C:\\Users\\Dalia\\OneDrive\\Desktop\\WorkSpace\\pulardapontenaquinta\\rotasdeteste\\vendor\\laravel\\framework\\src\\Illuminate\\Database\\Eloquent\\Model.php(1241): Illuminate\\Database\\Eloquent\\Builder->update(Array)
#6 C:\\Users\\Dalia\\OneDrive\\Desktop\\WorkSpace\\pulardapontenaquinta\\rotasdeteste\\vendor\\laravel\\framework\\src\\Illuminate\\Database\\Eloquent\\Model.php(1158): Illuminate\\Database\\Eloquent\\Model->performUpdate(Object(Illuminate\\Database\\Eloquent\\Builder))
#7 C:\\Users\\Dalia\\OneDrive\\Desktop\\WorkSpace\\pulardapontenaquinta\\rotasdeteste\\app\\Http\\Controllers\\AdminController.php(109): Illuminate\\Database\\Eloquent\\Model->save()
#8 C:\\Users\\Dalia\\OneDrive\\Desktop\\WorkSpace\\pulardapontenaquinta\\rotasdeteste\\vendor\\laravel\\framework\\src\\Illuminate\\Routing\\ControllerDispatcher.php(46): App\\Http\\Controllers\\AdminController->update(Object(Illuminate\\Http\\Request), '1')
#9 C:\\Users\\Dalia\\OneDrive\\Desktop\\WorkSpace\\pulardapontenaquinta\\rotasdeteste\\vendor\\laravel\\framework\\src\\Illuminate\\Routing\\Route.php(265): Illuminate\\Routing\\ControllerDispatcher->dispatch(Object(Illuminate\\Routing\\Route), Object(App\\Http\\Controllers\\AdminController), 'update')
#10 C:\\Users\\Dalia\\OneDrive\\Desktop\\WorkSpace\\pulardapontenaquinta\\rotasdeteste\\vendor\\laravel\\framework\\src\\Illuminate\\Routing\\Route.php(211): Illuminate\\Routing\\Route->runController()
#11 C:\\Users\\Dalia\\OneDrive\\Desktop\\WorkSpace\\pulardapontenaquinta\\rotasdeteste\\vendor\\laravel\\framework\\src\\Illuminate\\Routing\\Router.php(808): Illuminate\\Routing\\Route->run()
#12 C:\\Users\\Dalia\\OneDrive\\Desktop\\WorkSpace\\pulardapontenaquinta\\rotasdeteste\\vendor\\laravel\\framework\\src\\Illuminate\\Pipeline\\Pipeline.php(169): Illuminate\\Routing\\Router->Illuminate\\Routing\\{closure}(Object(Illuminate\\Http\\Request))
#13 C:\\Users\\Dalia\\OneDrive\\Desktop\\WorkSpace\\pulardapontenaquinta\\rotasdeteste\\vendor\\laravel\\framework\\src\\Illuminate\\Routing\\Middleware\\SubstituteBindings.php(50): Illuminate\\Pipeline\\Pipeline->Illuminate\\Pipeline\\{closure}(Object(Illuminate\\Http\\Request))
#14 C:\\Users\\Dalia\\OneDrive\\Desktop\\WorkSpace\\pulardapontenaquinta\\rotasdeteste\\vendor\\laravel\\framework\\src\\Illuminate\\Pipeline\\Pipeline.php(208): Illuminate\\Routing\\Middleware\\SubstituteBindings->handle(Object(Illuminate\\Http\\Request), Object(Closure))
#15 C:\\Users\\Dalia\\OneDrive\\Desktop\\WorkSpace\\pulardapontenaquinta\\rotasdeteste\\vendor\\laravel\\framework\\src\\Illuminate\\Pipeline\\Pipeline.php(126): Illuminate\\Pipeline\\Pipeline->Illuminate\\Pipeline\\{closure}(Object(Illuminate\\Http\\Request))
#16 C:\\Users\\Dalia\\OneDrive\\Desktop\\WorkSpace\\pulardapontenaquinta\\rotasdeteste\\vendor\\laravel\\framework\\src\\Illuminate\\Routing\\Router.php(807): Illuminate\\Pipeline\\Pipeline->then(Object(Closure))
#17 C:\\Users\\Dalia\\OneDrive\\Desktop\\WorkSpace\\pulardapontenaquinta\\rotasdeteste\\vendor\\laravel\\framework\\src\\Illuminate\\Routing\\Router.php(786): Illuminate\\Routing\\Router->runRouteWithinStack(Object(Illuminate\\Routing\\Route), Object(Illuminate\\Http\\Request))
#18 C:\\Users\\Dalia\\OneDrive\\Desktop\\WorkSpace\\pulardapontenaquinta\\rotasdeteste\\vendor\\laravel\\framework\\src\\Illuminate\\Routing\\Router.php(750): Illuminate\\Routing\\Router->runRoute(Object(Illuminate\\Http\\Request), Object(Illuminate\\Routing\\Route))
#19 C:\\Users\\Dalia\\OneDrive\\Desktop\\WorkSpace\\pulardapontenaquinta\\rotasdeteste\\vendor\\laravel\\framework\\src\\Illuminate\\Routing\\Router.php(739): Illuminate\\Routing\\Router->dispatchToRoute(Object(Illuminate\\Http\\Request))
#20 C:\\Users\\Dalia\\OneDrive\\Desktop\\WorkSpace\\pulardapontenaquinta\\rotasdeteste\\vendor\\laravel\\framework\\src\\Illuminate\\Foundation\\Http\\Kernel.php(200): Illuminate\\Routing\\Router->dispatch(Object(Illuminate\\Http\\Request))
#21 C:\\Users\\Dalia\\OneDrive\\Desktop\\WorkSpace\\pulardapontenaquinta\\rotasdeteste\\vendor\\laravel\\framework\\src\\Illuminate\\Pipeline\\Pipeline.php(169): Illuminate\\Foundation\\Http\\Kernel->Illuminate\\Foundation\\Http\\{closure}(Object(Illuminate\\Http\\Request))
#22 C:\\Users\\Dalia\\OneDrive\\Desktop\\WorkSpace\\pulardapontenaquinta\\rotasdeteste\\vendor\\laravel\\framework\\src\\Illuminate\\Foundation\\Http\\Middleware\\TransformsRequest.php(21): Illuminate\\Pipeline\\Pipeline->Illuminate\\Pipeline\\{closure}(Object(Illuminate\\Http\\Request))
#23 C:\\Users\\Dalia\\OneDrive\\Desktop\\WorkSpace\\pulardapontenaquinta\\rotasdeteste\\vendor\\laravel\\framework\\src\\Illuminate\\Foundation\\Http\\Middleware\\ConvertEmptyStringsToNull.php(31): Illuminate\\Foundation\\Http\\Middleware\\TransformsRequest->handle(Object(Illuminate\\Http\\Request), Object(Closure))
#24 C:\\Users\\Dalia\\OneDrive\\Desktop\\WorkSpace\\pulardapontenaquinta\\rotasdeteste\\vendor\\laravel\\framework\\src\\Illuminate\\Pipeline\\Pipeline.php(208): Illuminate\\Foundation\\Http\\Middleware\\ConvertEmptyStringsToNull->handle(Object(Illuminate\\Http\\Request), Object(Closure))
#25 C:\\Users\\Dalia\\OneDrive\\Desktop\\WorkSpace\\pulardapontenaquinta\\rotasdeteste\\vendor\\laravel\\framework\\src\\Illuminate\\Foundation\\Http\\Middleware\\TransformsRequest.php(21): Illuminate\\Pipeline\\Pipeline->Illuminate\\Pipeline\\{closure}(Object(Illuminate\\Http\\Request))
#26 C:\\Users\\Dalia\\OneDrive\\Desktop\\WorkSpace\\pulardapontenaquinta\\rotasdeteste\\vendor\\laravel\\framework\\src\\Illuminate\\Foundation\\Http\\Middleware\\TrimStrings.php(51): Illuminate\\Foundation\\Http\\Middleware\\TransformsRequest->handle(Object(Illuminate\\Http\\Request), Object(Closure))
#27 C:\\Users\\Dalia\\OneDrive\\Desktop\\WorkSpace\\pulardapontenaquinta\\rotasdeteste\\vendor\\laravel\\framework\\src\\Illuminate\\Pipeline\\Pipeline.php(208): Illuminate\\Foundation\\Http\\Middleware\\TrimStrings->handle(Object(Illuminate\\Http\\Request), Object(Closure))
#28 C:\\Users\\Dalia\\OneDrive\\Desktop\\WorkSpace\\pulardapontenaquinta\\rotasdeteste\\vendor\\laravel\\framework\\src\\Illuminate\\Http\\Middleware\\ValidatePostSize.php(27): Illuminate\\Pipeline\\Pipeline->Illuminate\\Pipeline\\{closure}(Object(Illuminate\\Http\\Request))
#29 C:\\Users\\Dalia\\OneDrive\\Desktop\\WorkSpace\\pulardapontenaquinta\\rotasdeteste\\vendor\\laravel\\framework\\src\\Illuminate\\Pipeline\\Pipeline.php(208): Illuminate\\Http\\Middleware\\ValidatePostSize->handle(Object(Illuminate\\Http\\Request), Object(Closure))
#30 C:\\Users\\Dalia\\OneDrive\\Desktop\\WorkSpace\\pulardapontenaquinta\\rotasdeteste\\vendor\\laravel\\framework\\src\\Illuminate\\Foundation\\Http\\Middleware\\PreventRequestsDuringMaintenance.php(109): Illuminate\\Pipeline\\Pipeline->Illuminate\\Pipeline\\{closure}(Object(Illuminate\\Http\\Request))
#31 C:\\Users\\Dalia\\OneDrive\\Desktop\\WorkSpace\\pulardapontenaquinta\\rotasdeteste\\vendor\\laravel\\framework\\src\\Illuminate\\Pipeline\\Pipeline.php(208): Illuminate\\Foundation\\Http\\Middleware\\PreventRequestsDuringMaintenance->handle(Object(Illuminate\\Http\\Request), Object(Closure))
#32 C:\\Users\\Dalia\\OneDrive\\Desktop\\WorkSpace\\pulardapontenaquinta\\rotasdeteste\\vendor\\laravel\\framework\\src\\Illuminate\\Http\\Middleware\\HandleCors.php(61): Illuminate\\Pipeline\\Pipeline->Illuminate\\Pipeline\\{closure}(Object(Illuminate\\Http\\Request))
#33 C:\\Users\\Dalia\\OneDrive\\Desktop\\WorkSpace\\pulardapontenaquinta\\rotasdeteste\\vendor\\laravel\\framework\\src\\Illuminate\\Pipeline\\Pipeline.php(208): Illuminate\\Http\\Middleware\\HandleCors->handle(Object(Illuminate\\Http\\Request), Object(Closure))
#34 C:\\Users\\Dalia\\OneDrive\\Desktop\\WorkSpace\\pulardapontenaquinta\\rotasdeteste\\vendor\\laravel\\framework\\src\\Illuminate\\Http\\Middleware\\TrustProxies.php(58): Illuminate\\Pipeline\\Pipeline->Illuminate\\Pipeline\\{closure}(Object(Illuminate\\Http\\Request))
#35 C:\\Users\\Dalia\\OneDrive\\Desktop\\WorkSpace\\pulardapontenaquinta\\rotasdeteste\\vendor\\laravel\\framework\\src\\Illuminate\\Pipeline\\Pipeline.php(208): Illuminate\\Http\\Middleware\\TrustProxies->handle(Object(Illuminate\\Http\\Request), Object(Closure))
#36 C:\\Users\\Dalia\\OneDrive\\Desktop\\WorkSpace\\pulardapontenaquinta\\rotasdeteste\\vendor\\laravel\\framework\\src\\Illuminate\\Foundation\\Http\\Middleware\\InvokeDeferredCallbacks.php(22): Illuminate\\Pipeline\\Pipeline->Illuminate\\Pipeline\\{closure}(Object(Illuminate\\Http\\Request))
#37 C:\\Users\\Dalia\\OneDrive\\Desktop\\WorkSpace\\pulardapontenaquinta\\rotasdeteste\\vendor\\laravel\\framework\\src\\Illuminate\\Pipeline\\Pipeline.php(208): Illuminate\\Foundation\\Http\\Middleware\\InvokeDeferredCallbacks->handle(Object(Illuminate\\Http\\Request), Object(Closure))
#38 C:\\Users\\Dalia\\OneDrive\\Desktop\\WorkSpace\\pulardapontenaquinta\\rotasdeteste\\vendor\\laravel\\framework\\src\\Illuminate\\Http\\Middleware\\ValidatePathEncoding.php(26): Illuminate\\Pipeline\\Pipeline->Illuminate\\Pipeline\\{closure}(Object(Illuminate\\Http\\Request))
#39 C:\\Users\\Dalia\\OneDrive\\Desktop\\WorkSpace\\pulardapontenaquinta\\rotasdeteste\\vendor\\laravel\\framework\\src\\Illuminate\\Pipeline\\Pipeline.php(208): Illuminate\\Http\\Middleware\\ValidatePathEncoding->handle(Object(Illuminate\\Http\\Request), Object(Closure))
#40 C:\\Users\\Dalia\\OneDrive\\Desktop\\WorkSpace\\pulardapontenaquinta\\rotasdeteste\\vendor\\laravel\\framework\\src\\Illuminate\\Pipeline\\Pipeline.php(126): Illuminate\\Pipeline\\Pipeline->Illuminate\\Pipeline\\{closure}(Object(Illuminate\\Http\\Request))
#41 C:\\Users\\Dalia\\OneDrive\\Desktop\\WorkSpace\\pulardapontenaquinta\\rotasdeteste\\vendor\\laravel\\framework\\src\\Illuminate\\Foundation\\Http\\Kernel.php(175): Illuminate\\Pipeline\\Pipeline->then(Object(Closure))
#42 C:\\Users\\Dalia\\OneDrive\\Desktop\\WorkSpace\\pulardapontenaquinta\\rotasdeteste\\vendor\\laravel\\framework\\src\\Illuminate\\Foundation\\Http\\Kernel.php(144): Illuminate\\Foundation\\Http\\Kernel->sendRequestThroughRouter(Object(Illuminate\\Http\\Request))
#43 C:\\Users\\Dalia\\OneDrive\\Desktop\\WorkSpace\\pulardapontenaquinta\\rotasdeteste\\vendor\\laravel\\framework\\src\\Illuminate\\Foundation\\Application.php(1219): Illuminate\\Foundation\\Http\\Kernel->handle(Object(Illuminate\\Http\\Request))
#44 C:\\Users\\Dalia\\OneDrive\\Desktop\\WorkSpace\\pulardapontenaquinta\\rotasdeteste\\public\\index.php(20): Illuminate\\Foundation\\Application->handleRequest(Object(Illuminate\\Http\\Request))
#45 C:\\Users\\Dalia\\OneDrive\\Desktop\\WorkSpace\\pulardapontenaquinta\\rotasdeteste\\vendor\\laravel\\framework\\src\\Illuminate\\Foundation\\resources\\server.php(23): require_once('C:\\\\Users\\\\Dalia\\\\...')
#46 {main}

[previous exception] [object] (PDOException(code: 23000): SQLSTATE[23000]: Integrity constraint violation: 1048 Column 'NM_admin' cannot be null at C:\\Users\\Dalia\\OneDrive\\Desktop\\WorkSpace\\pulardapontenaquinta\\rotasdeteste\\vendor\\laravel\\framework\\src\\Illuminate\\Database\\Connection.php:593)
[stacktrace]
#0 C:\\Users\\Dalia\\OneDrive\\Desktop\\WorkSpace\\pulardapontenaquinta\\rotasdeteste\\vendor\\laravel\\framework\\src\\Illuminate\\Database\\Connection.php(593): PDOStatement->execute()
#1 C:\\Users\\Dalia\\OneDrive\\Desktop\\WorkSpace\\pulardapontenaquinta\\rotasdeteste\\vendor\\laravel\\framework\\src\\Illuminate\\Database\\Connection.php(809): Illuminate\\Database\\Connection->Illuminate\\Database\\{closure}('update `admins`...', Array)
#2 C:\\Users\\Dalia\\OneDrive\\Desktop\\WorkSpace\\pulardapontenaquinta\\rotasdeteste\\vendor\\laravel\\framework\\src\\Illuminate\\Database\\Connection.php(776): Illuminate\\Database\\Connection->runQueryCallback('update `admins`...', Array, Object(Closure))
#3 C:\\Users\\Dalia\\OneDrive\\Desktop\\WorkSpace\\pulardapontenaquinta\\rotasdeteste\\vendor\\laravel\\framework\\src\\Illuminate\\Database\\Connection.php(581): Illuminate\\Database\\Connection->run('update `admins`...', Array, Object(Closure))
#4 C:\\Users\\Dalia\\OneDrive\\Desktop\\WorkSpace\\pulardapontenaquinta\\rotasdeteste\\vendor\\laravel\\framework\\src\\Illuminate\\Database\\Connection.php(533): Illuminate\\Database\\Connection->affectingStatement('update `admins`...', Array)
#5 C:\\Users\\Dalia\\OneDrive\\Desktop\\WorkSpace\\pulardapontenaquinta\\rotasdeteste\\vendor\\laravel\\framework\\src\\Illuminate\\Database\\Query\\Builder.php(3833): Illuminate\\Database\\Connection->update('update `admins`...', Array)
#6 C:\\Users\\Dalia\\OneDrive\\Desktop\\WorkSpace\\pulardapontenaquinta\\rotasdeteste\\vendor\\laravel\\framework\\src\\Illuminate\\Database\\Eloquent\\Builder.php(1174): Illuminate\\Database\\Query\\Builder->update(Object(Illuminate\\Support\\Collection))
#7 C:\\Users\\Dalia\\OneDrive\\Desktop\\WorkSpace\\pulardapontenaquinta\\rotasdeteste\\vendor\\laravel\\framework\\src\\Illuminate\\Database\\Eloquent\\Model.php(1241): Illuminate\\Database\\Eloquent\\Builder->update(Array)
#8 C:\\Users\\Dalia\\OneDrive\\Desktop\\WorkSpace\\pulardapontenaquinta\\rotasdeteste\\vendor\\laravel\\framework\\src\\Illuminate\\Database\\Eloquent\\Model.php(1158): Illuminate\\Database\\Eloquent\\Model->performUpdate(Object(Illuminate\\Database\\Eloquent\\Builder))
#9 C:\\Users\\Dalia\\OneDrive\\Desktop\\WorkSpace\\pulardapontenaquinta\\rotasdeteste\\app\\Http\\Controllers\\AdminController.php(109): Illuminate\\Database\\Eloquent\\Model->save()
#10 C:\\Users\\Dalia\\OneDrive\\Desktop\\WorkSpace\\pulardapontenaquinta\\rotasdeteste\\vendor\\laravel\\framework\\src\\Illuminate\\Routing\\ControllerDispatcher.php(46): App\\Http\\Controllers\\AdminController->update(Object(Illuminate\\Http\\Request), '1')
#11 C:\\Users\\Dalia\\OneDrive\\Desktop\\WorkSpace\\pulardapontenaquinta\\rotasdeteste\\vendor\\laravel\\framework\\src\\Illuminate\\Routing\\Route.php(265): Illuminate\\Routing\\ControllerDispatcher->dispatch(Object(Illuminate\\Routing\\Route), Object(App\\Http\\Controllers\\AdminController), 'update')
#12 C:\\Users\\Dalia\\OneDrive\\Desktop\\WorkSpace\\pulardapontenaquinta\\rotasdeteste\\vendor\\laravel\\framework\\src\\Illuminate\\Routing\\Route.php(211): Illuminate\\Routing\\Route->runController()
#13 C:\\Users\\Dalia\\OneDrive\\Desktop\\WorkSpace\\pulardapontenaquinta\\rotasdeteste\\vendor\\laravel\\framework\\src\\Illuminate\\Routing\\Router.php(808): Illuminate\\Routing\\Route->run()
#14 C:\\Users\\Dalia\\OneDrive\\Desktop\\WorkSpace\\pulardapontenaquinta\\rotasdeteste\\vendor\\laravel\\framework\\src\\Illuminate\\Pipeline\\Pipeline.php(169): Illuminate\\Routing\\Router->Illuminate\\Routing\\{closure}(Object(Illuminate\\Http\\Request))
#15 C:\\Users\\Dalia\\OneDrive\\Desktop\\WorkSpace\\pulardapontenaquinta\\rotasdeteste\\vendor\\laravel\\framework\\src\\Illuminate\\Routing\\Middleware\\SubstituteBindings.php(50): Illuminate\\Pipeline\\Pipeline->Illuminate\\Pipeline\\{closure}(Object(Illuminate\\Http\\Request))
#16 C:\\Users\\Dalia\\OneDrive\\Desktop\\WorkSpace\\pulardapontenaquinta\\rotasdeteste\\vendor\\laravel\\framework\\src\\Illuminate\\Pipeline\\Pipeline.php(208): Illuminate\\Routing\\Middleware\\SubstituteBindings->handle(Object(Illuminate\\Http\\Request), Object(Closure))
#17 C:\\Users\\Dalia\\OneDrive\\Desktop\\WorkSpace\\pulardapontenaquinta\\rotasdeteste\\vendor\\laravel\\framework\\src\\Illuminate\\Pipeline\\Pipeline.php(126): Illuminate\\Pipeline\\Pipeline->Illuminate\\Pipeline\\{closure}(Object(Illuminate\\Http\\Request))
#18 C:\\Users\\Dalia\\OneDrive\\Desktop\\WorkSpace\\pulardapontenaquinta\\rotasdeteste\\vendor\\laravel\\framework\\src\\Illuminate\\Routing\\Router.php(807): Illuminate\\Pipeline\\Pipeline->then(Object(Closure))
#19 C:\\Users\\Dalia\\OneDrive\\Desktop\\WorkSpace\\pulardapontenaquinta\\rotasdeteste\\vendor\\laravel\\framework\\src\\Illuminate\\Routing\\Router.php(786): Illuminate\\Routing\\Router->runRouteWithinStack(Object(Illuminate\\Routing\\Route), Object(Illuminate\\Http\\Request))
#20 C:\\Users\\Dalia\\OneDrive\\Desktop\\WorkSpace\\pulardapontenaquinta\\rotasdeteste\\vendor\\laravel\\framework\\src\\Illuminate\\Routing\\Router.php(750): Illuminate\\Routing\\Router->runRoute(Object(Illuminate\\Http\\Request), Object(Illuminate\\Routing\\Route))
#21 C:\\Users\\Dalia\\OneDrive\\Desktop\\WorkSpace\\pulardapontenaquinta\\rotasdeteste\\vendor\\laravel\\framework\\src\\Illuminate\\Routing\\Router.php(739): Illuminate\\Routing\\Router->dispatchToRoute(Object(Illuminate\\Http\\Request))
#22 C:\\Users\\Dalia\\OneDrive\\Desktop\\WorkSpace\\pulardapontenaquinta\\rotasdeteste\\vendor\\laravel\\framework\\src\\Illuminate\\Foundation\\Http\\Kernel.php(200): Illuminate\\Routing\\Router->dispatch(Object(Illuminate\\Http\\Request))
#23 C:\\Users\\Dalia\\OneDrive\\Desktop\\WorkSpace\\pulardapontenaquinta\\rotasdeteste\\vendor\\laravel\\framework\\src\\Illuminate\\Pipeline\\Pipeline.php(169): Illuminate\\Foundation\\Http\\Kernel->Illuminate\\Foundation\\Http\\{closure}(Object(Illuminate\\Http\\Request))
#24 C:\\Users\\Dalia\\OneDrive\\Desktop\\WorkSpace\\pulardapontenaquinta\\rotasdeteste\\vendor\\laravel\\framework\\src\\Illuminate\\Foundation\\Http\\Middleware\\TransformsRequest.php(21): Illuminate\\Pipeline\\Pipeline->Illuminate\\Pipeline\\{closure}(Object(Illuminate\\Http\\Request))
#25 C:\\Users\\Dalia\\OneDrive\\Desktop\\WorkSpace\\pulardapontenaquinta\\rotasdeteste\\vendor\\laravel\\framework\\src\\Illuminate\\Foundation\\Http\\Middleware\\ConvertEmptyStringsToNull.php(31): Illuminate\\Foundation\\Http\\Middleware\\TransformsRequest->handle(Object(Illuminate\\Http\\Request), Object(Closure))
#26 C:\\Users\\Dalia\\OneDrive\\Desktop\\WorkSpace\\pulardapontenaquinta\\rotasdeteste\\vendor\\laravel\\framework\\src\\Illuminate\\Pipeline\\Pipeline.php(208): Illuminate\\Foundation\\Http\\Middleware\\ConvertEmptyStringsToNull->handle(Object(Illuminate\\Http\\Request), Object(Closure))
#27 C:\\Users\\Dalia\\OneDrive\\Desktop\\WorkSpace\\pulardapontenaquinta\\rotasdeteste\\vendor\\laravel\\framework\\src\\Illuminate\\Foundation\\Http\\Middleware\\TransformsRequest.php(21): Illuminate\\Pipeline\\Pipeline->Illuminate\\Pipeline\\{closure}(Object(Illuminate\\Http\\Request))
#28 C:\\Users\\Dalia\\OneDrive\\Desktop\\WorkSpace\\pulardapontenaquinta\\rotasdeteste\\vendor\\laravel\\framework\\src\\Illuminate\\Foundation\\Http\\Middleware\\TrimStrings.php(51): Illuminate\\Foundation\\Http\\Middleware\\TransformsRequest->handle(Object(Illuminate\\Http\\Request), Object(Closure))
#29 C:\\Users\\Dalia\\OneDrive\\Desktop\\WorkSpace\\pulardapontenaquinta\\rotasdeteste\\vendor\\laravel\\framework\\src\\Illuminate\\Pipeline\\Pipeline.php(208): Illuminate\\Foundation\\Http\\Middleware\\TrimStrings->handle(Object(Illuminate\\Http\\Request), Object(Closure))
#30 C:\\Users\\Dalia\\OneDrive\\Desktop\\WorkSpace\\pulardapontenaquinta\\rotasdeteste\\vendor\\laravel\\framework\\src\\Illuminate\\Http\\Middleware\\ValidatePostSize.php(27): Illuminate\\Pipeline\\Pipeline->Illuminate\\Pipeline\\{closure}(Object(Illuminate\\Http\\Request))
#31 C:\\Users\\Dalia\\OneDrive\\Desktop\\WorkSpace\\pulardapontenaquinta\\rotasdeteste\\vendor\\laravel\\framework\\src\\Illuminate\\Pipeline\\Pipeline.php(208): Illuminate\\Http\\Middleware\\ValidatePostSize->handle(Object(Illuminate\\Http\\Request), Object(Closure))
#32 C:\\Users\\Dalia\\OneDrive\\Desktop\\WorkSpace\\pulardapontenaquinta\\rotasdeteste\\vendor\\laravel\\framework\\src\\Illuminate\\Foundation\\Http\\Middleware\\PreventRequestsDuringMaintenance.php(109): Illuminate\\Pipeline\\Pipeline->Illuminate\\Pipeline\\{closure}(Object(Illuminate\\Http\\Request))
#33 C:\\Users\\Dalia\\OneDrive\\Desktop\\WorkSpace\\pulardapontenaquinta\\rotasdeteste\\vendor\\laravel\\framework\\src\\Illuminate\\Pipeline\\Pipeline.php(208): Illuminate\\Foundation\\Http\\Middleware\\PreventRequestsDuringMaintenance->handle(Object(Illuminate\\Http\\Request), Object(Closure))
#34 C:\\Users\\Dalia\\OneDrive\\Desktop\\WorkSpace\\pulardapontenaquinta\\rotasdeteste\\vendor\\laravel\\framework\\src\\Illuminate\\Http\\Middleware\\HandleCors.php(61): Illuminate\\Pipeline\\Pipeline->Illuminate\\Pipeline\\{closure}(Object(Illuminate\\Http\\Request))
#35 C:\\Users\\Dalia\\OneDrive\\Desktop\\WorkSpace\\pulardapontenaquinta\\rotasdeteste\\vendor\\laravel\\framework\\src\\Illuminate\\Pipeline\\Pipeline.php(208): Illuminate\\Http\\Middleware\\HandleCors->handle(Object(Illuminate\\Http\\Request), Object(Closure))
#36 C:\\Users\\Dalia\\OneDrive\\Desktop\\WorkSpace\\pulardapontenaquinta\\rotasdeteste\\vendor\\laravel\\framework\\src\\Illuminate\\Http\\Middleware\\TrustProxies.php(58): Illuminate\\Pipeline\\Pipeline->Illuminate\\Pipeline\\{closure}(Object(Illuminate\\Http\\Request))
#37 C:\\Users\\Dalia\\OneDrive\\Desktop\\WorkSpace\\pulardapontenaquinta\\rotasdeteste\\vendor\\laravel\\framework\\src\\Illuminate\\Pipeline\\Pipeline.php(208): Illuminate\\Http\\Middleware\\TrustProxies->handle(Object(Illuminate\\Http\\Request), Object(Closure))
#38 C:\\Users\\Dalia\\OneDrive\\Desktop\\WorkSpace\\pulardapontenaquinta\\rotasdeteste\\vendor\\laravel\\framework\\src\\Illuminate\\Foundation\\Http\\Middleware\\InvokeDeferredCallbacks.php(22): Illuminate\\Pipeline\\Pipeline->Illuminate\\Pipeline\\{closure}(Object(Illuminate\\Http\\Request))
#39 C:\\Users\\Dalia\\OneDrive\\Desktop\\WorkSpace\\pulardapontenaquinta\\rotasdeteste\\vendor\\laravel\\framework\\src\\Illuminate\\Pipeline\\Pipeline.php(208): Illuminate\\Foundation\\Http\\Middleware\\InvokeDeferredCallbacks->handle(Object(Illuminate\\Http\\Request), Object(Closure))
#40 C:\\Users\\Dalia\\OneDrive\\Desktop\\WorkSpace\\pulardapontenaquinta\\rotasdeteste\\vendor\\laravel\\framework\\src\\Illuminate\\Http\\Middleware\\ValidatePathEncoding.php(26): Illuminate\\Pipeline\\Pipeline->Illuminate\\Pipeline\\{closure}(Object(Illuminate\\Http\\Request))
#41 C:\\Users\\Dalia\\OneDrive\\Desktop\\WorkSpace\\pulardapontenaquinta\\rotasdeteste\\vendor\\laravel\\framework\\src\\Illuminate\\Pipeline\\Pipeline.php(208): Illuminate\\Http\\Middleware\\ValidatePathEncoding->handle(Object(Illuminate\\Http\\Request), Object(Closure))
#42 C:\\Users\\Dalia\\OneDrive\\Desktop\\WorkSpace\\pulardapontenaquinta\\rotasdeteste\\vendor\\laravel\\framework\\src\\Illuminate\\Pipeline\\Pipeline.php(126): Illuminate\\Pipeline\\Pipeline->Illuminate\\Pipeline\\{closure}(Object(Illuminate\\Http\\Request))
#43 C:\\Users\\Dalia\\OneDrive\\Desktop\\WorkSpace\\pulardapontenaquinta\\rotasdeteste\\vendor\\laravel\\framework\\src\\Illuminate\\Foundation\\Http\\Kernel.php(175): Illuminate\\Pipeline\\Pipeline->then(Object(Closure))
#44 C:\\Users\\Dalia\\OneDrive\\Desktop\\WorkSpace\\pulardapontenaquinta\\rotasdeteste\\vendor\\laravel\\framework\\src\\Illuminate\\Foundation\\Http\\Kernel.php(144): Illuminate\\Foundation\\Http\\Kernel->sendRequestThroughRouter(Object(Illuminate\\Http\\Request))
#45 C:\\Users\\Dalia\\OneDrive\\Desktop\\WorkSpace\\pulardapontenaquinta\\rotasdeteste\\vendor\\laravel\\framework\\src\\Illuminate\\Foundation\\Application.php(1219): Illuminate\\Foundation\\Http\\Kernel->handle(Object(Illuminate\\Http\\Request))
#46 C:\\Users\\Dalia\\OneDrive\\Desktop\\WorkSpace\\pulardapontenaquinta\\rotasdeteste\\public\\index.php(20): Illuminate\\Foundation\\Application->handleRequest(Object(Illuminate\\Http\\Request))
#47 C:\\Users\\Dalia\\OneDrive\\Desktop\\WorkSpace\\pulardapontenaquinta\\rotasdeteste\\vendor\\laravel\\framework\\src\\Illuminate\\Foundation\\resources\\server.php(23): require_once('C:\\\\Users\\\\Dalia\\\\...')
#48 {main}
"} 
[2025-04-18 01:10:59] local.ERROR: Undefined variable $regUsuarios {"exception":"[object] (ErrorException(code: 0): Undefined variable $regUsuarios at C:\\Users\\Dalia\\OneDrive\\Desktop\\WorkSpace\\pulardapontenaquinta\\rotasdeteste\\app\\Http\\Controllers\\FormularioController.php:67)
[stacktrace]
#0 C:\\Users\\Dalia\\OneDrive\\Desktop\\WorkSpace\\pulardapontenaquinta\\rotasdeteste\\vendor\\laravel\\framework\\src\\Illuminate\\Foundation\\Bootstrap\\HandleExceptions.php(256): Illuminate\\Foundation\\Bootstrap\\HandleExceptions->handleError(2, 'Undefined varia...', 'C:\\\\Users\\\\Dalia\\\\...', 67)
#1 C:\\Users\\Dalia\\OneDrive\\Desktop\\WorkSpace\\pulardapontenaquinta\\rotasdeteste\\app\\Http\\Controllers\\FormularioController.php(67): Illuminate\\Foundation\\Bootstrap\\HandleExceptions->Illuminate\\Foundation\\Bootstrap\\{closure}(2, 'Undefined varia...', 'C:\\\\Users\\\\Dalia\\\\...', 67)
#2 C:\\Users\\Dalia\\OneDrive\\Desktop\\WorkSpace\\pulardapontenaquinta\\rotasdeteste\\vendor\\laravel\\framework\\src\\Illuminate\\Routing\\ControllerDispatcher.php(46): App\\Http\\Controllers\\FormularioController->show('1')
#3 C:\\Users\\Dalia\\OneDrive\\Desktop\\WorkSpace\\pulardapontenaquinta\\rotasdeteste\\vendor\\laravel\\framework\\src\\Illuminate\\Routing\\Route.php(265): Illuminate\\Routing\\ControllerDispatcher->dispatch(Object(Illuminate\\Routing\\Route), Object(App\\Http\\Controllers\\FormularioController), 'show')
#4 C:\\Users\\Dalia\\OneDrive\\Desktop\\WorkSpace\\pulardapontenaquinta\\rotasdeteste\\vendor\\laravel\\framework\\src\\Illuminate\\Routing\\Route.php(211): Illuminate\\Routing\\Route->runController()
#5 C:\\Users\\Dalia\\OneDrive\\Desktop\\WorkSpace\\pulardapontenaquinta\\rotasdeteste\\vendor\\laravel\\framework\\src\\Illuminate\\Routing\\Router.php(808): Illuminate\\Routing\\Route->run()
#6 C:\\Users\\Dalia\\OneDrive\\Desktop\\WorkSpace\\pulardapontenaquinta\\rotasdeteste\\vendor\\laravel\\framework\\src\\Illuminate\\Pipeline\\Pipeline.php(169): Illuminate\\Routing\\Router->Illuminate\\Routing\\{closure}(Object(Illuminate\\Http\\Request))
#7 C:\\Users\\Dalia\\OneDrive\\Desktop\\WorkSpace\\pulardapontenaquinta\\rotasdeteste\\vendor\\laravel\\framework\\src\\Illuminate\\Routing\\Middleware\\SubstituteBindings.php(50): Illuminate\\Pipeline\\Pipeline->Illuminate\\Pipeline\\{closure}(Object(Illuminate\\Http\\Request))
#8 C:\\Users\\Dalia\\OneDrive\\Desktop\\WorkSpace\\pulardapontenaquinta\\rotasdeteste\\vendor\\laravel\\framework\\src\\Illuminate\\Pipeline\\Pipeline.php(208): Illuminate\\Routing\\Middleware\\SubstituteBindings->handle(Object(Illuminate\\Http\\Request), Object(Closure))
#9 C:\\Users\\Dalia\\OneDrive\\Desktop\\WorkSpace\\pulardapontenaquinta\\rotasdeteste\\vendor\\laravel\\framework\\src\\Illuminate\\Pipeline\\Pipeline.php(126): Illuminate\\Pipeline\\Pipeline->Illuminate\\Pipeline\\{closure}(Object(Illuminate\\Http\\Request))
#10 C:\\Users\\Dalia\\OneDrive\\Desktop\\WorkSpace\\pulardapontenaquinta\\rotasdeteste\\vendor\\laravel\\framework\\src\\Illuminate\\Routing\\Router.php(807): Illuminate\\Pipeline\\Pipeline->then(Object(Closure))
#11 C:\\Users\\Dalia\\OneDrive\\Desktop\\WorkSpace\\pulardapontenaquinta\\rotasdeteste\\vendor\\laravel\\framework\\src\\Illuminate\\Routing\\Router.php(786): Illuminate\\Routing\\Router->runRouteWithinStack(Object(Illuminate\\Routing\\Route), Object(Illuminate\\Http\\Request))
#12 C:\\Users\\Dalia\\OneDrive\\Desktop\\WorkSpace\\pulardapontenaquinta\\rotasdeteste\\vendor\\laravel\\framework\\src\\Illuminate\\Routing\\Router.php(750): Illuminate\\Routing\\Router->runRoute(Object(Illuminate\\Http\\Request), Object(Illuminate\\Routing\\Route))
#13 C:\\Users\\Dalia\\OneDrive\\Desktop\\WorkSpace\\pulardapontenaquinta\\rotasdeteste\\vendor\\laravel\\framework\\src\\Illuminate\\Routing\\Router.php(739): Illuminate\\Routing\\Router->dispatchToRoute(Object(Illuminate\\Http\\Request))
#14 C:\\Users\\Dalia\\OneDrive\\Desktop\\WorkSpace\\pulardapontenaquinta\\rotasdeteste\\vendor\\laravel\\framework\\src\\Illuminate\\Foundation\\Http\\Kernel.php(200): Illuminate\\Routing\\Router->dispatch(Object(Illuminate\\Http\\Request))
#15 C:\\Users\\Dalia\\OneDrive\\Desktop\\WorkSpace\\pulardapontenaquinta\\rotasdeteste\\vendor\\laravel\\framework\\src\\Illuminate\\Pipeline\\Pipeline.php(169): Illuminate\\Foundation\\Http\\Kernel->Illuminate\\Foundation\\Http\\{closure}(Object(Illuminate\\Http\\Request))
#16 C:\\Users\\Dalia\\OneDrive\\Desktop\\WorkSpace\\pulardapontenaquinta\\rotasdeteste\\vendor\\laravel\\framework\\src\\Illuminate\\Foundation\\Http\\Middleware\\TransformsRequest.php(21): Illuminate\\Pipeline\\Pipeline->Illuminate\\Pipeline\\{closure}(Object(Illuminate\\Http\\Request))
#17 C:\\Users\\Dalia\\OneDrive\\Desktop\\WorkSpace\\pulardapontenaquinta\\rotasdeteste\\vendor\\laravel\\framework\\src\\Illuminate\\Foundation\\Http\\Middleware\\ConvertEmptyStringsToNull.php(31): Illuminate\\Foundation\\Http\\Middleware\\TransformsRequest->handle(Object(Illuminate\\Http\\Request), Object(Closure))
#18 C:\\Users\\Dalia\\OneDrive\\Desktop\\WorkSpace\\pulardapontenaquinta\\rotasdeteste\\vendor\\laravel\\framework\\src\\Illuminate\\Pipeline\\Pipeline.php(208): Illuminate\\Foundation\\Http\\Middleware\\ConvertEmptyStringsToNull->handle(Object(Illuminate\\Http\\Request), Object(Closure))
#19 C:\\Users\\Dalia\\OneDrive\\Desktop\\WorkSpace\\pulardapontenaquinta\\rotasdeteste\\vendor\\laravel\\framework\\src\\Illuminate\\Foundation\\Http\\Middleware\\TransformsRequest.php(21): Illuminate\\Pipeline\\Pipeline->Illuminate\\Pipeline\\{closure}(Object(Illuminate\\Http\\Request))
#20 C:\\Users\\Dalia\\OneDrive\\Desktop\\WorkSpace\\pulardapontenaquinta\\rotasdeteste\\vendor\\laravel\\framework\\src\\Illuminate\\Foundation\\Http\\Middleware\\TrimStrings.php(51): Illuminate\\Foundation\\Http\\Middleware\\TransformsRequest->handle(Object(Illuminate\\Http\\Request), Object(Closure))
#21 C:\\Users\\Dalia\\OneDrive\\Desktop\\WorkSpace\\pulardapontenaquinta\\rotasdeteste\\vendor\\laravel\\framework\\src\\Illuminate\\Pipeline\\Pipeline.php(208): Illuminate\\Foundation\\Http\\Middleware\\TrimStrings->handle(Object(Illuminate\\Http\\Request), Object(Closure))
#22 C:\\Users\\Dalia\\OneDrive\\Desktop\\WorkSpace\\pulardapontenaquinta\\rotasdeteste\\vendor\\laravel\\framework\\src\\Illuminate\\Http\\Middleware\\ValidatePostSize.php(27): Illuminate\\Pipeline\\Pipeline->Illuminate\\Pipeline\\{closure}(Object(Illuminate\\Http\\Request))
#23 C:\\Users\\Dalia\\OneDrive\\Desktop\\WorkSpace\\pulardapontenaquinta\\rotasdeteste\\vendor\\laravel\\framework\\src\\Illuminate\\Pipeline\\Pipeline.php(208): Illuminate\\Http\\Middleware\\ValidatePostSize->handle(Object(Illuminate\\Http\\Request), Object(Closure))
#24 C:\\Users\\Dalia\\OneDrive\\Desktop\\WorkSpace\\pulardapontenaquinta\\rotasdeteste\\vendor\\laravel\\framework\\src\\Illuminate\\Foundation\\Http\\Middleware\\PreventRequestsDuringMaintenance.php(109): Illuminate\\Pipeline\\Pipeline->Illuminate\\Pipeline\\{closure}(Object(Illuminate\\Http\\Request))
#25 C:\\Users\\Dalia\\OneDrive\\Desktop\\WorkSpace\\pulardapontenaquinta\\rotasdeteste\\vendor\\laravel\\framework\\src\\Illuminate\\Pipeline\\Pipeline.php(208): Illuminate\\Foundation\\Http\\Middleware\\PreventRequestsDuringMaintenance->handle(Object(Illuminate\\Http\\Request), Object(Closure))
#26 C:\\Users\\Dalia\\OneDrive\\Desktop\\WorkSpace\\pulardapontenaquinta\\rotasdeteste\\vendor\\laravel\\framework\\src\\Illuminate\\Http\\Middleware\\HandleCors.php(61): Illuminate\\Pipeline\\Pipeline->Illuminate\\Pipeline\\{closure}(Object(Illuminate\\Http\\Request))
#27 C:\\Users\\Dalia\\OneDrive\\Desktop\\WorkSpace\\pulardapontenaquinta\\rotasdeteste\\vendor\\laravel\\framework\\src\\Illuminate\\Pipeline\\Pipeline.php(208): Illuminate\\Http\\Middleware\\HandleCors->handle(Object(Illuminate\\Http\\Request), Object(Closure))
#28 C:\\Users\\Dalia\\OneDrive\\Desktop\\WorkSpace\\pulardapontenaquinta\\rotasdeteste\\vendor\\laravel\\framework\\src\\Illuminate\\Http\\Middleware\\TrustProxies.php(58): Illuminate\\Pipeline\\Pipeline->Illuminate\\Pipeline\\{closure}(Object(Illuminate\\Http\\Request))
#29 C:\\Users\\Dalia\\OneDrive\\Desktop\\WorkSpace\\pulardapontenaquinta\\rotasdeteste\\vendor\\laravel\\framework\\src\\Illuminate\\Pipeline\\Pipeline.php(208): Illuminate\\Http\\Middleware\\TrustProxies->handle(Object(Illuminate\\Http\\Request), Object(Closure))
#30 C:\\Users\\Dalia\\OneDrive\\Desktop\\WorkSpace\\pulardapontenaquinta\\rotasdeteste\\vendor\\laravel\\framework\\src\\Illuminate\\Foundation\\Http\\Middleware\\InvokeDeferredCallbacks.php(22): Illuminate\\Pipeline\\Pipeline->Illuminate\\Pipeline\\{closure}(Object(Illuminate\\Http\\Request))
#31 C:\\Users\\Dalia\\OneDrive\\Desktop\\WorkSpace\\pulardapontenaquinta\\rotasdeteste\\vendor\\laravel\\framework\\src\\Illuminate\\Pipeline\\Pipeline.php(208): Illuminate\\Foundation\\Http\\Middleware\\InvokeDeferredCallbacks->handle(Object(Illuminate\\Http\\Request), Object(Closure))
#32 C:\\Users\\Dalia\\OneDrive\\Desktop\\WorkSpace\\pulardapontenaquinta\\rotasdeteste\\vendor\\laravel\\framework\\src\\Illuminate\\Http\\Middleware\\ValidatePathEncoding.php(26): Illuminate\\Pipeline\\Pipeline->Illuminate\\Pipeline\\{closure}(Object(Illuminate\\Http\\Request))
#33 C:\\Users\\Dalia\\OneDrive\\Desktop\\WorkSpace\\pulardapontenaquinta\\rotasdeteste\\vendor\\laravel\\framework\\src\\Illuminate\\Pipeline\\Pipeline.php(208): Illuminate\\Http\\Middleware\\ValidatePathEncoding->handle(Object(Illuminate\\Http\\Request), Object(Closure))
#34 C:\\Users\\Dalia\\OneDrive\\Desktop\\WorkSpace\\pulardapontenaquinta\\rotasdeteste\\vendor\\laravel\\framework\\src\\Illuminate\\Pipeline\\Pipeline.php(126): Illuminate\\Pipeline\\Pipeline->Illuminate\\Pipeline\\{closure}(Object(Illuminate\\Http\\Request))
#35 C:\\Users\\Dalia\\OneDrive\\Desktop\\WorkSpace\\pulardapontenaquinta\\rotasdeteste\\vendor\\laravel\\framework\\src\\Illuminate\\Foundation\\Http\\Kernel.php(175): Illuminate\\Pipeline\\Pipeline->then(Object(Closure))
#36 C:\\Users\\Dalia\\OneDrive\\Desktop\\WorkSpace\\pulardapontenaquinta\\rotasdeteste\\vendor\\laravel\\framework\\src\\Illuminate\\Foundation\\Http\\Kernel.php(144): Illuminate\\Foundation\\Http\\Kernel->sendRequestThroughRouter(Object(Illuminate\\Http\\Request))
#37 C:\\Users\\Dalia\\OneDrive\\Desktop\\WorkSpace\\pulardapontenaquinta\\rotasdeteste\\vendor\\laravel\\framework\\src\\Illuminate\\Foundation\\Application.php(1219): Illuminate\\Foundation\\Http\\Kernel->handle(Object(Illuminate\\Http\\Request))
#38 C:\\Users\\Dalia\\OneDrive\\Desktop\\WorkSpace\\pulardapontenaquinta\\rotasdeteste\\public\\index.php(20): Illuminate\\Foundation\\Application->handleRequest(Object(Illuminate\\Http\\Request))
#39 C:\\Users\\Dalia\\OneDrive\\Desktop\\WorkSpace\\pulardapontenaquinta\\rotasdeteste\\vendor\\laravel\\framework\\src\\Illuminate\\Foundation\\resources\\server.php(23): require_once('C:\\\\Users\\\\Dalia\\\\...')
#40 {main}
"} 
[2025-04-18 01:15:34] local.ERROR: SQLSTATE[HY000]: General error: 1364 Field 'endereco_instituicao' doesn't have a default value (Connection: mysql, SQL: insert into `instituicoes` (`NM_instituicao`, `email_instituicao`, `senha`, `descricao`, `telefone`, `updated_at`, `created_at`) values (acvaca, adfefcve@, 12345, cacwcacw, 12455245, 2025-04-18 01:15:34, 2025-04-18 01:15:34)) {"exception":"[object] (Illuminate\\Database\\QueryException(code: HY000): SQLSTATE[HY000]: General error: 1364 Field 'endereco_instituicao' doesn't have a default value (Connection: mysql, SQL: insert into `instituicoes` (`NM_instituicao`, `email_instituicao`, `senha`, `descricao`, `telefone`, `updated_at`, `created_at`) values (acvaca, adfefcve@, 12345, cacwcacw, 12455245, 2025-04-18 01:15:34, 2025-04-18 01:15:34)) at C:\\Users\\Dalia\\OneDrive\\Desktop\\WorkSpace\\pulardapontenaquinta\\rotasdeteste\\vendor\\laravel\\framework\\src\\Illuminate\\Database\\Connection.php:822)
[stacktrace]
#0 C:\\Users\\Dalia\\OneDrive\\Desktop\\WorkSpace\\pulardapontenaquinta\\rotasdeteste\\vendor\\laravel\\framework\\src\\Illuminate\\Database\\Connection.php(776): Illuminate\\Database\\Connection->runQueryCallback('insert into `in...', Array, Object(Closure))
#1 C:\\Users\\Dalia\\OneDrive\\Desktop\\WorkSpace\\pulardapontenaquinta\\rotasdeteste\\vendor\\laravel\\framework\\src\\Illuminate\\Database\\MySqlConnection.php(42): Illuminate\\Database\\Connection->run('insert into `in...', Array, Object(Closure))
#2 C:\\Users\\Dalia\\OneDrive\\Desktop\\WorkSpace\\pulardapontenaquinta\\rotasdeteste\\vendor\\laravel\\framework\\src\\Illuminate\\Database\\Query\\Processors\\MySqlProcessor.php(35): Illuminate\\Database\\MySqlConnection->insert('insert into `in...', Array, 'id')
#3 C:\\Users\\Dalia\\OneDrive\\Desktop\\WorkSpace\\pulardapontenaquinta\\rotasdeteste\\vendor\\laravel\\framework\\src\\Illuminate\\Database\\Query\\Builder.php(3769): Illuminate\\Database\\Query\\Processors\\MySqlProcessor->processInsertGetId(Object(Illuminate\\Database\\Query\\Builder), 'insert into `in...', Array, 'id')
#4 C:\\Users\\Dalia\\OneDrive\\Desktop\\WorkSpace\\pulardapontenaquinta\\rotasdeteste\\vendor\\laravel\\framework\\src\\Illuminate\\Database\\Eloquent\\Builder.php(2143): Illuminate\\Database\\Query\\Builder->insertGetId(Array, 'id')
#5 C:\\Users\\Dalia\\OneDrive\\Desktop\\WorkSpace\\pulardapontenaquinta\\rotasdeteste\\vendor\\laravel\\framework\\src\\Illuminate\\Database\\Eloquent\\Model.php(1361): Illuminate\\Database\\Eloquent\\Builder->__call('insertGetId', Array)
#6 C:\\Users\\Dalia\\OneDrive\\Desktop\\WorkSpace\\pulardapontenaquinta\\rotasdeteste\\vendor\\laravel\\framework\\src\\Illuminate\\Database\\Eloquent\\Model.php(1326): Illuminate\\Database\\Eloquent\\Model->insertAndSetId(Object(Illuminate\\Database\\Eloquent\\Builder), Array)
#7 C:\\Users\\Dalia\\OneDrive\\Desktop\\WorkSpace\\pulardapontenaquinta\\rotasdeteste\\vendor\\laravel\\framework\\src\\Illuminate\\Database\\Eloquent\\Model.php(1165): Illuminate\\Database\\Eloquent\\Model->performInsert(Object(Illuminate\\Database\\Eloquent\\Builder))
#8 C:\\Users\\Dalia\\OneDrive\\Desktop\\WorkSpace\\pulardapontenaquinta\\rotasdeteste\\vendor\\laravel\\framework\\src\\Illuminate\\Database\\Eloquent\\Builder.php(1127): Illuminate\\Database\\Eloquent\\Model->save()
#9 C:\\Users\\Dalia\\OneDrive\\Desktop\\WorkSpace\\pulardapontenaquinta\\rotasdeteste\\vendor\\laravel\\framework\\src\\Illuminate\\Support\\helpers.php(399): Illuminate\\Database\\Eloquent\\Builder->Illuminate\\Database\\Eloquent\\{closure}(Object(App\\Models\\Instituicoes))
#10 C:\\Users\\Dalia\\OneDrive\\Desktop\\WorkSpace\\pulardapontenaquinta\\rotasdeteste\\vendor\\laravel\\framework\\src\\Illuminate\\Database\\Eloquent\\Builder.php(1126): tap(Object(App\\Models\\Instituicoes), Object(Closure))
#11 C:\\Users\\Dalia\\OneDrive\\Desktop\\WorkSpace\\pulardapontenaquinta\\rotasdeteste\\vendor\\laravel\\framework\\src\\Illuminate\\Support\\Traits\\ForwardsCalls.php(23): Illuminate\\Database\\Eloquent\\Builder->create(Array)
#12 C:\\Users\\Dalia\\OneDrive\\Desktop\\WorkSpace\\pulardapontenaquinta\\rotasdeteste\\vendor\\laravel\\framework\\src\\Illuminate\\Database\\Eloquent\\Model.php(2392): Illuminate\\Database\\Eloquent\\Model->forwardCallTo(Object(Illuminate\\Database\\Eloquent\\Builder), 'create', Array)
#13 C:\\Users\\Dalia\\OneDrive\\Desktop\\WorkSpace\\pulardapontenaquinta\\rotasdeteste\\vendor\\laravel\\framework\\src\\Illuminate\\Database\\Eloquent\\Model.php(2408): Illuminate\\Database\\Eloquent\\Model->__call('create', Array)
#14 C:\\Users\\Dalia\\OneDrive\\Desktop\\WorkSpace\\pulardapontenaquinta\\rotasdeteste\\app\\Http\\Controllers\\InstituicoesController.php(46): Illuminate\\Database\\Eloquent\\Model::__callStatic('create', Array)
#15 C:\\Users\\Dalia\\OneDrive\\Desktop\\WorkSpace\\pulardapontenaquinta\\rotasdeteste\\vendor\\laravel\\framework\\src\\Illuminate\\Routing\\ControllerDispatcher.php(46): App\\Http\\Controllers\\InstituicoesController->store(Object(Illuminate\\Http\\Request))
#16 C:\\Users\\Dalia\\OneDrive\\Desktop\\WorkSpace\\pulardapontenaquinta\\rotasdeteste\\vendor\\laravel\\framework\\src\\Illuminate\\Routing\\Route.php(265): Illuminate\\Routing\\ControllerDispatcher->dispatch(Object(Illuminate\\Routing\\Route), Object(App\\Http\\Controllers\\InstituicoesController), 'store')
#17 C:\\Users\\Dalia\\OneDrive\\Desktop\\WorkSpace\\pulardapontenaquinta\\rotasdeteste\\vendor\\laravel\\framework\\src\\Illuminate\\Routing\\Route.php(211): Illuminate\\Routing\\Route->runController()
#18 C:\\Users\\Dalia\\OneDrive\\Desktop\\WorkSpace\\pulardapontenaquinta\\rotasdeteste\\vendor\\laravel\\framework\\src\\Illuminate\\Routing\\Router.php(808): Illuminate\\Routing\\Route->run()
#19 C:\\Users\\Dalia\\OneDrive\\Desktop\\WorkSpace\\pulardapontenaquinta\\rotasdeteste\\vendor\\laravel\\framework\\src\\Illuminate\\Pipeline\\Pipeline.php(169): Illuminate\\Routing\\Router->Illuminate\\Routing\\{closure}(Object(Illuminate\\Http\\Request))
#20 C:\\Users\\Dalia\\OneDrive\\Desktop\\WorkSpace\\pulardapontenaquinta\\rotasdeteste\\vendor\\laravel\\framework\\src\\Illuminate\\Routing\\Middleware\\SubstituteBindings.php(50): Illuminate\\Pipeline\\Pipeline->Illuminate\\Pipeline\\{closure}(Object(Illuminate\\Http\\Request))
#21 C:\\Users\\Dalia\\OneDrive\\Desktop\\WorkSpace\\pulardapontenaquinta\\rotasdeteste\\vendor\\laravel\\framework\\src\\Illuminate\\Pipeline\\Pipeline.php(208): Illuminate\\Routing\\Middleware\\SubstituteBindings->handle(Object(Illuminate\\Http\\Request), Object(Closure))
#22 C:\\Users\\Dalia\\OneDrive\\Desktop\\WorkSpace\\pulardapontenaquinta\\rotasdeteste\\vendor\\laravel\\framework\\src\\Illuminate\\Pipeline\\Pipeline.php(126): Illuminate\\Pipeline\\Pipeline->Illuminate\\Pipeline\\{closure}(Object(Illuminate\\Http\\Request))
#23 C:\\Users\\Dalia\\OneDrive\\Desktop\\WorkSpace\\pulardapontenaquinta\\rotasdeteste\\vendor\\laravel\\framework\\src\\Illuminate\\Routing\\Router.php(807): Illuminate\\Pipeline\\Pipeline->then(Object(Closure))
#24 C:\\Users\\Dalia\\OneDrive\\Desktop\\WorkSpace\\pulardapontenaquinta\\rotasdeteste\\vendor\\laravel\\framework\\src\\Illuminate\\Routing\\Router.php(786): Illuminate\\Routing\\Router->runRouteWithinStack(Object(Illuminate\\Routing\\Route), Object(Illuminate\\Http\\Request))
#25 C:\\Users\\Dalia\\OneDrive\\Desktop\\WorkSpace\\pulardapontenaquinta\\rotasdeteste\\vendor\\laravel\\framework\\src\\Illuminate\\Routing\\Router.php(750): Illuminate\\Routing\\Router->runRoute(Object(Illuminate\\Http\\Request), Object(Illuminate\\Routing\\Route))
#26 C:\\Users\\Dalia\\OneDrive\\Desktop\\WorkSpace\\pulardapontenaquinta\\rotasdeteste\\vendor\\laravel\\framework\\src\\Illuminate\\Routing\\Router.php(739): Illuminate\\Routing\\Router->dispatchToRoute(Object(Illuminate\\Http\\Request))
#27 C:\\Users\\Dalia\\OneDrive\\Desktop\\WorkSpace\\pulardapontenaquinta\\rotasdeteste\\vendor\\laravel\\framework\\src\\Illuminate\\Foundation\\Http\\Kernel.php(200): Illuminate\\Routing\\Router->dispatch(Object(Illuminate\\Http\\Request))
#28 C:\\Users\\Dalia\\OneDrive\\Desktop\\WorkSpace\\pulardapontenaquinta\\rotasdeteste\\vendor\\laravel\\framework\\src\\Illuminate\\Pipeline\\Pipeline.php(169): Illuminate\\Foundation\\Http\\Kernel->Illuminate\\Foundation\\Http\\{closure}(Object(Illuminate\\Http\\Request))
#29 C:\\Users\\Dalia\\OneDrive\\Desktop\\WorkSpace\\pulardapontenaquinta\\rotasdeteste\\vendor\\laravel\\framework\\src\\Illuminate\\Foundation\\Http\\Middleware\\TransformsRequest.php(21): Illuminate\\Pipeline\\Pipeline->Illuminate\\Pipeline\\{closure}(Object(Illuminate\\Http\\Request))
#30 C:\\Users\\Dalia\\OneDrive\\Desktop\\WorkSpace\\pulardapontenaquinta\\rotasdeteste\\vendor\\laravel\\framework\\src\\Illuminate\\Foundation\\Http\\Middleware\\ConvertEmptyStringsToNull.php(31): Illuminate\\Foundation\\Http\\Middleware\\TransformsRequest->handle(Object(Illuminate\\Http\\Request), Object(Closure))
#31 C:\\Users\\Dalia\\OneDrive\\Desktop\\WorkSpace\\pulardapontenaquinta\\rotasdeteste\\vendor\\laravel\\framework\\src\\Illuminate\\Pipeline\\Pipeline.php(208): Illuminate\\Foundation\\Http\\Middleware\\ConvertEmptyStringsToNull->handle(Object(Illuminate\\Http\\Request), Object(Closure))
#32 C:\\Users\\Dalia\\OneDrive\\Desktop\\WorkSpace\\pulardapontenaquinta\\rotasdeteste\\vendor\\laravel\\framework\\src\\Illuminate\\Foundation\\Http\\Middleware\\TransformsRequest.php(21): Illuminate\\Pipeline\\Pipeline->Illuminate\\Pipeline\\{closure}(Object(Illuminate\\Http\\Request))
#33 C:\\Users\\Dalia\\OneDrive\\Desktop\\WorkSpace\\pulardapontenaquinta\\rotasdeteste\\vendor\\laravel\\framework\\src\\Illuminate\\Foundation\\Http\\Middleware\\TrimStrings.php(51): Illuminate\\Foundation\\Http\\Middleware\\TransformsRequest->handle(Object(Illuminate\\Http\\Request), Object(Closure))
#34 C:\\Users\\Dalia\\OneDrive\\Desktop\\WorkSpace\\pulardapontenaquinta\\rotasdeteste\\vendor\\laravel\\framework\\src\\Illuminate\\Pipeline\\Pipeline.php(208): Illuminate\\Foundation\\Http\\Middleware\\TrimStrings->handle(Object(Illuminate\\Http\\Request), Object(Closure))
#35 C:\\Users\\Dalia\\OneDrive\\Desktop\\WorkSpace\\pulardapontenaquinta\\rotasdeteste\\vendor\\laravel\\framework\\src\\Illuminate\\Http\\Middleware\\ValidatePostSize.php(27): Illuminate\\Pipeline\\Pipeline->Illuminate\\Pipeline\\{closure}(Object(Illuminate\\Http\\Request))
#36 C:\\Users\\Dalia\\OneDrive\\Desktop\\WorkSpace\\pulardapontenaquinta\\rotasdeteste\\vendor\\laravel\\framework\\src\\Illuminate\\Pipeline\\Pipeline.php(208): Illuminate\\Http\\Middleware\\ValidatePostSize->handle(Object(Illuminate\\Http\\Request), Object(Closure))
#37 C:\\Users\\Dalia\\OneDrive\\Desktop\\WorkSpace\\pulardapontenaquinta\\rotasdeteste\\vendor\\laravel\\framework\\src\\Illuminate\\Foundation\\Http\\Middleware\\PreventRequestsDuringMaintenance.php(109): Illuminate\\Pipeline\\Pipeline->Illuminate\\Pipeline\\{closure}(Object(Illuminate\\Http\\Request))
#38 C:\\Users\\Dalia\\OneDrive\\Desktop\\WorkSpace\\pulardapontenaquinta\\rotasdeteste\\vendor\\laravel\\framework\\src\\Illuminate\\Pipeline\\Pipeline.php(208): Illuminate\\Foundation\\Http\\Middleware\\PreventRequestsDuringMaintenance->handle(Object(Illuminate\\Http\\Request), Object(Closure))
#39 C:\\Users\\Dalia\\OneDrive\\Desktop\\WorkSpace\\pulardapontenaquinta\\rotasdeteste\\vendor\\laravel\\framework\\src\\Illuminate\\Http\\Middleware\\HandleCors.php(61): Illuminate\\Pipeline\\Pipeline->Illuminate\\Pipeline\\{closure}(Object(Illuminate\\Http\\Request))
#40 C:\\Users\\Dalia\\OneDrive\\Desktop\\WorkSpace\\pulardapontenaquinta\\rotasdeteste\\vendor\\laravel\\framework\\src\\Illuminate\\Pipeline\\Pipeline.php(208): Illuminate\\Http\\Middleware\\HandleCors->handle(Object(Illuminate\\Http\\Request), Object(Closure))
#41 C:\\Users\\Dalia\\OneDrive\\Desktop\\WorkSpace\\pulardapontenaquinta\\rotasdeteste\\vendor\\laravel\\framework\\src\\Illuminate\\Http\\Middleware\\TrustProxies.php(58): Illuminate\\Pipeline\\Pipeline->Illuminate\\Pipeline\\{closure}(Object(Illuminate\\Http\\Request))
#42 C:\\Users\\Dalia\\OneDrive\\Desktop\\WorkSpace\\pulardapontenaquinta\\rotasdeteste\\vendor\\laravel\\framework\\src\\Illuminate\\Pipeline\\Pipeline.php(208): Illuminate\\Http\\Middleware\\TrustProxies->handle(Object(Illuminate\\Http\\Request), Object(Closure))
#43 C:\\Users\\Dalia\\OneDrive\\Desktop\\WorkSpace\\pulardapontenaquinta\\rotasdeteste\\vendor\\laravel\\framework\\src\\Illuminate\\Foundation\\Http\\Middleware\\InvokeDeferredCallbacks.php(22): Illuminate\\Pipeline\\Pipeline->Illuminate\\Pipeline\\{closure}(Object(Illuminate\\Http\\Request))
#44 C:\\Users\\Dalia\\OneDrive\\Desktop\\WorkSpace\\pulardapontenaquinta\\rotasdeteste\\vendor\\laravel\\framework\\src\\Illuminate\\Pipeline\\Pipeline.php(208): Illuminate\\Foundation\\Http\\Middleware\\InvokeDeferredCallbacks->handle(Object(Illuminate\\Http\\Request), Object(Closure))
#45 C:\\Users\\Dalia\\OneDrive\\Desktop\\WorkSpace\\pulardapontenaquinta\\rotasdeteste\\vendor\\laravel\\framework\\src\\Illuminate\\Http\\Middleware\\ValidatePathEncoding.php(26): Illuminate\\Pipeline\\Pipeline->Illuminate\\Pipeline\\{closure}(Object(Illuminate\\Http\\Request))
#46 C:\\Users\\Dalia\\OneDrive\\Desktop\\WorkSpace\\pulardapontenaquinta\\rotasdeteste\\vendor\\laravel\\framework\\src\\Illuminate\\Pipeline\\Pipeline.php(208): Illuminate\\Http\\Middleware\\ValidatePathEncoding->handle(Object(Illuminate\\Http\\Request), Object(Closure))
#47 C:\\Users\\Dalia\\OneDrive\\Desktop\\WorkSpace\\pulardapontenaquinta\\rotasdeteste\\vendor\\laravel\\framework\\src\\Illuminate\\Pipeline\\Pipeline.php(126): Illuminate\\Pipeline\\Pipeline->Illuminate\\Pipeline\\{closure}(Object(Illuminate\\Http\\Request))
#48 C:\\Users\\Dalia\\OneDrive\\Desktop\\WorkSpace\\pulardapontenaquinta\\rotasdeteste\\vendor\\laravel\\framework\\src\\Illuminate\\Foundation\\Http\\Kernel.php(175): Illuminate\\Pipeline\\Pipeline->then(Object(Closure))
#49 C:\\Users\\Dalia\\OneDrive\\Desktop\\WorkSpace\\pulardapontenaquinta\\rotasdeteste\\vendor\\laravel\\framework\\src\\Illuminate\\Foundation\\Http\\Kernel.php(144): Illuminate\\Foundation\\Http\\Kernel->sendRequestThroughRouter(Object(Illuminate\\Http\\Request))
#50 C:\\Users\\Dalia\\OneDrive\\Desktop\\WorkSpace\\pulardapontenaquinta\\rotasdeteste\\vendor\\laravel\\framework\\src\\Illuminate\\Foundation\\Application.php(1219): Illuminate\\Foundation\\Http\\Kernel->handle(Object(Illuminate\\Http\\Request))
#51 C:\\Users\\Dalia\\OneDrive\\Desktop\\WorkSpace\\pulardapontenaquinta\\rotasdeteste\\public\\index.php(20): Illuminate\\Foundation\\Application->handleRequest(Object(Illuminate\\Http\\Request))
#52 C:\\Users\\Dalia\\OneDrive\\Desktop\\WorkSpace\\pulardapontenaquinta\\rotasdeteste\\vendor\\laravel\\framework\\src\\Illuminate\\Foundation\\resources\\server.php(23): require_once('C:\\\\Users\\\\Dalia\\\\...')
#53 {main}

[previous exception] [object] (PDOException(code: HY000): SQLSTATE[HY000]: General error: 1364 Field 'endereco_instituicao' doesn't have a default value at C:\\Users\\Dalia\\OneDrive\\Desktop\\WorkSpace\\pulardapontenaquinta\\rotasdeteste\\vendor\\laravel\\framework\\src\\Illuminate\\Database\\MySqlConnection.php:53)
[stacktrace]
#0 C:\\Users\\Dalia\\OneDrive\\Desktop\\WorkSpace\\pulardapontenaquinta\\rotasdeteste\\vendor\\laravel\\framework\\src\\Illuminate\\Database\\MySqlConnection.php(53): PDOStatement->execute()
#1 C:\\Users\\Dalia\\OneDrive\\Desktop\\WorkSpace\\pulardapontenaquinta\\rotasdeteste\\vendor\\laravel\\framework\\src\\Illuminate\\Database\\Connection.php(809): Illuminate\\Database\\MySqlConnection->Illuminate\\Database\\{closure}('insert into `in...', Array)
#2 C:\\Users\\Dalia\\OneDrive\\Desktop\\WorkSpace\\pulardapontenaquinta\\rotasdeteste\\vendor\\laravel\\framework\\src\\Illuminate\\Database\\Connection.php(776): Illuminate\\Database\\Connection->runQueryCallback('insert into `in...', Array, Object(Closure))
#3 C:\\Users\\Dalia\\OneDrive\\Desktop\\WorkSpace\\pulardapontenaquinta\\rotasdeteste\\vendor\\laravel\\framework\\src\\Illuminate\\Database\\MySqlConnection.php(42): Illuminate\\Database\\Connection->run('insert into `in...', Array, Object(Closure))
#4 C:\\Users\\Dalia\\OneDrive\\Desktop\\WorkSpace\\pulardapontenaquinta\\rotasdeteste\\vendor\\laravel\\framework\\src\\Illuminate\\Database\\Query\\Processors\\MySqlProcessor.php(35): Illuminate\\Database\\MySqlConnection->insert('insert into `in...', Array, 'id')
#5 C:\\Users\\Dalia\\OneDrive\\Desktop\\WorkSpace\\pulardapontenaquinta\\rotasdeteste\\vendor\\laravel\\framework\\src\\Illuminate\\Database\\Query\\Builder.php(3769): Illuminate\\Database\\Query\\Processors\\MySqlProcessor->processInsertGetId(Object(Illuminate\\Database\\Query\\Builder), 'insert into `in...', Array, 'id')
#6 C:\\Users\\Dalia\\OneDrive\\Desktop\\WorkSpace\\pulardapontenaquinta\\rotasdeteste\\vendor\\laravel\\framework\\src\\Illuminate\\Database\\Eloquent\\Builder.php(2143): Illuminate\\Database\\Query\\Builder->insertGetId(Array, 'id')
#7 C:\\Users\\Dalia\\OneDrive\\Desktop\\WorkSpace\\pulardapontenaquinta\\rotasdeteste\\vendor\\laravel\\framework\\src\\Illuminate\\Database\\Eloquent\\Model.php(1361): Illuminate\\Database\\Eloquent\\Builder->__call('insertGetId', Array)
#8 C:\\Users\\Dalia\\OneDrive\\Desktop\\WorkSpace\\pulardapontenaquinta\\rotasdeteste\\vendor\\laravel\\framework\\src\\Illuminate\\Database\\Eloquent\\Model.php(1326): Illuminate\\Database\\Eloquent\\Model->insertAndSetId(Object(Illuminate\\Database\\Eloquent\\Builder), Array)
#9 C:\\Users\\Dalia\\OneDrive\\Desktop\\WorkSpace\\pulardapontenaquinta\\rotasdeteste\\vendor\\laravel\\framework\\src\\Illuminate\\Database\\Eloquent\\Model.php(1165): Illuminate\\Database\\Eloquent\\Model->performInsert(Object(Illuminate\\Database\\Eloquent\\Builder))
#10 C:\\Users\\Dalia\\OneDrive\\Desktop\\WorkSpace\\pulardapontenaquinta\\rotasdeteste\\vendor\\laravel\\framework\\src\\Illuminate\\Database\\Eloquent\\Builder.php(1127): Illuminate\\Database\\Eloquent\\Model->save()
#11 C:\\Users\\Dalia\\OneDrive\\Desktop\\WorkSpace\\pulardapontenaquinta\\rotasdeteste\\vendor\\laravel\\framework\\src\\Illuminate\\Support\\helpers.php(399): Illuminate\\Database\\Eloquent\\Builder->Illuminate\\Database\\Eloquent\\{closure}(Object(App\\Models\\Instituicoes))
#12 C:\\Users\\Dalia\\OneDrive\\Desktop\\WorkSpace\\pulardapontenaquinta\\rotasdeteste\\vendor\\laravel\\framework\\src\\Illuminate\\Database\\Eloquent\\Builder.php(1126): tap(Object(App\\Models\\Instituicoes), Object(Closure))
#13 C:\\Users\\Dalia\\OneDrive\\Desktop\\WorkSpace\\pulardapontenaquinta\\rotasdeteste\\vendor\\laravel\\framework\\src\\Illuminate\\Support\\Traits\\ForwardsCalls.php(23): Illuminate\\Database\\Eloquent\\Builder->create(Array)
#14 C:\\Users\\Dalia\\OneDrive\\Desktop\\WorkSpace\\pulardapontenaquinta\\rotasdeteste\\vendor\\laravel\\framework\\src\\Illuminate\\Database\\Eloquent\\Model.php(2392): Illuminate\\Database\\Eloquent\\Model->forwardCallTo(Object(Illuminate\\Database\\Eloquent\\Builder), 'create', Array)
#15 C:\\Users\\Dalia\\OneDrive\\Desktop\\WorkSpace\\pulardapontenaquinta\\rotasdeteste\\vendor\\laravel\\framework\\src\\Illuminate\\Database\\Eloquent\\Model.php(2408): Illuminate\\Database\\Eloquent\\Model->__call('create', Array)
#16 C:\\Users\\Dalia\\OneDrive\\Desktop\\WorkSpace\\pulardapontenaquinta\\rotasdeteste\\app\\Http\\Controllers\\InstituicoesController.php(46): Illuminate\\Database\\Eloquent\\Model::__callStatic('create', Array)
#17 C:\\Users\\Dalia\\OneDrive\\Desktop\\WorkSpace\\pulardapontenaquinta\\rotasdeteste\\vendor\\laravel\\framework\\src\\Illuminate\\Routing\\ControllerDispatcher.php(46): App\\Http\\Controllers\\InstituicoesController->store(Object(Illuminate\\Http\\Request))
#18 C:\\Users\\Dalia\\OneDrive\\Desktop\\WorkSpace\\pulardapontenaquinta\\rotasdeteste\\vendor\\laravel\\framework\\src\\Illuminate\\Routing\\Route.php(265): Illuminate\\Routing\\ControllerDispatcher->dispatch(Object(Illuminate\\Routing\\Route), Object(App\\Http\\Controllers\\InstituicoesController), 'store')
#19 C:\\Users\\Dalia\\OneDrive\\Desktop\\WorkSpace\\pulardapontenaquinta\\rotasdeteste\\vendor\\laravel\\framework\\src\\Illuminate\\Routing\\Route.php(211): Illuminate\\Routing\\Route->runController()
#20 C:\\Users\\Dalia\\OneDrive\\Desktop\\WorkSpace\\pulardapontenaquinta\\rotasdeteste\\vendor\\laravel\\framework\\src\\Illuminate\\Routing\\Router.php(808): Illuminate\\Routing\\Route->run()
#21 C:\\Users\\Dalia\\OneDrive\\Desktop\\WorkSpace\\pulardapontenaquinta\\rotasdeteste\\vendor\\laravel\\framework\\src\\Illuminate\\Pipeline\\Pipeline.php(169): Illuminate\\Routing\\Router->Illuminate\\Routing\\{closure}(Object(Illuminate\\Http\\Request))
#22 C:\\Users\\Dalia\\OneDrive\\Desktop\\WorkSpace\\pulardapontenaquinta\\rotasdeteste\\vendor\\laravel\\framework\\src\\Illuminate\\Routing\\Middleware\\SubstituteBindings.php(50): Illuminate\\Pipeline\\Pipeline->Illuminate\\Pipeline\\{closure}(Object(Illuminate\\Http\\Request))
#23 C:\\Users\\Dalia\\OneDrive\\Desktop\\WorkSpace\\pulardapontenaquinta\\rotasdeteste\\vendor\\laravel\\framework\\src\\Illuminate\\Pipeline\\Pipeline.php(208): Illuminate\\Routing\\Middleware\\SubstituteBindings->handle(Object(Illuminate\\Http\\Request), Object(Closure))
#24 C:\\Users\\Dalia\\OneDrive\\Desktop\\WorkSpace\\pulardapontenaquinta\\rotasdeteste\\vendor\\laravel\\framework\\src\\Illuminate\\Pipeline\\Pipeline.php(126): Illuminate\\Pipeline\\Pipeline->Illuminate\\Pipeline\\{closure}(Object(Illuminate\\Http\\Request))
#25 C:\\Users\\Dalia\\OneDrive\\Desktop\\WorkSpace\\pulardapontenaquinta\\rotasdeteste\\vendor\\laravel\\framework\\src\\Illuminate\\Routing\\Router.php(807): Illuminate\\Pipeline\\Pipeline->then(Object(Closure))
#26 C:\\Users\\Dalia\\OneDrive\\Desktop\\WorkSpace\\pulardapontenaquinta\\rotasdeteste\\vendor\\laravel\\framework\\src\\Illuminate\\Routing\\Router.php(786): Illuminate\\Routing\\Router->runRouteWithinStack(Object(Illuminate\\Routing\\Route), Object(Illuminate\\Http\\Request))
#27 C:\\Users\\Dalia\\OneDrive\\Desktop\\WorkSpace\\pulardapontenaquinta\\rotasdeteste\\vendor\\laravel\\framework\\src\\Illuminate\\Routing\\Router.php(750): Illuminate\\Routing\\Router->runRoute(Object(Illuminate\\Http\\Request), Object(Illuminate\\Routing\\Route))
#28 C:\\Users\\Dalia\\OneDrive\\Desktop\\WorkSpace\\pulardapontenaquinta\\rotasdeteste\\vendor\\laravel\\framework\\src\\Illuminate\\Routing\\Router.php(739): Illuminate\\Routing\\Router->dispatchToRoute(Object(Illuminate\\Http\\Request))
#29 C:\\Users\\Dalia\\OneDrive\\Desktop\\WorkSpace\\pulardapontenaquinta\\rotasdeteste\\vendor\\laravel\\framework\\src\\Illuminate\\Foundation\\Http\\Kernel.php(200): Illuminate\\Routing\\Router->dispatch(Object(Illuminate\\Http\\Request))
#30 C:\\Users\\Dalia\\OneDrive\\Desktop\\WorkSpace\\pulardapontenaquinta\\rotasdeteste\\vendor\\laravel\\framework\\src\\Illuminate\\Pipeline\\Pipeline.php(169): Illuminate\\Foundation\\Http\\Kernel->Illuminate\\Foundation\\Http\\{closure}(Object(Illuminate\\Http\\Request))
#31 C:\\Users\\Dalia\\OneDrive\\Desktop\\WorkSpace\\pulardapontenaquinta\\rotasdeteste\\vendor\\laravel\\framework\\src\\Illuminate\\Foundation\\Http\\Middleware\\TransformsRequest.php(21): Illuminate\\Pipeline\\Pipeline->Illuminate\\Pipeline\\{closure}(Object(Illuminate\\Http\\Request))
#32 C:\\Users\\Dalia\\OneDrive\\Desktop\\WorkSpace\\pulardapontenaquinta\\rotasdeteste\\vendor\\laravel\\framework\\src\\Illuminate\\Foundation\\Http\\Middleware\\ConvertEmptyStringsToNull.php(31): Illuminate\\Foundation\\Http\\Middleware\\TransformsRequest->handle(Object(Illuminate\\Http\\Request), Object(Closure))
#33 C:\\Users\\Dalia\\OneDrive\\Desktop\\WorkSpace\\pulardapontenaquinta\\rotasdeteste\\vendor\\laravel\\framework\\src\\Illuminate\\Pipeline\\Pipeline.php(208): Illuminate\\Foundation\\Http\\Middleware\\ConvertEmptyStringsToNull->handle(Object(Illuminate\\Http\\Request), Object(Closure))
#34 C:\\Users\\Dalia\\OneDrive\\Desktop\\WorkSpace\\pulardapontenaquinta\\rotasdeteste\\vendor\\laravel\\framework\\src\\Illuminate\\Foundation\\Http\\Middleware\\TransformsRequest.php(21): Illuminate\\Pipeline\\Pipeline->Illuminate\\Pipeline\\{closure}(Object(Illuminate\\Http\\Request))
#35 C:\\Users\\Dalia\\OneDrive\\Desktop\\WorkSpace\\pulardapontenaquinta\\rotasdeteste\\vendor\\laravel\\framework\\src\\Illuminate\\Foundation\\Http\\Middleware\\TrimStrings.php(51): Illuminate\\Foundation\\Http\\Middleware\\TransformsRequest->handle(Object(Illuminate\\Http\\Request), Object(Closure))
#36 C:\\Users\\Dalia\\OneDrive\\Desktop\\WorkSpace\\pulardapontenaquinta\\rotasdeteste\\vendor\\laravel\\framework\\src\\Illuminate\\Pipeline\\Pipeline.php(208): Illuminate\\Foundation\\Http\\Middleware\\TrimStrings->handle(Object(Illuminate\\Http\\Request), Object(Closure))
#37 C:\\Users\\Dalia\\OneDrive\\Desktop\\WorkSpace\\pulardapontenaquinta\\rotasdeteste\\vendor\\laravel\\framework\\src\\Illuminate\\Http\\Middleware\\ValidatePostSize.php(27): Illuminate\\Pipeline\\Pipeline->Illuminate\\Pipeline\\{closure}(Object(Illuminate\\Http\\Request))
#38 C:\\Users\\Dalia\\OneDrive\\Desktop\\WorkSpace\\pulardapontenaquinta\\rotasdeteste\\vendor\\laravel\\framework\\src\\Illuminate\\Pipeline\\Pipeline.php(208): Illuminate\\Http\\Middleware\\ValidatePostSize->handle(Object(Illuminate\\Http\\Request), Object(Closure))
#39 C:\\Users\\Dalia\\OneDrive\\Desktop\\WorkSpace\\pulardapontenaquinta\\rotasdeteste\\vendor\\laravel\\framework\\src\\Illuminate\\Foundation\\Http\\Middleware\\PreventRequestsDuringMaintenance.php(109): Illuminate\\Pipeline\\Pipeline->Illuminate\\Pipeline\\{closure}(Object(Illuminate\\Http\\Request))
#40 C:\\Users\\Dalia\\OneDrive\\Desktop\\WorkSpace\\pulardapontenaquinta\\rotasdeteste\\vendor\\laravel\\framework\\src\\Illuminate\\Pipeline\\Pipeline.php(208): Illuminate\\Foundation\\Http\\Middleware\\PreventRequestsDuringMaintenance->handle(Object(Illuminate\\Http\\Request), Object(Closure))
#41 C:\\Users\\Dalia\\OneDrive\\Desktop\\WorkSpace\\pulardapontenaquinta\\rotasdeteste\\vendor\\laravel\\framework\\src\\Illuminate\\Http\\Middleware\\HandleCors.php(61): Illuminate\\Pipeline\\Pipeline->Illuminate\\Pipeline\\{closure}(Object(Illuminate\\Http\\Request))
#42 C:\\Users\\Dalia\\OneDrive\\Desktop\\WorkSpace\\pulardapontenaquinta\\rotasdeteste\\vendor\\laravel\\framework\\src\\Illuminate\\Pipeline\\Pipeline.php(208): Illuminate\\Http\\Middleware\\HandleCors->handle(Object(Illuminate\\Http\\Request), Object(Closure))
#43 C:\\Users\\Dalia\\OneDrive\\Desktop\\WorkSpace\\pulardapontenaquinta\\rotasdeteste\\vendor\\laravel\\framework\\src\\Illuminate\\Http\\Middleware\\TrustProxies.php(58): Illuminate\\Pipeline\\Pipeline->Illuminate\\Pipeline\\{closure}(Object(Illuminate\\Http\\Request))
#44 C:\\Users\\Dalia\\OneDrive\\Desktop\\WorkSpace\\pulardapontenaquinta\\rotasdeteste\\vendor\\laravel\\framework\\src\\Illuminate\\Pipeline\\Pipeline.php(208): Illuminate\\Http\\Middleware\\TrustProxies->handle(Object(Illuminate\\Http\\Request), Object(Closure))
#45 C:\\Users\\Dalia\\OneDrive\\Desktop\\WorkSpace\\pulardapontenaquinta\\rotasdeteste\\vendor\\laravel\\framework\\src\\Illuminate\\Foundation\\Http\\Middleware\\InvokeDeferredCallbacks.php(22): Illuminate\\Pipeline\\Pipeline->Illuminate\\Pipeline\\{closure}(Object(Illuminate\\Http\\Request))
#46 C:\\Users\\Dalia\\OneDrive\\Desktop\\WorkSpace\\pulardapontenaquinta\\rotasdeteste\\vendor\\laravel\\framework\\src\\Illuminate\\Pipeline\\Pipeline.php(208): Illuminate\\Foundation\\Http\\Middleware\\InvokeDeferredCallbacks->handle(Object(Illuminate\\Http\\Request), Object(Closure))
#47 C:\\Users\\Dalia\\OneDrive\\Desktop\\WorkSpace\\pulardapontenaquinta\\rotasdeteste\\vendor\\laravel\\framework\\src\\Illuminate\\Http\\Middleware\\ValidatePathEncoding.php(26): Illuminate\\Pipeline\\Pipeline->Illuminate\\Pipeline\\{closure}(Object(Illuminate\\Http\\Request))
#48 C:\\Users\\Dalia\\OneDrive\\Desktop\\WorkSpace\\pulardapontenaquinta\\rotasdeteste\\vendor\\laravel\\framework\\src\\Illuminate\\Pipeline\\Pipeline.php(208): Illuminate\\Http\\Middleware\\ValidatePathEncoding->handle(Object(Illuminate\\Http\\Request), Object(Closure))
#49 C:\\Users\\Dalia\\OneDrive\\Desktop\\WorkSpace\\pulardapontenaquinta\\rotasdeteste\\vendor\\laravel\\framework\\src\\Illuminate\\Pipeline\\Pipeline.php(126): Illuminate\\Pipeline\\Pipeline->Illuminate\\Pipeline\\{closure}(Object(Illuminate\\Http\\Request))
#50 C:\\Users\\Dalia\\OneDrive\\Desktop\\WorkSpace\\pulardapontenaquinta\\rotasdeteste\\vendor\\laravel\\framework\\src\\Illuminate\\Foundation\\Http\\Kernel.php(175): Illuminate\\Pipeline\\Pipeline->then(Object(Closure))
#51 C:\\Users\\Dalia\\OneDrive\\Desktop\\WorkSpace\\pulardapontenaquinta\\rotasdeteste\\vendor\\laravel\\framework\\src\\Illuminate\\Foundation\\Http\\Kernel.php(144): Illuminate\\Foundation\\Http\\Kernel->sendRequestThroughRouter(Object(Illuminate\\Http\\Request))
#52 C:\\Users\\Dalia\\OneDrive\\Desktop\\WorkSpace\\pulardapontenaquinta\\rotasdeteste\\vendor\\laravel\\framework\\src\\Illuminate\\Foundation\\Application.php(1219): Illuminate\\Foundation\\Http\\Kernel->handle(Object(Illuminate\\Http\\Request))
#53 C:\\Users\\Dalia\\OneDrive\\Desktop\\WorkSpace\\pulardapontenaquinta\\rotasdeteste\\public\\index.php(20): Illuminate\\Foundation\\Application->handleRequest(Object(Illuminate\\Http\\Request))
#54 C:\\Users\\Dalia\\OneDrive\\Desktop\\WorkSpace\\pulardapontenaquinta\\rotasdeteste\\vendor\\laravel\\framework\\src\\Illuminate\\Foundation\\resources\\server.php(23): require_once('C:\\\\Users\\\\Dalia\\\\...')
#55 {main}
"} 
[2025-04-18 01:18:56] local.ERROR: SQLSTATE[HY000]: General error: 1364 Field 'nm_instituicao' doesn't have a default value (Connection: mysql, SQL: insert into `instituicoes` (`email_instituicao`, `senha`, `descricao`, `telefone`, `updated_at`, `created_at`) values (adfefcve@, 12345, cacwcacw, 12455245, 2025-04-18 01:18:56, 2025-04-18 01:18:56)) {"exception":"[object] (Illuminate\\Database\\QueryException(code: HY000): SQLSTATE[HY000]: General error: 1364 Field 'nm_instituicao' doesn't have a default value (Connection: mysql, SQL: insert into `instituicoes` (`email_instituicao`, `senha`, `descricao`, `telefone`, `updated_at`, `created_at`) values (adfefcve@, 12345, cacwcacw, 12455245, 2025-04-18 01:18:56, 2025-04-18 01:18:56)) at C:\\Users\\Dalia\\OneDrive\\Desktop\\WorkSpace\\pulardapontenaquinta\\rotasdeteste\\vendor\\laravel\\framework\\src\\Illuminate\\Database\\Connection.php:822)
[stacktrace]
#0 C:\\Users\\Dalia\\OneDrive\\Desktop\\WorkSpace\\pulardapontenaquinta\\rotasdeteste\\vendor\\laravel\\framework\\src\\Illuminate\\Database\\Connection.php(776): Illuminate\\Database\\Connection->runQueryCallback('insert into `in...', Array, Object(Closure))
#1 C:\\Users\\Dalia\\OneDrive\\Desktop\\WorkSpace\\pulardapontenaquinta\\rotasdeteste\\vendor\\laravel\\framework\\src\\Illuminate\\Database\\MySqlConnection.php(42): Illuminate\\Database\\Connection->run('insert into `in...', Array, Object(Closure))
#2 C:\\Users\\Dalia\\OneDrive\\Desktop\\WorkSpace\\pulardapontenaquinta\\rotasdeteste\\vendor\\laravel\\framework\\src\\Illuminate\\Database\\Query\\Processors\\MySqlProcessor.php(35): Illuminate\\Database\\MySqlConnection->insert('insert into `in...', Array, 'id')
#3 C:\\Users\\Dalia\\OneDrive\\Desktop\\WorkSpace\\pulardapontenaquinta\\rotasdeteste\\vendor\\laravel\\framework\\src\\Illuminate\\Database\\Query\\Builder.php(3769): Illuminate\\Database\\Query\\Processors\\MySqlProcessor->processInsertGetId(Object(Illuminate\\Database\\Query\\Builder), 'insert into `in...', Array, 'id')
#4 C:\\Users\\Dalia\\OneDrive\\Desktop\\WorkSpace\\pulardapontenaquinta\\rotasdeteste\\vendor\\laravel\\framework\\src\\Illuminate\\Database\\Eloquent\\Builder.php(2143): Illuminate\\Database\\Query\\Builder->insertGetId(Array, 'id')
#5 C:\\Users\\Dalia\\OneDrive\\Desktop\\WorkSpace\\pulardapontenaquinta\\rotasdeteste\\vendor\\laravel\\framework\\src\\Illuminate\\Database\\Eloquent\\Model.php(1361): Illuminate\\Database\\Eloquent\\Builder->__call('insertGetId', Array)
#6 C:\\Users\\Dalia\\OneDrive\\Desktop\\WorkSpace\\pulardapontenaquinta\\rotasdeteste\\vendor\\laravel\\framework\\src\\Illuminate\\Database\\Eloquent\\Model.php(1326): Illuminate\\Database\\Eloquent\\Model->insertAndSetId(Object(Illuminate\\Database\\Eloquent\\Builder), Array)
#7 C:\\Users\\Dalia\\OneDrive\\Desktop\\WorkSpace\\pulardapontenaquinta\\rotasdeteste\\vendor\\laravel\\framework\\src\\Illuminate\\Database\\Eloquent\\Model.php(1165): Illuminate\\Database\\Eloquent\\Model->performInsert(Object(Illuminate\\Database\\Eloquent\\Builder))
#8 C:\\Users\\Dalia\\OneDrive\\Desktop\\WorkSpace\\pulardapontenaquinta\\rotasdeteste\\vendor\\laravel\\framework\\src\\Illuminate\\Database\\Eloquent\\Builder.php(1127): Illuminate\\Database\\Eloquent\\Model->save()
#9 C:\\Users\\Dalia\\OneDrive\\Desktop\\WorkSpace\\pulardapontenaquinta\\rotasdeteste\\vendor\\laravel\\framework\\src\\Illuminate\\Support\\helpers.php(399): Illuminate\\Database\\Eloquent\\Builder->Illuminate\\Database\\Eloquent\\{closure}(Object(App\\Models\\Instituicoes))
#10 C:\\Users\\Dalia\\OneDrive\\Desktop\\WorkSpace\\pulardapontenaquinta\\rotasdeteste\\vendor\\laravel\\framework\\src\\Illuminate\\Database\\Eloquent\\Builder.php(1126): tap(Object(App\\Models\\Instituicoes), Object(Closure))
#11 C:\\Users\\Dalia\\OneDrive\\Desktop\\WorkSpace\\pulardapontenaquinta\\rotasdeteste\\vendor\\laravel\\framework\\src\\Illuminate\\Support\\Traits\\ForwardsCalls.php(23): Illuminate\\Database\\Eloquent\\Builder->create(Array)
#12 C:\\Users\\Dalia\\OneDrive\\Desktop\\WorkSpace\\pulardapontenaquinta\\rotasdeteste\\vendor\\laravel\\framework\\src\\Illuminate\\Database\\Eloquent\\Model.php(2392): Illuminate\\Database\\Eloquent\\Model->forwardCallTo(Object(Illuminate\\Database\\Eloquent\\Builder), 'create', Array)
#13 C:\\Users\\Dalia\\OneDrive\\Desktop\\WorkSpace\\pulardapontenaquinta\\rotasdeteste\\vendor\\laravel\\framework\\src\\Illuminate\\Database\\Eloquent\\Model.php(2408): Illuminate\\Database\\Eloquent\\Model->__call('create', Array)
#14 C:\\Users\\Dalia\\OneDrive\\Desktop\\WorkSpace\\pulardapontenaquinta\\rotasdeteste\\app\\Http\\Controllers\\InstituicoesController.php(46): Illuminate\\Database\\Eloquent\\Model::__callStatic('create', Array)
#15 C:\\Users\\Dalia\\OneDrive\\Desktop\\WorkSpace\\pulardapontenaquinta\\rotasdeteste\\vendor\\laravel\\framework\\src\\Illuminate\\Routing\\ControllerDispatcher.php(46): App\\Http\\Controllers\\InstituicoesController->store(Object(Illuminate\\Http\\Request))
#16 C:\\Users\\Dalia\\OneDrive\\Desktop\\WorkSpace\\pulardapontenaquinta\\rotasdeteste\\vendor\\laravel\\framework\\src\\Illuminate\\Routing\\Route.php(265): Illuminate\\Routing\\ControllerDispatcher->dispatch(Object(Illuminate\\Routing\\Route), Object(App\\Http\\Controllers\\InstituicoesController), 'store')
#17 C:\\Users\\Dalia\\OneDrive\\Desktop\\WorkSpace\\pulardapontenaquinta\\rotasdeteste\\vendor\\laravel\\framework\\src\\Illuminate\\Routing\\Route.php(211): Illuminate\\Routing\\Route->runController()
#18 C:\\Users\\Dalia\\OneDrive\\Desktop\\WorkSpace\\pulardapontenaquinta\\rotasdeteste\\vendor\\laravel\\framework\\src\\Illuminate\\Routing\\Router.php(808): Illuminate\\Routing\\Route->run()
#19 C:\\Users\\Dalia\\OneDrive\\Desktop\\WorkSpace\\pulardapontenaquinta\\rotasdeteste\\vendor\\laravel\\framework\\src\\Illuminate\\Pipeline\\Pipeline.php(169): Illuminate\\Routing\\Router->Illuminate\\Routing\\{closure}(Object(Illuminate\\Http\\Request))
#20 C:\\Users\\Dalia\\OneDrive\\Desktop\\WorkSpace\\pulardapontenaquinta\\rotasdeteste\\vendor\\laravel\\framework\\src\\Illuminate\\Routing\\Middleware\\SubstituteBindings.php(50): Illuminate\\Pipeline\\Pipeline->Illuminate\\Pipeline\\{closure}(Object(Illuminate\\Http\\Request))
#21 C:\\Users\\Dalia\\OneDrive\\Desktop\\WorkSpace\\pulardapontenaquinta\\rotasdeteste\\vendor\\laravel\\framework\\src\\Illuminate\\Pipeline\\Pipeline.php(208): Illuminate\\Routing\\Middleware\\SubstituteBindings->handle(Object(Illuminate\\Http\\Request), Object(Closure))
#22 C:\\Users\\Dalia\\OneDrive\\Desktop\\WorkSpace\\pulardapontenaquinta\\rotasdeteste\\vendor\\laravel\\framework\\src\\Illuminate\\Pipeline\\Pipeline.php(126): Illuminate\\Pipeline\\Pipeline->Illuminate\\Pipeline\\{closure}(Object(Illuminate\\Http\\Request))
#23 C:\\Users\\Dalia\\OneDrive\\Desktop\\WorkSpace\\pulardapontenaquinta\\rotasdeteste\\vendor\\laravel\\framework\\src\\Illuminate\\Routing\\Router.php(807): Illuminate\\Pipeline\\Pipeline->then(Object(Closure))
#24 C:\\Users\\Dalia\\OneDrive\\Desktop\\WorkSpace\\pulardapontenaquinta\\rotasdeteste\\vendor\\laravel\\framework\\src\\Illuminate\\Routing\\Router.php(786): Illuminate\\Routing\\Router->runRouteWithinStack(Object(Illuminate\\Routing\\Route), Object(Illuminate\\Http\\Request))
#25 C:\\Users\\Dalia\\OneDrive\\Desktop\\WorkSpace\\pulardapontenaquinta\\rotasdeteste\\vendor\\laravel\\framework\\src\\Illuminate\\Routing\\Router.php(750): Illuminate\\Routing\\Router->runRoute(Object(Illuminate\\Http\\Request), Object(Illuminate\\Routing\\Route))
#26 C:\\Users\\Dalia\\OneDrive\\Desktop\\WorkSpace\\pulardapontenaquinta\\rotasdeteste\\vendor\\laravel\\framework\\src\\Illuminate\\Routing\\Router.php(739): Illuminate\\Routing\\Router->dispatchToRoute(Object(Illuminate\\Http\\Request))
#27 C:\\Users\\Dalia\\OneDrive\\Desktop\\WorkSpace\\pulardapontenaquinta\\rotasdeteste\\vendor\\laravel\\framework\\src\\Illuminate\\Foundation\\Http\\Kernel.php(200): Illuminate\\Routing\\Router->dispatch(Object(Illuminate\\Http\\Request))
#28 C:\\Users\\Dalia\\OneDrive\\Desktop\\WorkSpace\\pulardapontenaquinta\\rotasdeteste\\vendor\\laravel\\framework\\src\\Illuminate\\Pipeline\\Pipeline.php(169): Illuminate\\Foundation\\Http\\Kernel->Illuminate\\Foundation\\Http\\{closure}(Object(Illuminate\\Http\\Request))
#29 C:\\Users\\Dalia\\OneDrive\\Desktop\\WorkSpace\\pulardapontenaquinta\\rotasdeteste\\vendor\\laravel\\framework\\src\\Illuminate\\Foundation\\Http\\Middleware\\TransformsRequest.php(21): Illuminate\\Pipeline\\Pipeline->Illuminate\\Pipeline\\{closure}(Object(Illuminate\\Http\\Request))
#30 C:\\Users\\Dalia\\OneDrive\\Desktop\\WorkSpace\\pulardapontenaquinta\\rotasdeteste\\vendor\\laravel\\framework\\src\\Illuminate\\Foundation\\Http\\Middleware\\ConvertEmptyStringsToNull.php(31): Illuminate\\Foundation\\Http\\Middleware\\TransformsRequest->handle(Object(Illuminate\\Http\\Request), Object(Closure))
#31 C:\\Users\\Dalia\\OneDrive\\Desktop\\WorkSpace\\pulardapontenaquinta\\rotasdeteste\\vendor\\laravel\\framework\\src\\Illuminate\\Pipeline\\Pipeline.php(208): Illuminate\\Foundation\\Http\\Middleware\\ConvertEmptyStringsToNull->handle(Object(Illuminate\\Http\\Request), Object(Closure))
#32 C:\\Users\\Dalia\\OneDrive\\Desktop\\WorkSpace\\pulardapontenaquinta\\rotasdeteste\\vendor\\laravel\\framework\\src\\Illuminate\\Foundation\\Http\\Middleware\\TransformsRequest.php(21): Illuminate\\Pipeline\\Pipeline->Illuminate\\Pipeline\\{closure}(Object(Illuminate\\Http\\Request))
#33 C:\\Users\\Dalia\\OneDrive\\Desktop\\WorkSpace\\pulardapontenaquinta\\rotasdeteste\\vendor\\laravel\\framework\\src\\Illuminate\\Foundation\\Http\\Middleware\\TrimStrings.php(51): Illuminate\\Foundation\\Http\\Middleware\\TransformsRequest->handle(Object(Illuminate\\Http\\Request), Object(Closure))
#34 C:\\Users\\Dalia\\OneDrive\\Desktop\\WorkSpace\\pulardapontenaquinta\\rotasdeteste\\vendor\\laravel\\framework\\src\\Illuminate\\Pipeline\\Pipeline.php(208): Illuminate\\Foundation\\Http\\Middleware\\TrimStrings->handle(Object(Illuminate\\Http\\Request), Object(Closure))
#35 C:\\Users\\Dalia\\OneDrive\\Desktop\\WorkSpace\\pulardapontenaquinta\\rotasdeteste\\vendor\\laravel\\framework\\src\\Illuminate\\Http\\Middleware\\ValidatePostSize.php(27): Illuminate\\Pipeline\\Pipeline->Illuminate\\Pipeline\\{closure}(Object(Illuminate\\Http\\Request))
#36 C:\\Users\\Dalia\\OneDrive\\Desktop\\WorkSpace\\pulardapontenaquinta\\rotasdeteste\\vendor\\laravel\\framework\\src\\Illuminate\\Pipeline\\Pipeline.php(208): Illuminate\\Http\\Middleware\\ValidatePostSize->handle(Object(Illuminate\\Http\\Request), Object(Closure))
#37 C:\\Users\\Dalia\\OneDrive\\Desktop\\WorkSpace\\pulardapontenaquinta\\rotasdeteste\\vendor\\laravel\\framework\\src\\Illuminate\\Foundation\\Http\\Middleware\\PreventRequestsDuringMaintenance.php(109): Illuminate\\Pipeline\\Pipeline->Illuminate\\Pipeline\\{closure}(Object(Illuminate\\Http\\Request))
#38 C:\\Users\\Dalia\\OneDrive\\Desktop\\WorkSpace\\pulardapontenaquinta\\rotasdeteste\\vendor\\laravel\\framework\\src\\Illuminate\\Pipeline\\Pipeline.php(208): Illuminate\\Foundation\\Http\\Middleware\\PreventRequestsDuringMaintenance->handle(Object(Illuminate\\Http\\Request), Object(Closure))
#39 C:\\Users\\Dalia\\OneDrive\\Desktop\\WorkSpace\\pulardapontenaquinta\\rotasdeteste\\vendor\\laravel\\framework\\src\\Illuminate\\Http\\Middleware\\HandleCors.php(61): Illuminate\\Pipeline\\Pipeline->Illuminate\\Pipeline\\{closure}(Object(Illuminate\\Http\\Request))
#40 C:\\Users\\Dalia\\OneDrive\\Desktop\\WorkSpace\\pulardapontenaquinta\\rotasdeteste\\vendor\\laravel\\framework\\src\\Illuminate\\Pipeline\\Pipeline.php(208): Illuminate\\Http\\Middleware\\HandleCors->handle(Object(Illuminate\\Http\\Request), Object(Closure))
#41 C:\\Users\\Dalia\\OneDrive\\Desktop\\WorkSpace\\pulardapontenaquinta\\rotasdeteste\\vendor\\laravel\\framework\\src\\Illuminate\\Http\\Middleware\\TrustProxies.php(58): Illuminate\\Pipeline\\Pipeline->Illuminate\\Pipeline\\{closure}(Object(Illuminate\\Http\\Request))
#42 C:\\Users\\Dalia\\OneDrive\\Desktop\\WorkSpace\\pulardapontenaquinta\\rotasdeteste\\vendor\\laravel\\framework\\src\\Illuminate\\Pipeline\\Pipeline.php(208): Illuminate\\Http\\Middleware\\TrustProxies->handle(Object(Illuminate\\Http\\Request), Object(Closure))
#43 C:\\Users\\Dalia\\OneDrive\\Desktop\\WorkSpace\\pulardapontenaquinta\\rotasdeteste\\vendor\\laravel\\framework\\src\\Illuminate\\Foundation\\Http\\Middleware\\InvokeDeferredCallbacks.php(22): Illuminate\\Pipeline\\Pipeline->Illuminate\\Pipeline\\{closure}(Object(Illuminate\\Http\\Request))
#44 C:\\Users\\Dalia\\OneDrive\\Desktop\\WorkSpace\\pulardapontenaquinta\\rotasdeteste\\vendor\\laravel\\framework\\src\\Illuminate\\Pipeline\\Pipeline.php(208): Illuminate\\Foundation\\Http\\Middleware\\InvokeDeferredCallbacks->handle(Object(Illuminate\\Http\\Request), Object(Closure))
#45 C:\\Users\\Dalia\\OneDrive\\Desktop\\WorkSpace\\pulardapontenaquinta\\rotasdeteste\\vendor\\laravel\\framework\\src\\Illuminate\\Http\\Middleware\\ValidatePathEncoding.php(26): Illuminate\\Pipeline\\Pipeline->Illuminate\\Pipeline\\{closure}(Object(Illuminate\\Http\\Request))
#46 C:\\Users\\Dalia\\OneDrive\\Desktop\\WorkSpace\\pulardapontenaquinta\\rotasdeteste\\vendor\\laravel\\framework\\src\\Illuminate\\Pipeline\\Pipeline.php(208): Illuminate\\Http\\Middleware\\ValidatePathEncoding->handle(Object(Illuminate\\Http\\Request), Object(Closure))
#47 C:\\Users\\Dalia\\OneDrive\\Desktop\\WorkSpace\\pulardapontenaquinta\\rotasdeteste\\vendor\\laravel\\framework\\src\\Illuminate\\Pipeline\\Pipeline.php(126): Illuminate\\Pipeline\\Pipeline->Illuminate\\Pipeline\\{closure}(Object(Illuminate\\Http\\Request))
#48 C:\\Users\\Dalia\\OneDrive\\Desktop\\WorkSpace\\pulardapontenaquinta\\rotasdeteste\\vendor\\laravel\\framework\\src\\Illuminate\\Foundation\\Http\\Kernel.php(175): Illuminate\\Pipeline\\Pipeline->then(Object(Closure))
#49 C:\\Users\\Dalia\\OneDrive\\Desktop\\WorkSpace\\pulardapontenaquinta\\rotasdeteste\\vendor\\laravel\\framework\\src\\Illuminate\\Foundation\\Http\\Kernel.php(144): Illuminate\\Foundation\\Http\\Kernel->sendRequestThroughRouter(Object(Illuminate\\Http\\Request))
#50 C:\\Users\\Dalia\\OneDrive\\Desktop\\WorkSpace\\pulardapontenaquinta\\rotasdeteste\\vendor\\laravel\\framework\\src\\Illuminate\\Foundation\\Application.php(1219): Illuminate\\Foundation\\Http\\Kernel->handle(Object(Illuminate\\Http\\Request))
#51 C:\\Users\\Dalia\\OneDrive\\Desktop\\WorkSpace\\pulardapontenaquinta\\rotasdeteste\\public\\index.php(20): Illuminate\\Foundation\\Application->handleRequest(Object(Illuminate\\Http\\Request))
#52 C:\\Users\\Dalia\\OneDrive\\Desktop\\WorkSpace\\pulardapontenaquinta\\rotasdeteste\\vendor\\laravel\\framework\\src\\Illuminate\\Foundation\\resources\\server.php(23): require_once('C:\\\\Users\\\\Dalia\\\\...')
#53 {main}

[previous exception] [object] (PDOException(code: HY000): SQLSTATE[HY000]: General error: 1364 Field 'nm_instituicao' doesn't have a default value at C:\\Users\\Dalia\\OneDrive\\Desktop\\WorkSpace\\pulardapontenaquinta\\rotasdeteste\\vendor\\laravel\\framework\\src\\Illuminate\\Database\\MySqlConnection.php:53)
[stacktrace]
#0 C:\\Users\\Dalia\\OneDrive\\Desktop\\WorkSpace\\pulardapontenaquinta\\rotasdeteste\\vendor\\laravel\\framework\\src\\Illuminate\\Database\\MySqlConnection.php(53): PDOStatement->execute()
#1 C:\\Users\\Dalia\\OneDrive\\Desktop\\WorkSpace\\pulardapontenaquinta\\rotasdeteste\\vendor\\laravel\\framework\\src\\Illuminate\\Database\\Connection.php(809): Illuminate\\Database\\MySqlConnection->Illuminate\\Database\\{closure}('insert into `in...', Array)
#2 C:\\Users\\Dalia\\OneDrive\\Desktop\\WorkSpace\\pulardapontenaquinta\\rotasdeteste\\vendor\\laravel\\framework\\src\\Illuminate\\Database\\Connection.php(776): Illuminate\\Database\\Connection->runQueryCallback('insert into `in...', Array, Object(Closure))
#3 C:\\Users\\Dalia\\OneDrive\\Desktop\\WorkSpace\\pulardapontenaquinta\\rotasdeteste\\vendor\\laravel\\framework\\src\\Illuminate\\Database\\MySqlConnection.php(42): Illuminate\\Database\\Connection->run('insert into `in...', Array, Object(Closure))
#4 C:\\Users\\Dalia\\OneDrive\\Desktop\\WorkSpace\\pulardapontenaquinta\\rotasdeteste\\vendor\\laravel\\framework\\src\\Illuminate\\Database\\Query\\Processors\\MySqlProcessor.php(35): Illuminate\\Database\\MySqlConnection->insert('insert into `in...', Array, 'id')
#5 C:\\Users\\Dalia\\OneDrive\\Desktop\\WorkSpace\\pulardapontenaquinta\\rotasdeteste\\vendor\\laravel\\framework\\src\\Illuminate\\Database\\Query\\Builder.php(3769): Illuminate\\Database\\Query\\Processors\\MySqlProcessor->processInsertGetId(Object(Illuminate\\Database\\Query\\Builder), 'insert into `in...', Array, 'id')
#6 C:\\Users\\Dalia\\OneDrive\\Desktop\\WorkSpace\\pulardapontenaquinta\\rotasdeteste\\vendor\\laravel\\framework\\src\\Illuminate\\Database\\Eloquent\\Builder.php(2143): Illuminate\\Database\\Query\\Builder->insertGetId(Array, 'id')
#7 C:\\Users\\Dalia\\OneDrive\\Desktop\\WorkSpace\\pulardapontenaquinta\\rotasdeteste\\vendor\\laravel\\framework\\src\\Illuminate\\Database\\Eloquent\\Model.php(1361): Illuminate\\Database\\Eloquent\\Builder->__call('insertGetId', Array)
#8 C:\\Users\\Dalia\\OneDrive\\Desktop\\WorkSpace\\pulardapontenaquinta\\rotasdeteste\\vendor\\laravel\\framework\\src\\Illuminate\\Database\\Eloquent\\Model.php(1326): Illuminate\\Database\\Eloquent\\Model->insertAndSetId(Object(Illuminate\\Database\\Eloquent\\Builder), Array)
#9 C:\\Users\\Dalia\\OneDrive\\Desktop\\WorkSpace\\pulardapontenaquinta\\rotasdeteste\\vendor\\laravel\\framework\\src\\Illuminate\\Database\\Eloquent\\Model.php(1165): Illuminate\\Database\\Eloquent\\Model->performInsert(Object(Illuminate\\Database\\Eloquent\\Builder))
#10 C:\\Users\\Dalia\\OneDrive\\Desktop\\WorkSpace\\pulardapontenaquinta\\rotasdeteste\\vendor\\laravel\\framework\\src\\Illuminate\\Database\\Eloquent\\Builder.php(1127): Illuminate\\Database\\Eloquent\\Model->save()
#11 C:\\Users\\Dalia\\OneDrive\\Desktop\\WorkSpace\\pulardapontenaquinta\\rotasdeteste\\vendor\\laravel\\framework\\src\\Illuminate\\Support\\helpers.php(399): Illuminate\\Database\\Eloquent\\Builder->Illuminate\\Database\\Eloquent\\{closure}(Object(App\\Models\\Instituicoes))
#12 C:\\Users\\Dalia\\OneDrive\\Desktop\\WorkSpace\\pulardapontenaquinta\\rotasdeteste\\vendor\\laravel\\framework\\src\\Illuminate\\Database\\Eloquent\\Builder.php(1126): tap(Object(App\\Models\\Instituicoes), Object(Closure))
#13 C:\\Users\\Dalia\\OneDrive\\Desktop\\WorkSpace\\pulardapontenaquinta\\rotasdeteste\\vendor\\laravel\\framework\\src\\Illuminate\\Support\\Traits\\ForwardsCalls.php(23): Illuminate\\Database\\Eloquent\\Builder->create(Array)
#14 C:\\Users\\Dalia\\OneDrive\\Desktop\\WorkSpace\\pulardapontenaquinta\\rotasdeteste\\vendor\\laravel\\framework\\src\\Illuminate\\Database\\Eloquent\\Model.php(2392): Illuminate\\Database\\Eloquent\\Model->forwardCallTo(Object(Illuminate\\Database\\Eloquent\\Builder), 'create', Array)
#15 C:\\Users\\Dalia\\OneDrive\\Desktop\\WorkSpace\\pulardapontenaquinta\\rotasdeteste\\vendor\\laravel\\framework\\src\\Illuminate\\Database\\Eloquent\\Model.php(2408): Illuminate\\Database\\Eloquent\\Model->__call('create', Array)
#16 C:\\Users\\Dalia\\OneDrive\\Desktop\\WorkSpace\\pulardapontenaquinta\\rotasdeteste\\app\\Http\\Controllers\\InstituicoesController.php(46): Illuminate\\Database\\Eloquent\\Model::__callStatic('create', Array)
#17 C:\\Users\\Dalia\\OneDrive\\Desktop\\WorkSpace\\pulardapontenaquinta\\rotasdeteste\\vendor\\laravel\\framework\\src\\Illuminate\\Routing\\ControllerDispatcher.php(46): App\\Http\\Controllers\\InstituicoesController->store(Object(Illuminate\\Http\\Request))
#18 C:\\Users\\Dalia\\OneDrive\\Desktop\\WorkSpace\\pulardapontenaquinta\\rotasdeteste\\vendor\\laravel\\framework\\src\\Illuminate\\Routing\\Route.php(265): Illuminate\\Routing\\ControllerDispatcher->dispatch(Object(Illuminate\\Routing\\Route), Object(App\\Http\\Controllers\\InstituicoesController), 'store')
#19 C:\\Users\\Dalia\\OneDrive\\Desktop\\WorkSpace\\pulardapontenaquinta\\rotasdeteste\\vendor\\laravel\\framework\\src\\Illuminate\\Routing\\Route.php(211): Illuminate\\Routing\\Route->runController()
#20 C:\\Users\\Dalia\\OneDrive\\Desktop\\WorkSpace\\pulardapontenaquinta\\rotasdeteste\\vendor\\laravel\\framework\\src\\Illuminate\\Routing\\Router.php(808): Illuminate\\Routing\\Route->run()
#21 C:\\Users\\Dalia\\OneDrive\\Desktop\\WorkSpace\\pulardapontenaquinta\\rotasdeteste\\vendor\\laravel\\framework\\src\\Illuminate\\Pipeline\\Pipeline.php(169): Illuminate\\Routing\\Router->Illuminate\\Routing\\{closure}(Object(Illuminate\\Http\\Request))
#22 C:\\Users\\Dalia\\OneDrive\\Desktop\\WorkSpace\\pulardapontenaquinta\\rotasdeteste\\vendor\\laravel\\framework\\src\\Illuminate\\Routing\\Middleware\\SubstituteBindings.php(50): Illuminate\\Pipeline\\Pipeline->Illuminate\\Pipeline\\{closure}(Object(Illuminate\\Http\\Request))
#23 C:\\Users\\Dalia\\OneDrive\\Desktop\\WorkSpace\\pulardapontenaquinta\\rotasdeteste\\vendor\\laravel\\framework\\src\\Illuminate\\Pipeline\\Pipeline.php(208): Illuminate\\Routing\\Middleware\\SubstituteBindings->handle(Object(Illuminate\\Http\\Request), Object(Closure))
#24 C:\\Users\\Dalia\\OneDrive\\Desktop\\WorkSpace\\pulardapontenaquinta\\rotasdeteste\\vendor\\laravel\\framework\\src\\Illuminate\\Pipeline\\Pipeline.php(126): Illuminate\\Pipeline\\Pipeline->Illuminate\\Pipeline\\{closure}(Object(Illuminate\\Http\\Request))
#25 C:\\Users\\Dalia\\OneDrive\\Desktop\\WorkSpace\\pulardapontenaquinta\\rotasdeteste\\vendor\\laravel\\framework\\src\\Illuminate\\Routing\\Router.php(807): Illuminate\\Pipeline\\Pipeline->then(Object(Closure))
#26 C:\\Users\\Dalia\\OneDrive\\Desktop\\WorkSpace\\pulardapontenaquinta\\rotasdeteste\\vendor\\laravel\\framework\\src\\Illuminate\\Routing\\Router.php(786): Illuminate\\Routing\\Router->runRouteWithinStack(Object(Illuminate\\Routing\\Route), Object(Illuminate\\Http\\Request))
#27 C:\\Users\\Dalia\\OneDrive\\Desktop\\WorkSpace\\pulardapontenaquinta\\rotasdeteste\\vendor\\laravel\\framework\\src\\Illuminate\\Routing\\Router.php(750): Illuminate\\Routing\\Router->runRoute(Object(Illuminate\\Http\\Request), Object(Illuminate\\Routing\\Route))
#28 C:\\Users\\Dalia\\OneDrive\\Desktop\\WorkSpace\\pulardapontenaquinta\\rotasdeteste\\vendor\\laravel\\framework\\src\\Illuminate\\Routing\\Router.php(739): Illuminate\\Routing\\Router->dispatchToRoute(Object(Illuminate\\Http\\Request))
#29 C:\\Users\\Dalia\\OneDrive\\Desktop\\WorkSpace\\pulardapontenaquinta\\rotasdeteste\\vendor\\laravel\\framework\\src\\Illuminate\\Foundation\\Http\\Kernel.php(200): Illuminate\\Routing\\Router->dispatch(Object(Illuminate\\Http\\Request))
#30 C:\\Users\\Dalia\\OneDrive\\Desktop\\WorkSpace\\pulardapontenaquinta\\rotasdeteste\\vendor\\laravel\\framework\\src\\Illuminate\\Pipeline\\Pipeline.php(169): Illuminate\\Foundation\\Http\\Kernel->Illuminate\\Foundation\\Http\\{closure}(Object(Illuminate\\Http\\Request))
#31 C:\\Users\\Dalia\\OneDrive\\Desktop\\WorkSpace\\pulardapontenaquinta\\rotasdeteste\\vendor\\laravel\\framework\\src\\Illuminate\\Foundation\\Http\\Middleware\\TransformsRequest.php(21): Illuminate\\Pipeline\\Pipeline->Illuminate\\Pipeline\\{closure}(Object(Illuminate\\Http\\Request))
#32 C:\\Users\\Dalia\\OneDrive\\Desktop\\WorkSpace\\pulardapontenaquinta\\rotasdeteste\\vendor\\laravel\\framework\\src\\Illuminate\\Foundation\\Http\\Middleware\\ConvertEmptyStringsToNull.php(31): Illuminate\\Foundation\\Http\\Middleware\\TransformsRequest->handle(Object(Illuminate\\Http\\Request), Object(Closure))
#33 C:\\Users\\Dalia\\OneDrive\\Desktop\\WorkSpace\\pulardapontenaquinta\\rotasdeteste\\vendor\\laravel\\framework\\src\\Illuminate\\Pipeline\\Pipeline.php(208): Illuminate\\Foundation\\Http\\Middleware\\ConvertEmptyStringsToNull->handle(Object(Illuminate\\Http\\Request), Object(Closure))
#34 C:\\Users\\Dalia\\OneDrive\\Desktop\\WorkSpace\\pulardapontenaquinta\\rotasdeteste\\vendor\\laravel\\framework\\src\\Illuminate\\Foundation\\Http\\Middleware\\TransformsRequest.php(21): Illuminate\\Pipeline\\Pipeline->Illuminate\\Pipeline\\{closure}(Object(Illuminate\\Http\\Request))
#35 C:\\Users\\Dalia\\OneDrive\\Desktop\\WorkSpace\\pulardapontenaquinta\\rotasdeteste\\vendor\\laravel\\framework\\src\\Illuminate\\Foundation\\Http\\Middleware\\TrimStrings.php(51): Illuminate\\Foundation\\Http\\Middleware\\TransformsRequest->handle(Object(Illuminate\\Http\\Request), Object(Closure))
#36 C:\\Users\\Dalia\\OneDrive\\Desktop\\WorkSpace\\pulardapontenaquinta\\rotasdeteste\\vendor\\laravel\\framework\\src\\Illuminate\\Pipeline\\Pipeline.php(208): Illuminate\\Foundation\\Http\\Middleware\\TrimStrings->handle(Object(Illuminate\\Http\\Request), Object(Closure))
#37 C:\\Users\\Dalia\\OneDrive\\Desktop\\WorkSpace\\pulardapontenaquinta\\rotasdeteste\\vendor\\laravel\\framework\\src\\Illuminate\\Http\\Middleware\\ValidatePostSize.php(27): Illuminate\\Pipeline\\Pipeline->Illuminate\\Pipeline\\{closure}(Object(Illuminate\\Http\\Request))
#38 C:\\Users\\Dalia\\OneDrive\\Desktop\\WorkSpace\\pulardapontenaquinta\\rotasdeteste\\vendor\\laravel\\framework\\src\\Illuminate\\Pipeline\\Pipeline.php(208): Illuminate\\Http\\Middleware\\ValidatePostSize->handle(Object(Illuminate\\Http\\Request), Object(Closure))
#39 C:\\Users\\Dalia\\OneDrive\\Desktop\\WorkSpace\\pulardapontenaquinta\\rotasdeteste\\vendor\\laravel\\framework\\src\\Illuminate\\Foundation\\Http\\Middleware\\PreventRequestsDuringMaintenance.php(109): Illuminate\\Pipeline\\Pipeline->Illuminate\\Pipeline\\{closure}(Object(Illuminate\\Http\\Request))
#40 C:\\Users\\Dalia\\OneDrive\\Desktop\\WorkSpace\\pulardapontenaquinta\\rotasdeteste\\vendor\\laravel\\framework\\src\\Illuminate\\Pipeline\\Pipeline.php(208): Illuminate\\Foundation\\Http\\Middleware\\PreventRequestsDuringMaintenance->handle(Object(Illuminate\\Http\\Request), Object(Closure))
#41 C:\\Users\\Dalia\\OneDrive\\Desktop\\WorkSpace\\pulardapontenaquinta\\rotasdeteste\\vendor\\laravel\\framework\\src\\Illuminate\\Http\\Middleware\\HandleCors.php(61): Illuminate\\Pipeline\\Pipeline->Illuminate\\Pipeline\\{closure}(Object(Illuminate\\Http\\Request))
#42 C:\\Users\\Dalia\\OneDrive\\Desktop\\WorkSpace\\pulardapontenaquinta\\rotasdeteste\\vendor\\laravel\\framework\\src\\Illuminate\\Pipeline\\Pipeline.php(208): Illuminate\\Http\\Middleware\\HandleCors->handle(Object(Illuminate\\Http\\Request), Object(Closure))
#43 C:\\Users\\Dalia\\OneDrive\\Desktop\\WorkSpace\\pulardapontenaquinta\\rotasdeteste\\vendor\\laravel\\framework\\src\\Illuminate\\Http\\Middleware\\TrustProxies.php(58): Illuminate\\Pipeline\\Pipeline->Illuminate\\Pipeline\\{closure}(Object(Illuminate\\Http\\Request))
#44 C:\\Users\\Dalia\\OneDrive\\Desktop\\WorkSpace\\pulardapontenaquinta\\rotasdeteste\\vendor\\laravel\\framework\\src\\Illuminate\\Pipeline\\Pipeline.php(208): Illuminate\\Http\\Middleware\\TrustProxies->handle(Object(Illuminate\\Http\\Request), Object(Closure))
#45 C:\\Users\\Dalia\\OneDrive\\Desktop\\WorkSpace\\pulardapontenaquinta\\rotasdeteste\\vendor\\laravel\\framework\\src\\Illuminate\\Foundation\\Http\\Middleware\\InvokeDeferredCallbacks.php(22): Illuminate\\Pipeline\\Pipeline->Illuminate\\Pipeline\\{closure}(Object(Illuminate\\Http\\Request))
#46 C:\\Users\\Dalia\\OneDrive\\Desktop\\WorkSpace\\pulardapontenaquinta\\rotasdeteste\\vendor\\laravel\\framework\\src\\Illuminate\\Pipeline\\Pipeline.php(208): Illuminate\\Foundation\\Http\\Middleware\\InvokeDeferredCallbacks->handle(Object(Illuminate\\Http\\Request), Object(Closure))
#47 C:\\Users\\Dalia\\OneDrive\\Desktop\\WorkSpace\\pulardapontenaquinta\\rotasdeteste\\vendor\\laravel\\framework\\src\\Illuminate\\Http\\Middleware\\ValidatePathEncoding.php(26): Illuminate\\Pipeline\\Pipeline->Illuminate\\Pipeline\\{closure}(Object(Illuminate\\Http\\Request))
#48 C:\\Users\\Dalia\\OneDrive\\Desktop\\WorkSpace\\pulardapontenaquinta\\rotasdeteste\\vendor\\laravel\\framework\\src\\Illuminate\\Pipeline\\Pipeline.php(208): Illuminate\\Http\\Middleware\\ValidatePathEncoding->handle(Object(Illuminate\\Http\\Request), Object(Closure))
#49 C:\\Users\\Dalia\\OneDrive\\Desktop\\WorkSpace\\pulardapontenaquinta\\rotasdeteste\\vendor\\laravel\\framework\\src\\Illuminate\\Pipeline\\Pipeline.php(126): Illuminate\\Pipeline\\Pipeline->Illuminate\\Pipeline\\{closure}(Object(Illuminate\\Http\\Request))
#50 C:\\Users\\Dalia\\OneDrive\\Desktop\\WorkSpace\\pulardapontenaquinta\\rotasdeteste\\vendor\\laravel\\framework\\src\\Illuminate\\Foundation\\Http\\Kernel.php(175): Illuminate\\Pipeline\\Pipeline->then(Object(Closure))
#51 C:\\Users\\Dalia\\OneDrive\\Desktop\\WorkSpace\\pulardapontenaquinta\\rotasdeteste\\vendor\\laravel\\framework\\src\\Illuminate\\Foundation\\Http\\Kernel.php(144): Illuminate\\Foundation\\Http\\Kernel->sendRequestThroughRouter(Object(Illuminate\\Http\\Request))
#52 C:\\Users\\Dalia\\OneDrive\\Desktop\\WorkSpace\\pulardapontenaquinta\\rotasdeteste\\vendor\\laravel\\framework\\src\\Illuminate\\Foundation\\Application.php(1219): Illuminate\\Foundation\\Http\\Kernel->handle(Object(Illuminate\\Http\\Request))
#53 C:\\Users\\Dalia\\OneDrive\\Desktop\\WorkSpace\\pulardapontenaquinta\\rotasdeteste\\public\\index.php(20): Illuminate\\Foundation\\Application->handleRequest(Object(Illuminate\\Http\\Request))
#54 C:\\Users\\Dalia\\OneDrive\\Desktop\\WorkSpace\\pulardapontenaquinta\\rotasdeteste\\vendor\\laravel\\framework\\src\\Illuminate\\Foundation\\resources\\server.php(23): require_once('C:\\\\Users\\\\Dalia\\\\...')
#55 {main}
"} 
[2025-04-18 01:25:57] local.ERROR: Command "make:fresh" is not defined.

Did you mean one of these?
    make:cache-table
    make:cast
    make:channel
    make:class
    make:command
    make:component
    make:controller
    make:enum
    make:event
    make:exception
    make:factory
    make:interface
    make:job
    make:job-middleware
    make:listener
    make:mail
    make:middleware
    make:migration
    make:model
    make:notification
    make:notifications-table
    make:observer
    make:policy
    make:provider
    make:queue-batches-table
    make:queue-failed-table
    make:queue-table
    make:request
    make:resource
    make:rule
    make:scope
    make:seeder
    make:session-table
    make:test
    make:trait
    make:view
    migrate:fresh
    migrate:refresh {"exception":"[object] (Symfony\\Component\\Console\\Exception\\CommandNotFoundException(code: 0): Command \"make:fresh\" is not defined.

Did you mean one of these?
    make:cache-table
    make:cast
    make:channel
    make:class
    make:command
    make:component
    make:controller
    make:enum
    make:event
    make:exception
    make:factory
    make:interface
    make:job
    make:job-middleware
    make:listener
    make:mail
    make:middleware
    make:migration
    make:model
    make:notification
    make:notifications-table
    make:observer
    make:policy
    make:provider
    make:queue-batches-table
    make:queue-failed-table
    make:queue-table
    make:request
    make:resource
    make:rule
    make:scope
    make:seeder
    make:session-table
    make:test
    make:trait
    make:view
    migrate:fresh
    migrate:refresh at C:\\Users\\Dalia\\OneDrive\\Desktop\\WorkSpace\\pulardapontenaquinta\\rotasdeteste\\vendor\\symfony\\console\\Application.php:726)
[stacktrace]
#0 C:\\Users\\Dalia\\OneDrive\\Desktop\\WorkSpace\\pulardapontenaquinta\\rotasdeteste\\vendor\\symfony\\console\\Application.php(284): Symfony\\Component\\Console\\Application->find('make:fresh')
#1 C:\\Users\\Dalia\\OneDrive\\Desktop\\WorkSpace\\pulardapontenaquinta\\rotasdeteste\\vendor\\symfony\\console\\Application.php(193): Symfony\\Component\\Console\\Application->doRun(Object(Symfony\\Component\\Console\\Input\\ArgvInput), Object(Symfony\\Component\\Console\\Output\\ConsoleOutput))
#2 C:\\Users\\Dalia\\OneDrive\\Desktop\\WorkSpace\\pulardapontenaquinta\\rotasdeteste\\vendor\\laravel\\framework\\src\\Illuminate\\Foundation\\Console\\Kernel.php(197): Symfony\\Component\\Console\\Application->run(Object(Symfony\\Component\\Console\\Input\\ArgvInput), Object(Symfony\\Component\\Console\\Output\\ConsoleOutput))
#3 C:\\Users\\Dalia\\OneDrive\\Desktop\\WorkSpace\\pulardapontenaquinta\\rotasdeteste\\vendor\\laravel\\framework\\src\\Illuminate\\Foundation\\Application.php(1234): Illuminate\\Foundation\\Console\\Kernel->handle(Object(Symfony\\Component\\Console\\Input\\ArgvInput), Object(Symfony\\Component\\Console\\Output\\ConsoleOutput))
#4 C:\\Users\\Dalia\\OneDrive\\Desktop\\WorkSpace\\pulardapontenaquinta\\rotasdeteste\\artisan(16): Illuminate\\Foundation\\Application->handleCommand(Object(Symfony\\Component\\Console\\Input\\ArgvInput))
#5 {main}
"} 
[2025-04-18 01:26:42] local.ERROR: SQLSTATE[HY000]: General error: 1364 Field 'endereco_instituicao' doesn't have a default value (Connection: mysql, SQL: insert into `instituicoes` (`nm_instituicao`, `email_instituicao`, `senha`, `descricao`, `telefone`, `updated_at`, `created_at`) values (acvaca, adfefcve@, 12345, cacwcacw, 12455245, 2025-04-18 01:26:42, 2025-04-18 01:26:42)) {"exception":"[object] (Illuminate\\Database\\QueryException(code: HY000): SQLSTATE[HY000]: General error: 1364 Field 'endereco_instituicao' doesn't have a default value (Connection: mysql, SQL: insert into `instituicoes` (`nm_instituicao`, `email_instituicao`, `senha`, `descricao`, `telefone`, `updated_at`, `created_at`) values (acvaca, adfefcve@, 12345, cacwcacw, 12455245, 2025-04-18 01:26:42, 2025-04-18 01:26:42)) at C:\\Users\\Dalia\\OneDrive\\Desktop\\WorkSpace\\pulardapontenaquinta\\rotasdeteste\\vendor\\laravel\\framework\\src\\Illuminate\\Database\\Connection.php:822)
[stacktrace]
#0 C:\\Users\\Dalia\\OneDrive\\Desktop\\WorkSpace\\pulardapontenaquinta\\rotasdeteste\\vendor\\laravel\\framework\\src\\Illuminate\\Database\\Connection.php(776): Illuminate\\Database\\Connection->runQueryCallback('insert into `in...', Array, Object(Closure))
#1 C:\\Users\\Dalia\\OneDrive\\Desktop\\WorkSpace\\pulardapontenaquinta\\rotasdeteste\\vendor\\laravel\\framework\\src\\Illuminate\\Database\\MySqlConnection.php(42): Illuminate\\Database\\Connection->run('insert into `in...', Array, Object(Closure))
#2 C:\\Users\\Dalia\\OneDrive\\Desktop\\WorkSpace\\pulardapontenaquinta\\rotasdeteste\\vendor\\laravel\\framework\\src\\Illuminate\\Database\\Query\\Processors\\MySqlProcessor.php(35): Illuminate\\Database\\MySqlConnection->insert('insert into `in...', Array, 'id')
#3 C:\\Users\\Dalia\\OneDrive\\Desktop\\WorkSpace\\pulardapontenaquinta\\rotasdeteste\\vendor\\laravel\\framework\\src\\Illuminate\\Database\\Query\\Builder.php(3769): Illuminate\\Database\\Query\\Processors\\MySqlProcessor->processInsertGetId(Object(Illuminate\\Database\\Query\\Builder), 'insert into `in...', Array, 'id')
#4 C:\\Users\\Dalia\\OneDrive\\Desktop\\WorkSpace\\pulardapontenaquinta\\rotasdeteste\\vendor\\laravel\\framework\\src\\Illuminate\\Database\\Eloquent\\Builder.php(2143): Illuminate\\Database\\Query\\Builder->insertGetId(Array, 'id')
#5 C:\\Users\\Dalia\\OneDrive\\Desktop\\WorkSpace\\pulardapontenaquinta\\rotasdeteste\\vendor\\laravel\\framework\\src\\Illuminate\\Database\\Eloquent\\Model.php(1361): Illuminate\\Database\\Eloquent\\Builder->__call('insertGetId', Array)
#6 C:\\Users\\Dalia\\OneDrive\\Desktop\\WorkSpace\\pulardapontenaquinta\\rotasdeteste\\vendor\\laravel\\framework\\src\\Illuminate\\Database\\Eloquent\\Model.php(1326): Illuminate\\Database\\Eloquent\\Model->insertAndSetId(Object(Illuminate\\Database\\Eloquent\\Builder), Array)
#7 C:\\Users\\Dalia\\OneDrive\\Desktop\\WorkSpace\\pulardapontenaquinta\\rotasdeteste\\vendor\\laravel\\framework\\src\\Illuminate\\Database\\Eloquent\\Model.php(1165): Illuminate\\Database\\Eloquent\\Model->performInsert(Object(Illuminate\\Database\\Eloquent\\Builder))
#8 C:\\Users\\Dalia\\OneDrive\\Desktop\\WorkSpace\\pulardapontenaquinta\\rotasdeteste\\vendor\\laravel\\framework\\src\\Illuminate\\Database\\Eloquent\\Builder.php(1127): Illuminate\\Database\\Eloquent\\Model->save()
#9 C:\\Users\\Dalia\\OneDrive\\Desktop\\WorkSpace\\pulardapontenaquinta\\rotasdeteste\\vendor\\laravel\\framework\\src\\Illuminate\\Support\\helpers.php(399): Illuminate\\Database\\Eloquent\\Builder->Illuminate\\Database\\Eloquent\\{closure}(Object(App\\Models\\Instituicoes))
#10 C:\\Users\\Dalia\\OneDrive\\Desktop\\WorkSpace\\pulardapontenaquinta\\rotasdeteste\\vendor\\laravel\\framework\\src\\Illuminate\\Database\\Eloquent\\Builder.php(1126): tap(Object(App\\Models\\Instituicoes), Object(Closure))
#11 C:\\Users\\Dalia\\OneDrive\\Desktop\\WorkSpace\\pulardapontenaquinta\\rotasdeteste\\vendor\\laravel\\framework\\src\\Illuminate\\Support\\Traits\\ForwardsCalls.php(23): Illuminate\\Database\\Eloquent\\Builder->create(Array)
#12 C:\\Users\\Dalia\\OneDrive\\Desktop\\WorkSpace\\pulardapontenaquinta\\rotasdeteste\\vendor\\laravel\\framework\\src\\Illuminate\\Database\\Eloquent\\Model.php(2392): Illuminate\\Database\\Eloquent\\Model->forwardCallTo(Object(Illuminate\\Database\\Eloquent\\Builder), 'create', Array)
#13 C:\\Users\\Dalia\\OneDrive\\Desktop\\WorkSpace\\pulardapontenaquinta\\rotasdeteste\\vendor\\laravel\\framework\\src\\Illuminate\\Database\\Eloquent\\Model.php(2408): Illuminate\\Database\\Eloquent\\Model->__call('create', Array)
#14 C:\\Users\\Dalia\\OneDrive\\Desktop\\WorkSpace\\pulardapontenaquinta\\rotasdeteste\\app\\Http\\Controllers\\InstituicoesController.php(46): Illuminate\\Database\\Eloquent\\Model::__callStatic('create', Array)
#15 C:\\Users\\Dalia\\OneDrive\\Desktop\\WorkSpace\\pulardapontenaquinta\\rotasdeteste\\vendor\\laravel\\framework\\src\\Illuminate\\Routing\\ControllerDispatcher.php(46): App\\Http\\Controllers\\InstituicoesController->store(Object(Illuminate\\Http\\Request))
#16 C:\\Users\\Dalia\\OneDrive\\Desktop\\WorkSpace\\pulardapontenaquinta\\rotasdeteste\\vendor\\laravel\\framework\\src\\Illuminate\\Routing\\Route.php(265): Illuminate\\Routing\\ControllerDispatcher->dispatch(Object(Illuminate\\Routing\\Route), Object(App\\Http\\Controllers\\InstituicoesController), 'store')
#17 C:\\Users\\Dalia\\OneDrive\\Desktop\\WorkSpace\\pulardapontenaquinta\\rotasdeteste\\vendor\\laravel\\framework\\src\\Illuminate\\Routing\\Route.php(211): Illuminate\\Routing\\Route->runController()
#18 C:\\Users\\Dalia\\OneDrive\\Desktop\\WorkSpace\\pulardapontenaquinta\\rotasdeteste\\vendor\\laravel\\framework\\src\\Illuminate\\Routing\\Router.php(808): Illuminate\\Routing\\Route->run()
#19 C:\\Users\\Dalia\\OneDrive\\Desktop\\WorkSpace\\pulardapontenaquinta\\rotasdeteste\\vendor\\laravel\\framework\\src\\Illuminate\\Pipeline\\Pipeline.php(169): Illuminate\\Routing\\Router->Illuminate\\Routing\\{closure}(Object(Illuminate\\Http\\Request))
#20 C:\\Users\\Dalia\\OneDrive\\Desktop\\WorkSpace\\pulardapontenaquinta\\rotasdeteste\\vendor\\laravel\\framework\\src\\Illuminate\\Routing\\Middleware\\SubstituteBindings.php(50): Illuminate\\Pipeline\\Pipeline->Illuminate\\Pipeline\\{closure}(Object(Illuminate\\Http\\Request))
#21 C:\\Users\\Dalia\\OneDrive\\Desktop\\WorkSpace\\pulardapontenaquinta\\rotasdeteste\\vendor\\laravel\\framework\\src\\Illuminate\\Pipeline\\Pipeline.php(208): Illuminate\\Routing\\Middleware\\SubstituteBindings->handle(Object(Illuminate\\Http\\Request), Object(Closure))
#22 C:\\Users\\Dalia\\OneDrive\\Desktop\\WorkSpace\\pulardapontenaquinta\\rotasdeteste\\vendor\\laravel\\framework\\src\\Illuminate\\Pipeline\\Pipeline.php(126): Illuminate\\Pipeline\\Pipeline->Illuminate\\Pipeline\\{closure}(Object(Illuminate\\Http\\Request))
#23 C:\\Users\\Dalia\\OneDrive\\Desktop\\WorkSpace\\pulardapontenaquinta\\rotasdeteste\\vendor\\laravel\\framework\\src\\Illuminate\\Routing\\Router.php(807): Illuminate\\Pipeline\\Pipeline->then(Object(Closure))
#24 C:\\Users\\Dalia\\OneDrive\\Desktop\\WorkSpace\\pulardapontenaquinta\\rotasdeteste\\vendor\\laravel\\framework\\src\\Illuminate\\Routing\\Router.php(786): Illuminate\\Routing\\Router->runRouteWithinStack(Object(Illuminate\\Routing\\Route), Object(Illuminate\\Http\\Request))
#25 C:\\Users\\Dalia\\OneDrive\\Desktop\\WorkSpace\\pulardapontenaquinta\\rotasdeteste\\vendor\\laravel\\framework\\src\\Illuminate\\Routing\\Router.php(750): Illuminate\\Routing\\Router->runRoute(Object(Illuminate\\Http\\Request), Object(Illuminate\\Routing\\Route))
#26 C:\\Users\\Dalia\\OneDrive\\Desktop\\WorkSpace\\pulardapontenaquinta\\rotasdeteste\\vendor\\laravel\\framework\\src\\Illuminate\\Routing\\Router.php(739): Illuminate\\Routing\\Router->dispatchToRoute(Object(Illuminate\\Http\\Request))
#27 C:\\Users\\Dalia\\OneDrive\\Desktop\\WorkSpace\\pulardapontenaquinta\\rotasdeteste\\vendor\\laravel\\framework\\src\\Illuminate\\Foundation\\Http\\Kernel.php(200): Illuminate\\Routing\\Router->dispatch(Object(Illuminate\\Http\\Request))
#28 C:\\Users\\Dalia\\OneDrive\\Desktop\\WorkSpace\\pulardapontenaquinta\\rotasdeteste\\vendor\\laravel\\framework\\src\\Illuminate\\Pipeline\\Pipeline.php(169): Illuminate\\Foundation\\Http\\Kernel->Illuminate\\Foundation\\Http\\{closure}(Object(Illuminate\\Http\\Request))
#29 C:\\Users\\Dalia\\OneDrive\\Desktop\\WorkSpace\\pulardapontenaquinta\\rotasdeteste\\vendor\\laravel\\framework\\src\\Illuminate\\Foundation\\Http\\Middleware\\TransformsRequest.php(21): Illuminate\\Pipeline\\Pipeline->Illuminate\\Pipeline\\{closure}(Object(Illuminate\\Http\\Request))
#30 C:\\Users\\Dalia\\OneDrive\\Desktop\\WorkSpace\\pulardapontenaquinta\\rotasdeteste\\vendor\\laravel\\framework\\src\\Illuminate\\Foundation\\Http\\Middleware\\ConvertEmptyStringsToNull.php(31): Illuminate\\Foundation\\Http\\Middleware\\TransformsRequest->handle(Object(Illuminate\\Http\\Request), Object(Closure))
#31 C:\\Users\\Dalia\\OneDrive\\Desktop\\WorkSpace\\pulardapontenaquinta\\rotasdeteste\\vendor\\laravel\\framework\\src\\Illuminate\\Pipeline\\Pipeline.php(208): Illuminate\\Foundation\\Http\\Middleware\\ConvertEmptyStringsToNull->handle(Object(Illuminate\\Http\\Request), Object(Closure))
#32 C:\\Users\\Dalia\\OneDrive\\Desktop\\WorkSpace\\pulardapontenaquinta\\rotasdeteste\\vendor\\laravel\\framework\\src\\Illuminate\\Foundation\\Http\\Middleware\\TransformsRequest.php(21): Illuminate\\Pipeline\\Pipeline->Illuminate\\Pipeline\\{closure}(Object(Illuminate\\Http\\Request))
#33 C:\\Users\\Dalia\\OneDrive\\Desktop\\WorkSpace\\pulardapontenaquinta\\rotasdeteste\\vendor\\laravel\\framework\\src\\Illuminate\\Foundation\\Http\\Middleware\\TrimStrings.php(51): Illuminate\\Foundation\\Http\\Middleware\\TransformsRequest->handle(Object(Illuminate\\Http\\Request), Object(Closure))
#34 C:\\Users\\Dalia\\OneDrive\\Desktop\\WorkSpace\\pulardapontenaquinta\\rotasdeteste\\vendor\\laravel\\framework\\src\\Illuminate\\Pipeline\\Pipeline.php(208): Illuminate\\Foundation\\Http\\Middleware\\TrimStrings->handle(Object(Illuminate\\Http\\Request), Object(Closure))
#35 C:\\Users\\Dalia\\OneDrive\\Desktop\\WorkSpace\\pulardapontenaquinta\\rotasdeteste\\vendor\\laravel\\framework\\src\\Illuminate\\Http\\Middleware\\ValidatePostSize.php(27): Illuminate\\Pipeline\\Pipeline->Illuminate\\Pipeline\\{closure}(Object(Illuminate\\Http\\Request))
#36 C:\\Users\\Dalia\\OneDrive\\Desktop\\WorkSpace\\pulardapontenaquinta\\rotasdeteste\\vendor\\laravel\\framework\\src\\Illuminate\\Pipeline\\Pipeline.php(208): Illuminate\\Http\\Middleware\\ValidatePostSize->handle(Object(Illuminate\\Http\\Request), Object(Closure))
#37 C:\\Users\\Dalia\\OneDrive\\Desktop\\WorkSpace\\pulardapontenaquinta\\rotasdeteste\\vendor\\laravel\\framework\\src\\Illuminate\\Foundation\\Http\\Middleware\\PreventRequestsDuringMaintenance.php(109): Illuminate\\Pipeline\\Pipeline->Illuminate\\Pipeline\\{closure}(Object(Illuminate\\Http\\Request))
#38 C:\\Users\\Dalia\\OneDrive\\Desktop\\WorkSpace\\pulardapontenaquinta\\rotasdeteste\\vendor\\laravel\\framework\\src\\Illuminate\\Pipeline\\Pipeline.php(208): Illuminate\\Foundation\\Http\\Middleware\\PreventRequestsDuringMaintenance->handle(Object(Illuminate\\Http\\Request), Object(Closure))
#39 C:\\Users\\Dalia\\OneDrive\\Desktop\\WorkSpace\\pulardapontenaquinta\\rotasdeteste\\vendor\\laravel\\framework\\src\\Illuminate\\Http\\Middleware\\HandleCors.php(61): Illuminate\\Pipeline\\Pipeline->Illuminate\\Pipeline\\{closure}(Object(Illuminate\\Http\\Request))
#40 C:\\Users\\Dalia\\OneDrive\\Desktop\\WorkSpace\\pulardapontenaquinta\\rotasdeteste\\vendor\\laravel\\framework\\src\\Illuminate\\Pipeline\\Pipeline.php(208): Illuminate\\Http\\Middleware\\HandleCors->handle(Object(Illuminate\\Http\\Request), Object(Closure))
#41 C:\\Users\\Dalia\\OneDrive\\Desktop\\WorkSpace\\pulardapontenaquinta\\rotasdeteste\\vendor\\laravel\\framework\\src\\Illuminate\\Http\\Middleware\\TrustProxies.php(58): Illuminate\\Pipeline\\Pipeline->Illuminate\\Pipeline\\{closure}(Object(Illuminate\\Http\\Request))
#42 C:\\Users\\Dalia\\OneDrive\\Desktop\\WorkSpace\\pulardapontenaquinta\\rotasdeteste\\vendor\\laravel\\framework\\src\\Illuminate\\Pipeline\\Pipeline.php(208): Illuminate\\Http\\Middleware\\TrustProxies->handle(Object(Illuminate\\Http\\Request), Object(Closure))
#43 C:\\Users\\Dalia\\OneDrive\\Desktop\\WorkSpace\\pulardapontenaquinta\\rotasdeteste\\vendor\\laravel\\framework\\src\\Illuminate\\Foundation\\Http\\Middleware\\InvokeDeferredCallbacks.php(22): Illuminate\\Pipeline\\Pipeline->Illuminate\\Pipeline\\{closure}(Object(Illuminate\\Http\\Request))
#44 C:\\Users\\Dalia\\OneDrive\\Desktop\\WorkSpace\\pulardapontenaquinta\\rotasdeteste\\vendor\\laravel\\framework\\src\\Illuminate\\Pipeline\\Pipeline.php(208): Illuminate\\Foundation\\Http\\Middleware\\InvokeDeferredCallbacks->handle(Object(Illuminate\\Http\\Request), Object(Closure))
#45 C:\\Users\\Dalia\\OneDrive\\Desktop\\WorkSpace\\pulardapontenaquinta\\rotasdeteste\\vendor\\laravel\\framework\\src\\Illuminate\\Http\\Middleware\\ValidatePathEncoding.php(26): Illuminate\\Pipeline\\Pipeline->Illuminate\\Pipeline\\{closure}(Object(Illuminate\\Http\\Request))
#46 C:\\Users\\Dalia\\OneDrive\\Desktop\\WorkSpace\\pulardapontenaquinta\\rotasdeteste\\vendor\\laravel\\framework\\src\\Illuminate\\Pipeline\\Pipeline.php(208): Illuminate\\Http\\Middleware\\ValidatePathEncoding->handle(Object(Illuminate\\Http\\Request), Object(Closure))
#47 C:\\Users\\Dalia\\OneDrive\\Desktop\\WorkSpace\\pulardapontenaquinta\\rotasdeteste\\vendor\\laravel\\framework\\src\\Illuminate\\Pipeline\\Pipeline.php(126): Illuminate\\Pipeline\\Pipeline->Illuminate\\Pipeline\\{closure}(Object(Illuminate\\Http\\Request))
#48 C:\\Users\\Dalia\\OneDrive\\Desktop\\WorkSpace\\pulardapontenaquinta\\rotasdeteste\\vendor\\laravel\\framework\\src\\Illuminate\\Foundation\\Http\\Kernel.php(175): Illuminate\\Pipeline\\Pipeline->then(Object(Closure))
#49 C:\\Users\\Dalia\\OneDrive\\Desktop\\WorkSpace\\pulardapontenaquinta\\rotasdeteste\\vendor\\laravel\\framework\\src\\Illuminate\\Foundation\\Http\\Kernel.php(144): Illuminate\\Foundation\\Http\\Kernel->sendRequestThroughRouter(Object(Illuminate\\Http\\Request))
#50 C:\\Users\\Dalia\\OneDrive\\Desktop\\WorkSpace\\pulardapontenaquinta\\rotasdeteste\\vendor\\laravel\\framework\\src\\Illuminate\\Foundation\\Application.php(1219): Illuminate\\Foundation\\Http\\Kernel->handle(Object(Illuminate\\Http\\Request))
#51 C:\\Users\\Dalia\\OneDrive\\Desktop\\WorkSpace\\pulardapontenaquinta\\rotasdeteste\\public\\index.php(20): Illuminate\\Foundation\\Application->handleRequest(Object(Illuminate\\Http\\Request))
#52 C:\\Users\\Dalia\\OneDrive\\Desktop\\WorkSpace\\pulardapontenaquinta\\rotasdeteste\\vendor\\laravel\\framework\\src\\Illuminate\\Foundation\\resources\\server.php(23): require_once('C:\\\\Users\\\\Dalia\\\\...')
#53 {main}

[previous exception] [object] (PDOException(code: HY000): SQLSTATE[HY000]: General error: 1364 Field 'endereco_instituicao' doesn't have a default value at C:\\Users\\Dalia\\OneDrive\\Desktop\\WorkSpace\\pulardapontenaquinta\\rotasdeteste\\vendor\\laravel\\framework\\src\\Illuminate\\Database\\MySqlConnection.php:53)
[stacktrace]
#0 C:\\Users\\Dalia\\OneDrive\\Desktop\\WorkSpace\\pulardapontenaquinta\\rotasdeteste\\vendor\\laravel\\framework\\src\\Illuminate\\Database\\MySqlConnection.php(53): PDOStatement->execute()
#1 C:\\Users\\Dalia\\OneDrive\\Desktop\\WorkSpace\\pulardapontenaquinta\\rotasdeteste\\vendor\\laravel\\framework\\src\\Illuminate\\Database\\Connection.php(809): Illuminate\\Database\\MySqlConnection->Illuminate\\Database\\{closure}('insert into `in...', Array)
#2 C:\\Users\\Dalia\\OneDrive\\Desktop\\WorkSpace\\pulardapontenaquinta\\rotasdeteste\\vendor\\laravel\\framework\\src\\Illuminate\\Database\\Connection.php(776): Illuminate\\Database\\Connection->runQueryCallback('insert into `in...', Array, Object(Closure))
#3 C:\\Users\\Dalia\\OneDrive\\Desktop\\WorkSpace\\pulardapontenaquinta\\rotasdeteste\\vendor\\laravel\\framework\\src\\Illuminate\\Database\\MySqlConnection.php(42): Illuminate\\Database\\Connection->run('insert into `in...', Array, Object(Closure))
#4 C:\\Users\\Dalia\\OneDrive\\Desktop\\WorkSpace\\pulardapontenaquinta\\rotasdeteste\\vendor\\laravel\\framework\\src\\Illuminate\\Database\\Query\\Processors\\MySqlProcessor.php(35): Illuminate\\Database\\MySqlConnection->insert('insert into `in...', Array, 'id')
#5 C:\\Users\\Dalia\\OneDrive\\Desktop\\WorkSpace\\pulardapontenaquinta\\rotasdeteste\\vendor\\laravel\\framework\\src\\Illuminate\\Database\\Query\\Builder.php(3769): Illuminate\\Database\\Query\\Processors\\MySqlProcessor->processInsertGetId(Object(Illuminate\\Database\\Query\\Builder), 'insert into `in...', Array, 'id')
#6 C:\\Users\\Dalia\\OneDrive\\Desktop\\WorkSpace\\pulardapontenaquinta\\rotasdeteste\\vendor\\laravel\\framework\\src\\Illuminate\\Database\\Eloquent\\Builder.php(2143): Illuminate\\Database\\Query\\Builder->insertGetId(Array, 'id')
#7 C:\\Users\\Dalia\\OneDrive\\Desktop\\WorkSpace\\pulardapontenaquinta\\rotasdeteste\\vendor\\laravel\\framework\\src\\Illuminate\\Database\\Eloquent\\Model.php(1361): Illuminate\\Database\\Eloquent\\Builder->__call('insertGetId', Array)
#8 C:\\Users\\Dalia\\OneDrive\\Desktop\\WorkSpace\\pulardapontenaquinta\\rotasdeteste\\vendor\\laravel\\framework\\src\\Illuminate\\Database\\Eloquent\\Model.php(1326): Illuminate\\Database\\Eloquent\\Model->insertAndSetId(Object(Illuminate\\Database\\Eloquent\\Builder), Array)
#9 C:\\Users\\Dalia\\OneDrive\\Desktop\\WorkSpace\\pulardapontenaquinta\\rotasdeteste\\vendor\\laravel\\framework\\src\\Illuminate\\Database\\Eloquent\\Model.php(1165): Illuminate\\Database\\Eloquent\\Model->performInsert(Object(Illuminate\\Database\\Eloquent\\Builder))
#10 C:\\Users\\Dalia\\OneDrive\\Desktop\\WorkSpace\\pulardapontenaquinta\\rotasdeteste\\vendor\\laravel\\framework\\src\\Illuminate\\Database\\Eloquent\\Builder.php(1127): Illuminate\\Database\\Eloquent\\Model->save()
#11 C:\\Users\\Dalia\\OneDrive\\Desktop\\WorkSpace\\pulardapontenaquinta\\rotasdeteste\\vendor\\laravel\\framework\\src\\Illuminate\\Support\\helpers.php(399): Illuminate\\Database\\Eloquent\\Builder->Illuminate\\Database\\Eloquent\\{closure}(Object(App\\Models\\Instituicoes))
#12 C:\\Users\\Dalia\\OneDrive\\Desktop\\WorkSpace\\pulardapontenaquinta\\rotasdeteste\\vendor\\laravel\\framework\\src\\Illuminate\\Database\\Eloquent\\Builder.php(1126): tap(Object(App\\Models\\Instituicoes), Object(Closure))
#13 C:\\Users\\Dalia\\OneDrive\\Desktop\\WorkSpace\\pulardapontenaquinta\\rotasdeteste\\vendor\\laravel\\framework\\src\\Illuminate\\Support\\Traits\\ForwardsCalls.php(23): Illuminate\\Database\\Eloquent\\Builder->create(Array)
#14 C:\\Users\\Dalia\\OneDrive\\Desktop\\WorkSpace\\pulardapontenaquinta\\rotasdeteste\\vendor\\laravel\\framework\\src\\Illuminate\\Database\\Eloquent\\Model.php(2392): Illuminate\\Database\\Eloquent\\Model->forwardCallTo(Object(Illuminate\\Database\\Eloquent\\Builder), 'create', Array)
#15 C:\\Users\\Dalia\\OneDrive\\Desktop\\WorkSpace\\pulardapontenaquinta\\rotasdeteste\\vendor\\laravel\\framework\\src\\Illuminate\\Database\\Eloquent\\Model.php(2408): Illuminate\\Database\\Eloquent\\Model->__call('create', Array)
#16 C:\\Users\\Dalia\\OneDrive\\Desktop\\WorkSpace\\pulardapontenaquinta\\rotasdeteste\\app\\Http\\Controllers\\InstituicoesController.php(46): Illuminate\\Database\\Eloquent\\Model::__callStatic('create', Array)
#17 C:\\Users\\Dalia\\OneDrive\\Desktop\\WorkSpace\\pulardapontenaquinta\\rotasdeteste\\vendor\\laravel\\framework\\src\\Illuminate\\Routing\\ControllerDispatcher.php(46): App\\Http\\Controllers\\InstituicoesController->store(Object(Illuminate\\Http\\Request))
#18 C:\\Users\\Dalia\\OneDrive\\Desktop\\WorkSpace\\pulardapontenaquinta\\rotasdeteste\\vendor\\laravel\\framework\\src\\Illuminate\\Routing\\Route.php(265): Illuminate\\Routing\\ControllerDispatcher->dispatch(Object(Illuminate\\Routing\\Route), Object(App\\Http\\Controllers\\InstituicoesController), 'store')
#19 C:\\Users\\Dalia\\OneDrive\\Desktop\\WorkSpace\\pulardapontenaquinta\\rotasdeteste\\vendor\\laravel\\framework\\src\\Illuminate\\Routing\\Route.php(211): Illuminate\\Routing\\Route->runController()
#20 C:\\Users\\Dalia\\OneDrive\\Desktop\\WorkSpace\\pulardapontenaquinta\\rotasdeteste\\vendor\\laravel\\framework\\src\\Illuminate\\Routing\\Router.php(808): Illuminate\\Routing\\Route->run()
#21 C:\\Users\\Dalia\\OneDrive\\Desktop\\WorkSpace\\pulardapontenaquinta\\rotasdeteste\\vendor\\laravel\\framework\\src\\Illuminate\\Pipeline\\Pipeline.php(169): Illuminate\\Routing\\Router->Illuminate\\Routing\\{closure}(Object(Illuminate\\Http\\Request))
#22 C:\\Users\\Dalia\\OneDrive\\Desktop\\WorkSpace\\pulardapontenaquinta\\rotasdeteste\\vendor\\laravel\\framework\\src\\Illuminate\\Routing\\Middleware\\SubstituteBindings.php(50): Illuminate\\Pipeline\\Pipeline->Illuminate\\Pipeline\\{closure}(Object(Illuminate\\Http\\Request))
#23 C:\\Users\\Dalia\\OneDrive\\Desktop\\WorkSpace\\pulardapontenaquinta\\rotasdeteste\\vendor\\laravel\\framework\\src\\Illuminate\\Pipeline\\Pipeline.php(208): Illuminate\\Routing\\Middleware\\SubstituteBindings->handle(Object(Illuminate\\Http\\Request), Object(Closure))
#24 C:\\Users\\Dalia\\OneDrive\\Desktop\\WorkSpace\\pulardapontenaquinta\\rotasdeteste\\vendor\\laravel\\framework\\src\\Illuminate\\Pipeline\\Pipeline.php(126): Illuminate\\Pipeline\\Pipeline->Illuminate\\Pipeline\\{closure}(Object(Illuminate\\Http\\Request))
#25 C:\\Users\\Dalia\\OneDrive\\Desktop\\WorkSpace\\pulardapontenaquinta\\rotasdeteste\\vendor\\laravel\\framework\\src\\Illuminate\\Routing\\Router.php(807): Illuminate\\Pipeline\\Pipeline->then(Object(Closure))
#26 C:\\Users\\Dalia\\OneDrive\\Desktop\\WorkSpace\\pulardapontenaquinta\\rotasdeteste\\vendor\\laravel\\framework\\src\\Illuminate\\Routing\\Router.php(786): Illuminate\\Routing\\Router->runRouteWithinStack(Object(Illuminate\\Routing\\Route), Object(Illuminate\\Http\\Request))
#27 C:\\Users\\Dalia\\OneDrive\\Desktop\\WorkSpace\\pulardapontenaquinta\\rotasdeteste\\vendor\\laravel\\framework\\src\\Illuminate\\Routing\\Router.php(750): Illuminate\\Routing\\Router->runRoute(Object(Illuminate\\Http\\Request), Object(Illuminate\\Routing\\Route))
#28 C:\\Users\\Dalia\\OneDrive\\Desktop\\WorkSpace\\pulardapontenaquinta\\rotasdeteste\\vendor\\laravel\\framework\\src\\Illuminate\\Routing\\Router.php(739): Illuminate\\Routing\\Router->dispatchToRoute(Object(Illuminate\\Http\\Request))
#29 C:\\Users\\Dalia\\OneDrive\\Desktop\\WorkSpace\\pulardapontenaquinta\\rotasdeteste\\vendor\\laravel\\framework\\src\\Illuminate\\Foundation\\Http\\Kernel.php(200): Illuminate\\Routing\\Router->dispatch(Object(Illuminate\\Http\\Request))
#30 C:\\Users\\Dalia\\OneDrive\\Desktop\\WorkSpace\\pulardapontenaquinta\\rotasdeteste\\vendor\\laravel\\framework\\src\\Illuminate\\Pipeline\\Pipeline.php(169): Illuminate\\Foundation\\Http\\Kernel->Illuminate\\Foundation\\Http\\{closure}(Object(Illuminate\\Http\\Request))
#31 C:\\Users\\Dalia\\OneDrive\\Desktop\\WorkSpace\\pulardapontenaquinta\\rotasdeteste\\vendor\\laravel\\framework\\src\\Illuminate\\Foundation\\Http\\Middleware\\TransformsRequest.php(21): Illuminate\\Pipeline\\Pipeline->Illuminate\\Pipeline\\{closure}(Object(Illuminate\\Http\\Request))
#32 C:\\Users\\Dalia\\OneDrive\\Desktop\\WorkSpace\\pulardapontenaquinta\\rotasdeteste\\vendor\\laravel\\framework\\src\\Illuminate\\Foundation\\Http\\Middleware\\ConvertEmptyStringsToNull.php(31): Illuminate\\Foundation\\Http\\Middleware\\TransformsRequest->handle(Object(Illuminate\\Http\\Request), Object(Closure))
#33 C:\\Users\\Dalia\\OneDrive\\Desktop\\WorkSpace\\pulardapontenaquinta\\rotasdeteste\\vendor\\laravel\\framework\\src\\Illuminate\\Pipeline\\Pipeline.php(208): Illuminate\\Foundation\\Http\\Middleware\\ConvertEmptyStringsToNull->handle(Object(Illuminate\\Http\\Request), Object(Closure))
#34 C:\\Users\\Dalia\\OneDrive\\Desktop\\WorkSpace\\pulardapontenaquinta\\rotasdeteste\\vendor\\laravel\\framework\\src\\Illuminate\\Foundation\\Http\\Middleware\\TransformsRequest.php(21): Illuminate\\Pipeline\\Pipeline->Illuminate\\Pipeline\\{closure}(Object(Illuminate\\Http\\Request))
#35 C:\\Users\\Dalia\\OneDrive\\Desktop\\WorkSpace\\pulardapontenaquinta\\rotasdeteste\\vendor\\laravel\\framework\\src\\Illuminate\\Foundation\\Http\\Middleware\\TrimStrings.php(51): Illuminate\\Foundation\\Http\\Middleware\\TransformsRequest->handle(Object(Illuminate\\Http\\Request), Object(Closure))
#36 C:\\Users\\Dalia\\OneDrive\\Desktop\\WorkSpace\\pulardapontenaquinta\\rotasdeteste\\vendor\\laravel\\framework\\src\\Illuminate\\Pipeline\\Pipeline.php(208): Illuminate\\Foundation\\Http\\Middleware\\TrimStrings->handle(Object(Illuminate\\Http\\Request), Object(Closure))
#37 C:\\Users\\Dalia\\OneDrive\\Desktop\\WorkSpace\\pulardapontenaquinta\\rotasdeteste\\vendor\\laravel\\framework\\src\\Illuminate\\Http\\Middleware\\ValidatePostSize.php(27): Illuminate\\Pipeline\\Pipeline->Illuminate\\Pipeline\\{closure}(Object(Illuminate\\Http\\Request))
#38 C:\\Users\\Dalia\\OneDrive\\Desktop\\WorkSpace\\pulardapontenaquinta\\rotasdeteste\\vendor\\laravel\\framework\\src\\Illuminate\\Pipeline\\Pipeline.php(208): Illuminate\\Http\\Middleware\\ValidatePostSize->handle(Object(Illuminate\\Http\\Request), Object(Closure))
#39 C:\\Users\\Dalia\\OneDrive\\Desktop\\WorkSpace\\pulardapontenaquinta\\rotasdeteste\\vendor\\laravel\\framework\\src\\Illuminate\\Foundation\\Http\\Middleware\\PreventRequestsDuringMaintenance.php(109): Illuminate\\Pipeline\\Pipeline->Illuminate\\Pipeline\\{closure}(Object(Illuminate\\Http\\Request))
#40 C:\\Users\\Dalia\\OneDrive\\Desktop\\WorkSpace\\pulardapontenaquinta\\rotasdeteste\\vendor\\laravel\\framework\\src\\Illuminate\\Pipeline\\Pipeline.php(208): Illuminate\\Foundation\\Http\\Middleware\\PreventRequestsDuringMaintenance->handle(Object(Illuminate\\Http\\Request), Object(Closure))
#41 C:\\Users\\Dalia\\OneDrive\\Desktop\\WorkSpace\\pulardapontenaquinta\\rotasdeteste\\vendor\\laravel\\framework\\src\\Illuminate\\Http\\Middleware\\HandleCors.php(61): Illuminate\\Pipeline\\Pipeline->Illuminate\\Pipeline\\{closure}(Object(Illuminate\\Http\\Request))
#42 C:\\Users\\Dalia\\OneDrive\\Desktop\\WorkSpace\\pulardapontenaquinta\\rotasdeteste\\vendor\\laravel\\framework\\src\\Illuminate\\Pipeline\\Pipeline.php(208): Illuminate\\Http\\Middleware\\HandleCors->handle(Object(Illuminate\\Http\\Request), Object(Closure))
#43 C:\\Users\\Dalia\\OneDrive\\Desktop\\WorkSpace\\pulardapontenaquinta\\rotasdeteste\\vendor\\laravel\\framework\\src\\Illuminate\\Http\\Middleware\\TrustProxies.php(58): Illuminate\\Pipeline\\Pipeline->Illuminate\\Pipeline\\{closure}(Object(Illuminate\\Http\\Request))
#44 C:\\Users\\Dalia\\OneDrive\\Desktop\\WorkSpace\\pulardapontenaquinta\\rotasdeteste\\vendor\\laravel\\framework\\src\\Illuminate\\Pipeline\\Pipeline.php(208): Illuminate\\Http\\Middleware\\TrustProxies->handle(Object(Illuminate\\Http\\Request), Object(Closure))
#45 C:\\Users\\Dalia\\OneDrive\\Desktop\\WorkSpace\\pulardapontenaquinta\\rotasdeteste\\vendor\\laravel\\framework\\src\\Illuminate\\Foundation\\Http\\Middleware\\InvokeDeferredCallbacks.php(22): Illuminate\\Pipeline\\Pipeline->Illuminate\\Pipeline\\{closure}(Object(Illuminate\\Http\\Request))
#46 C:\\Users\\Dalia\\OneDrive\\Desktop\\WorkSpace\\pulardapontenaquinta\\rotasdeteste\\vendor\\laravel\\framework\\src\\Illuminate\\Pipeline\\Pipeline.php(208): Illuminate\\Foundation\\Http\\Middleware\\InvokeDeferredCallbacks->handle(Object(Illuminate\\Http\\Request), Object(Closure))
#47 C:\\Users\\Dalia\\OneDrive\\Desktop\\WorkSpace\\pulardapontenaquinta\\rotasdeteste\\vendor\\laravel\\framework\\src\\Illuminate\\Http\\Middleware\\ValidatePathEncoding.php(26): Illuminate\\Pipeline\\Pipeline->Illuminate\\Pipeline\\{closure}(Object(Illuminate\\Http\\Request))
#48 C:\\Users\\Dalia\\OneDrive\\Desktop\\WorkSpace\\pulardapontenaquinta\\rotasdeteste\\vendor\\laravel\\framework\\src\\Illuminate\\Pipeline\\Pipeline.php(208): Illuminate\\Http\\Middleware\\ValidatePathEncoding->handle(Object(Illuminate\\Http\\Request), Object(Closure))
#49 C:\\Users\\Dalia\\OneDrive\\Desktop\\WorkSpace\\pulardapontenaquinta\\rotasdeteste\\vendor\\laravel\\framework\\src\\Illuminate\\Pipeline\\Pipeline.php(126): Illuminate\\Pipeline\\Pipeline->Illuminate\\Pipeline\\{closure}(Object(Illuminate\\Http\\Request))
#50 C:\\Users\\Dalia\\OneDrive\\Desktop\\WorkSpace\\pulardapontenaquinta\\rotasdeteste\\vendor\\laravel\\framework\\src\\Illuminate\\Foundation\\Http\\Kernel.php(175): Illuminate\\Pipeline\\Pipeline->then(Object(Closure))
#51 C:\\Users\\Dalia\\OneDrive\\Desktop\\WorkSpace\\pulardapontenaquinta\\rotasdeteste\\vendor\\laravel\\framework\\src\\Illuminate\\Foundation\\Http\\Kernel.php(144): Illuminate\\Foundation\\Http\\Kernel->sendRequestThroughRouter(Object(Illuminate\\Http\\Request))
#52 C:\\Users\\Dalia\\OneDrive\\Desktop\\WorkSpace\\pulardapontenaquinta\\rotasdeteste\\vendor\\laravel\\framework\\src\\Illuminate\\Foundation\\Application.php(1219): Illuminate\\Foundation\\Http\\Kernel->handle(Object(Illuminate\\Http\\Request))
#53 C:\\Users\\Dalia\\OneDrive\\Desktop\\WorkSpace\\pulardapontenaquinta\\rotasdeteste\\public\\index.php(20): Illuminate\\Foundation\\Application->handleRequest(Object(Illuminate\\Http\\Request))
#54 C:\\Users\\Dalia\\OneDrive\\Desktop\\WorkSpace\\pulardapontenaquinta\\rotasdeteste\\vendor\\laravel\\framework\\src\\Illuminate\\Foundation\\resources\\server.php(23): require_once('C:\\\\Users\\\\Dalia\\\\...')
#55 {main}
"} 
[2025-04-18 01:28:12] local.ERROR: SQLSTATE[HY000]: General error: 1364 Field 'endereco_instituicao' doesn't have a default value (Connection: mysql, SQL: insert into `instituicoes` (`nm_instituicao`, `email_instituicao`, `senha`, `descricao`, `telefone`, `updated_at`, `created_at`) values (acvaca, adfefcve@, 12345, cacwcacw, 12455245, 2025-04-18 01:28:12, 2025-04-18 01:28:12)) {"exception":"[object] (Illuminate\\Database\\QueryException(code: HY000): SQLSTATE[HY000]: General error: 1364 Field 'endereco_instituicao' doesn't have a default value (Connection: mysql, SQL: insert into `instituicoes` (`nm_instituicao`, `email_instituicao`, `senha`, `descricao`, `telefone`, `updated_at`, `created_at`) values (acvaca, adfefcve@, 12345, cacwcacw, 12455245, 2025-04-18 01:28:12, 2025-04-18 01:28:12)) at C:\\Users\\Dalia\\OneDrive\\Desktop\\WorkSpace\\pulardapontenaquinta\\rotasdeteste\\vendor\\laravel\\framework\\src\\Illuminate\\Database\\Connection.php:822)
[stacktrace]
#0 C:\\Users\\Dalia\\OneDrive\\Desktop\\WorkSpace\\pulardapontenaquinta\\rotasdeteste\\vendor\\laravel\\framework\\src\\Illuminate\\Database\\Connection.php(776): Illuminate\\Database\\Connection->runQueryCallback('insert into `in...', Array, Object(Closure))
#1 C:\\Users\\Dalia\\OneDrive\\Desktop\\WorkSpace\\pulardapontenaquinta\\rotasdeteste\\vendor\\laravel\\framework\\src\\Illuminate\\Database\\MySqlConnection.php(42): Illuminate\\Database\\Connection->run('insert into `in...', Array, Object(Closure))
#2 C:\\Users\\Dalia\\OneDrive\\Desktop\\WorkSpace\\pulardapontenaquinta\\rotasdeteste\\vendor\\laravel\\framework\\src\\Illuminate\\Database\\Query\\Processors\\MySqlProcessor.php(35): Illuminate\\Database\\MySqlConnection->insert('insert into `in...', Array, 'id')
#3 C:\\Users\\Dalia\\OneDrive\\Desktop\\WorkSpace\\pulardapontenaquinta\\rotasdeteste\\vendor\\laravel\\framework\\src\\Illuminate\\Database\\Query\\Builder.php(3769): Illuminate\\Database\\Query\\Processors\\MySqlProcessor->processInsertGetId(Object(Illuminate\\Database\\Query\\Builder), 'insert into `in...', Array, 'id')
#4 C:\\Users\\Dalia\\OneDrive\\Desktop\\WorkSpace\\pulardapontenaquinta\\rotasdeteste\\vendor\\laravel\\framework\\src\\Illuminate\\Database\\Eloquent\\Builder.php(2143): Illuminate\\Database\\Query\\Builder->insertGetId(Array, 'id')
#5 C:\\Users\\Dalia\\OneDrive\\Desktop\\WorkSpace\\pulardapontenaquinta\\rotasdeteste\\vendor\\laravel\\framework\\src\\Illuminate\\Database\\Eloquent\\Model.php(1361): Illuminate\\Database\\Eloquent\\Builder->__call('insertGetId', Array)
#6 C:\\Users\\Dalia\\OneDrive\\Desktop\\WorkSpace\\pulardapontenaquinta\\rotasdeteste\\vendor\\laravel\\framework\\src\\Illuminate\\Database\\Eloquent\\Model.php(1326): Illuminate\\Database\\Eloquent\\Model->insertAndSetId(Object(Illuminate\\Database\\Eloquent\\Builder), Array)
#7 C:\\Users\\Dalia\\OneDrive\\Desktop\\WorkSpace\\pulardapontenaquinta\\rotasdeteste\\vendor\\laravel\\framework\\src\\Illuminate\\Database\\Eloquent\\Model.php(1165): Illuminate\\Database\\Eloquent\\Model->performInsert(Object(Illuminate\\Database\\Eloquent\\Builder))
#8 C:\\Users\\Dalia\\OneDrive\\Desktop\\WorkSpace\\pulardapontenaquinta\\rotasdeteste\\vendor\\laravel\\framework\\src\\Illuminate\\Database\\Eloquent\\Builder.php(1127): Illuminate\\Database\\Eloquent\\Model->save()
#9 C:\\Users\\Dalia\\OneDrive\\Desktop\\WorkSpace\\pulardapontenaquinta\\rotasdeteste\\vendor\\laravel\\framework\\src\\Illuminate\\Support\\helpers.php(399): Illuminate\\Database\\Eloquent\\Builder->Illuminate\\Database\\Eloquent\\{closure}(Object(App\\Models\\Instituicoes))
#10 C:\\Users\\Dalia\\OneDrive\\Desktop\\WorkSpace\\pulardapontenaquinta\\rotasdeteste\\vendor\\laravel\\framework\\src\\Illuminate\\Database\\Eloquent\\Builder.php(1126): tap(Object(App\\Models\\Instituicoes), Object(Closure))
#11 C:\\Users\\Dalia\\OneDrive\\Desktop\\WorkSpace\\pulardapontenaquinta\\rotasdeteste\\vendor\\laravel\\framework\\src\\Illuminate\\Support\\Traits\\ForwardsCalls.php(23): Illuminate\\Database\\Eloquent\\Builder->create(Array)
#12 C:\\Users\\Dalia\\OneDrive\\Desktop\\WorkSpace\\pulardapontenaquinta\\rotasdeteste\\vendor\\laravel\\framework\\src\\Illuminate\\Database\\Eloquent\\Model.php(2392): Illuminate\\Database\\Eloquent\\Model->forwardCallTo(Object(Illuminate\\Database\\Eloquent\\Builder), 'create', Array)
#13 C:\\Users\\Dalia\\OneDrive\\Desktop\\WorkSpace\\pulardapontenaquinta\\rotasdeteste\\vendor\\laravel\\framework\\src\\Illuminate\\Database\\Eloquent\\Model.php(2408): Illuminate\\Database\\Eloquent\\Model->__call('create', Array)
#14 C:\\Users\\Dalia\\OneDrive\\Desktop\\WorkSpace\\pulardapontenaquinta\\rotasdeteste\\app\\Http\\Controllers\\InstituicoesController.php(46): Illuminate\\Database\\Eloquent\\Model::__callStatic('create', Array)
#15 C:\\Users\\Dalia\\OneDrive\\Desktop\\WorkSpace\\pulardapontenaquinta\\rotasdeteste\\vendor\\laravel\\framework\\src\\Illuminate\\Routing\\ControllerDispatcher.php(46): App\\Http\\Controllers\\InstituicoesController->store(Object(Illuminate\\Http\\Request))
#16 C:\\Users\\Dalia\\OneDrive\\Desktop\\WorkSpace\\pulardapontenaquinta\\rotasdeteste\\vendor\\laravel\\framework\\src\\Illuminate\\Routing\\Route.php(265): Illuminate\\Routing\\ControllerDispatcher->dispatch(Object(Illuminate\\Routing\\Route), Object(App\\Http\\Controllers\\InstituicoesController), 'store')
#17 C:\\Users\\Dalia\\OneDrive\\Desktop\\WorkSpace\\pulardapontenaquinta\\rotasdeteste\\vendor\\laravel\\framework\\src\\Illuminate\\Routing\\Route.php(211): Illuminate\\Routing\\Route->runController()
#18 C:\\Users\\Dalia\\OneDrive\\Desktop\\WorkSpace\\pulardapontenaquinta\\rotasdeteste\\vendor\\laravel\\framework\\src\\Illuminate\\Routing\\Router.php(808): Illuminate\\Routing\\Route->run()
#19 C:\\Users\\Dalia\\OneDrive\\Desktop\\WorkSpace\\pulardapontenaquinta\\rotasdeteste\\vendor\\laravel\\framework\\src\\Illuminate\\Pipeline\\Pipeline.php(169): Illuminate\\Routing\\Router->Illuminate\\Routing\\{closure}(Object(Illuminate\\Http\\Request))
#20 C:\\Users\\Dalia\\OneDrive\\Desktop\\WorkSpace\\pulardapontenaquinta\\rotasdeteste\\vendor\\laravel\\framework\\src\\Illuminate\\Routing\\Middleware\\SubstituteBindings.php(50): Illuminate\\Pipeline\\Pipeline->Illuminate\\Pipeline\\{closure}(Object(Illuminate\\Http\\Request))
#21 C:\\Users\\Dalia\\OneDrive\\Desktop\\WorkSpace\\pulardapontenaquinta\\rotasdeteste\\vendor\\laravel\\framework\\src\\Illuminate\\Pipeline\\Pipeline.php(208): Illuminate\\Routing\\Middleware\\SubstituteBindings->handle(Object(Illuminate\\Http\\Request), Object(Closure))
#22 C:\\Users\\Dalia\\OneDrive\\Desktop\\WorkSpace\\pulardapontenaquinta\\rotasdeteste\\vendor\\laravel\\framework\\src\\Illuminate\\Pipeline\\Pipeline.php(126): Illuminate\\Pipeline\\Pipeline->Illuminate\\Pipeline\\{closure}(Object(Illuminate\\Http\\Request))
#23 C:\\Users\\Dalia\\OneDrive\\Desktop\\WorkSpace\\pulardapontenaquinta\\rotasdeteste\\vendor\\laravel\\framework\\src\\Illuminate\\Routing\\Router.php(807): Illuminate\\Pipeline\\Pipeline->then(Object(Closure))
#24 C:\\Users\\Dalia\\OneDrive\\Desktop\\WorkSpace\\pulardapontenaquinta\\rotasdeteste\\vendor\\laravel\\framework\\src\\Illuminate\\Routing\\Router.php(786): Illuminate\\Routing\\Router->runRouteWithinStack(Object(Illuminate\\Routing\\Route), Object(Illuminate\\Http\\Request))
#25 C:\\Users\\Dalia\\OneDrive\\Desktop\\WorkSpace\\pulardapontenaquinta\\rotasdeteste\\vendor\\laravel\\framework\\src\\Illuminate\\Routing\\Router.php(750): Illuminate\\Routing\\Router->runRoute(Object(Illuminate\\Http\\Request), Object(Illuminate\\Routing\\Route))
#26 C:\\Users\\Dalia\\OneDrive\\Desktop\\WorkSpace\\pulardapontenaquinta\\rotasdeteste\\vendor\\laravel\\framework\\src\\Illuminate\\Routing\\Router.php(739): Illuminate\\Routing\\Router->dispatchToRoute(Object(Illuminate\\Http\\Request))
#27 C:\\Users\\Dalia\\OneDrive\\Desktop\\WorkSpace\\pulardapontenaquinta\\rotasdeteste\\vendor\\laravel\\framework\\src\\Illuminate\\Foundation\\Http\\Kernel.php(200): Illuminate\\Routing\\Router->dispatch(Object(Illuminate\\Http\\Request))
#28 C:\\Users\\Dalia\\OneDrive\\Desktop\\WorkSpace\\pulardapontenaquinta\\rotasdeteste\\vendor\\laravel\\framework\\src\\Illuminate\\Pipeline\\Pipeline.php(169): Illuminate\\Foundation\\Http\\Kernel->Illuminate\\Foundation\\Http\\{closure}(Object(Illuminate\\Http\\Request))
#29 C:\\Users\\Dalia\\OneDrive\\Desktop\\WorkSpace\\pulardapontenaquinta\\rotasdeteste\\vendor\\laravel\\framework\\src\\Illuminate\\Foundation\\Http\\Middleware\\TransformsRequest.php(21): Illuminate\\Pipeline\\Pipeline->Illuminate\\Pipeline\\{closure}(Object(Illuminate\\Http\\Request))
#30 C:\\Users\\Dalia\\OneDrive\\Desktop\\WorkSpace\\pulardapontenaquinta\\rotasdeteste\\vendor\\laravel\\framework\\src\\Illuminate\\Foundation\\Http\\Middleware\\ConvertEmptyStringsToNull.php(31): Illuminate\\Foundation\\Http\\Middleware\\TransformsRequest->handle(Object(Illuminate\\Http\\Request), Object(Closure))
#31 C:\\Users\\Dalia\\OneDrive\\Desktop\\WorkSpace\\pulardapontenaquinta\\rotasdeteste\\vendor\\laravel\\framework\\src\\Illuminate\\Pipeline\\Pipeline.php(208): Illuminate\\Foundation\\Http\\Middleware\\ConvertEmptyStringsToNull->handle(Object(Illuminate\\Http\\Request), Object(Closure))
#32 C:\\Users\\Dalia\\OneDrive\\Desktop\\WorkSpace\\pulardapontenaquinta\\rotasdeteste\\vendor\\laravel\\framework\\src\\Illuminate\\Foundation\\Http\\Middleware\\TransformsRequest.php(21): Illuminate\\Pipeline\\Pipeline->Illuminate\\Pipeline\\{closure}(Object(Illuminate\\Http\\Request))
#33 C:\\Users\\Dalia\\OneDrive\\Desktop\\WorkSpace\\pulardapontenaquinta\\rotasdeteste\\vendor\\laravel\\framework\\src\\Illuminate\\Foundation\\Http\\Middleware\\TrimStrings.php(51): Illuminate\\Foundation\\Http\\Middleware\\TransformsRequest->handle(Object(Illuminate\\Http\\Request), Object(Closure))
#34 C:\\Users\\Dalia\\OneDrive\\Desktop\\WorkSpace\\pulardapontenaquinta\\rotasdeteste\\vendor\\laravel\\framework\\src\\Illuminate\\Pipeline\\Pipeline.php(208): Illuminate\\Foundation\\Http\\Middleware\\TrimStrings->handle(Object(Illuminate\\Http\\Request), Object(Closure))
#35 C:\\Users\\Dalia\\OneDrive\\Desktop\\WorkSpace\\pulardapontenaquinta\\rotasdeteste\\vendor\\laravel\\framework\\src\\Illuminate\\Http\\Middleware\\ValidatePostSize.php(27): Illuminate\\Pipeline\\Pipeline->Illuminate\\Pipeline\\{closure}(Object(Illuminate\\Http\\Request))
#36 C:\\Users\\Dalia\\OneDrive\\Desktop\\WorkSpace\\pulardapontenaquinta\\rotasdeteste\\vendor\\laravel\\framework\\src\\Illuminate\\Pipeline\\Pipeline.php(208): Illuminate\\Http\\Middleware\\ValidatePostSize->handle(Object(Illuminate\\Http\\Request), Object(Closure))
#37 C:\\Users\\Dalia\\OneDrive\\Desktop\\WorkSpace\\pulardapontenaquinta\\rotasdeteste\\vendor\\laravel\\framework\\src\\Illuminate\\Foundation\\Http\\Middleware\\PreventRequestsDuringMaintenance.php(109): Illuminate\\Pipeline\\Pipeline->Illuminate\\Pipeline\\{closure}(Object(Illuminate\\Http\\Request))
#38 C:\\Users\\Dalia\\OneDrive\\Desktop\\WorkSpace\\pulardapontenaquinta\\rotasdeteste\\vendor\\laravel\\framework\\src\\Illuminate\\Pipeline\\Pipeline.php(208): Illuminate\\Foundation\\Http\\Middleware\\PreventRequestsDuringMaintenance->handle(Object(Illuminate\\Http\\Request), Object(Closure))
#39 C:\\Users\\Dalia\\OneDrive\\Desktop\\WorkSpace\\pulardapontenaquinta\\rotasdeteste\\vendor\\laravel\\framework\\src\\Illuminate\\Http\\Middleware\\HandleCors.php(61): Illuminate\\Pipeline\\Pipeline->Illuminate\\Pipeline\\{closure}(Object(Illuminate\\Http\\Request))
#40 C:\\Users\\Dalia\\OneDrive\\Desktop\\WorkSpace\\pulardapontenaquinta\\rotasdeteste\\vendor\\laravel\\framework\\src\\Illuminate\\Pipeline\\Pipeline.php(208): Illuminate\\Http\\Middleware\\HandleCors->handle(Object(Illuminate\\Http\\Request), Object(Closure))
#41 C:\\Users\\Dalia\\OneDrive\\Desktop\\WorkSpace\\pulardapontenaquinta\\rotasdeteste\\vendor\\laravel\\framework\\src\\Illuminate\\Http\\Middleware\\TrustProxies.php(58): Illuminate\\Pipeline\\Pipeline->Illuminate\\Pipeline\\{closure}(Object(Illuminate\\Http\\Request))
#42 C:\\Users\\Dalia\\OneDrive\\Desktop\\WorkSpace\\pulardapontenaquinta\\rotasdeteste\\vendor\\laravel\\framework\\src\\Illuminate\\Pipeline\\Pipeline.php(208): Illuminate\\Http\\Middleware\\TrustProxies->handle(Object(Illuminate\\Http\\Request), Object(Closure))
#43 C:\\Users\\Dalia\\OneDrive\\Desktop\\WorkSpace\\pulardapontenaquinta\\rotasdeteste\\vendor\\laravel\\framework\\src\\Illuminate\\Foundation\\Http\\Middleware\\InvokeDeferredCallbacks.php(22): Illuminate\\Pipeline\\Pipeline->Illuminate\\Pipeline\\{closure}(Object(Illuminate\\Http\\Request))
#44 C:\\Users\\Dalia\\OneDrive\\Desktop\\WorkSpace\\pulardapontenaquinta\\rotasdeteste\\vendor\\laravel\\framework\\src\\Illuminate\\Pipeline\\Pipeline.php(208): Illuminate\\Foundation\\Http\\Middleware\\InvokeDeferredCallbacks->handle(Object(Illuminate\\Http\\Request), Object(Closure))
#45 C:\\Users\\Dalia\\OneDrive\\Desktop\\WorkSpace\\pulardapontenaquinta\\rotasdeteste\\vendor\\laravel\\framework\\src\\Illuminate\\Http\\Middleware\\ValidatePathEncoding.php(26): Illuminate\\Pipeline\\Pipeline->Illuminate\\Pipeline\\{closure}(Object(Illuminate\\Http\\Request))
#46 C:\\Users\\Dalia\\OneDrive\\Desktop\\WorkSpace\\pulardapontenaquinta\\rotasdeteste\\vendor\\laravel\\framework\\src\\Illuminate\\Pipeline\\Pipeline.php(208): Illuminate\\Http\\Middleware\\ValidatePathEncoding->handle(Object(Illuminate\\Http\\Request), Object(Closure))
#47 C:\\Users\\Dalia\\OneDrive\\Desktop\\WorkSpace\\pulardapontenaquinta\\rotasdeteste\\vendor\\laravel\\framework\\src\\Illuminate\\Pipeline\\Pipeline.php(126): Illuminate\\Pipeline\\Pipeline->Illuminate\\Pipeline\\{closure}(Object(Illuminate\\Http\\Request))
#48 C:\\Users\\Dalia\\OneDrive\\Desktop\\WorkSpace\\pulardapontenaquinta\\rotasdeteste\\vendor\\laravel\\framework\\src\\Illuminate\\Foundation\\Http\\Kernel.php(175): Illuminate\\Pipeline\\Pipeline->then(Object(Closure))
#49 C:\\Users\\Dalia\\OneDrive\\Desktop\\WorkSpace\\pulardapontenaquinta\\rotasdeteste\\vendor\\laravel\\framework\\src\\Illuminate\\Foundation\\Http\\Kernel.php(144): Illuminate\\Foundation\\Http\\Kernel->sendRequestThroughRouter(Object(Illuminate\\Http\\Request))
#50 C:\\Users\\Dalia\\OneDrive\\Desktop\\WorkSpace\\pulardapontenaquinta\\rotasdeteste\\vendor\\laravel\\framework\\src\\Illuminate\\Foundation\\Application.php(1219): Illuminate\\Foundation\\Http\\Kernel->handle(Object(Illuminate\\Http\\Request))
#51 C:\\Users\\Dalia\\OneDrive\\Desktop\\WorkSpace\\pulardapontenaquinta\\rotasdeteste\\public\\index.php(20): Illuminate\\Foundation\\Application->handleRequest(Object(Illuminate\\Http\\Request))
#52 C:\\Users\\Dalia\\OneDrive\\Desktop\\WorkSpace\\pulardapontenaquinta\\rotasdeteste\\vendor\\laravel\\framework\\src\\Illuminate\\Foundation\\resources\\server.php(23): require_once('C:\\\\Users\\\\Dalia\\\\...')
#53 {main}

[previous exception] [object] (PDOException(code: HY000): SQLSTATE[HY000]: General error: 1364 Field 'endereco_instituicao' doesn't have a default value at C:\\Users\\Dalia\\OneDrive\\Desktop\\WorkSpace\\pulardapontenaquinta\\rotasdeteste\\vendor\\laravel\\framework\\src\\Illuminate\\Database\\MySqlConnection.php:53)
[stacktrace]
#0 C:\\Users\\Dalia\\OneDrive\\Desktop\\WorkSpace\\pulardapontenaquinta\\rotasdeteste\\vendor\\laravel\\framework\\src\\Illuminate\\Database\\MySqlConnection.php(53): PDOStatement->execute()
#1 C:\\Users\\Dalia\\OneDrive\\Desktop\\WorkSpace\\pulardapontenaquinta\\rotasdeteste\\vendor\\laravel\\framework\\src\\Illuminate\\Database\\Connection.php(809): Illuminate\\Database\\MySqlConnection->Illuminate\\Database\\{closure}('insert into `in...', Array)
#2 C:\\Users\\Dalia\\OneDrive\\Desktop\\WorkSpace\\pulardapontenaquinta\\rotasdeteste\\vendor\\laravel\\framework\\src\\Illuminate\\Database\\Connection.php(776): Illuminate\\Database\\Connection->runQueryCallback('insert into `in...', Array, Object(Closure))
#3 C:\\Users\\Dalia\\OneDrive\\Desktop\\WorkSpace\\pulardapontenaquinta\\rotasdeteste\\vendor\\laravel\\framework\\src\\Illuminate\\Database\\MySqlConnection.php(42): Illuminate\\Database\\Connection->run('insert into `in...', Array, Object(Closure))
#4 C:\\Users\\Dalia\\OneDrive\\Desktop\\WorkSpace\\pulardapontenaquinta\\rotasdeteste\\vendor\\laravel\\framework\\src\\Illuminate\\Database\\Query\\Processors\\MySqlProcessor.php(35): Illuminate\\Database\\MySqlConnection->insert('insert into `in...', Array, 'id')
#5 C:\\Users\\Dalia\\OneDrive\\Desktop\\WorkSpace\\pulardapontenaquinta\\rotasdeteste\\vendor\\laravel\\framework\\src\\Illuminate\\Database\\Query\\Builder.php(3769): Illuminate\\Database\\Query\\Processors\\MySqlProcessor->processInsertGetId(Object(Illuminate\\Database\\Query\\Builder), 'insert into `in...', Array, 'id')
#6 C:\\Users\\Dalia\\OneDrive\\Desktop\\WorkSpace\\pulardapontenaquinta\\rotasdeteste\\vendor\\laravel\\framework\\src\\Illuminate\\Database\\Eloquent\\Builder.php(2143): Illuminate\\Database\\Query\\Builder->insertGetId(Array, 'id')
#7 C:\\Users\\Dalia\\OneDrive\\Desktop\\WorkSpace\\pulardapontenaquinta\\rotasdeteste\\vendor\\laravel\\framework\\src\\Illuminate\\Database\\Eloquent\\Model.php(1361): Illuminate\\Database\\Eloquent\\Builder->__call('insertGetId', Array)
#8 C:\\Users\\Dalia\\OneDrive\\Desktop\\WorkSpace\\pulardapontenaquinta\\rotasdeteste\\vendor\\laravel\\framework\\src\\Illuminate\\Database\\Eloquent\\Model.php(1326): Illuminate\\Database\\Eloquent\\Model->insertAndSetId(Object(Illuminate\\Database\\Eloquent\\Builder), Array)
#9 C:\\Users\\Dalia\\OneDrive\\Desktop\\WorkSpace\\pulardapontenaquinta\\rotasdeteste\\vendor\\laravel\\framework\\src\\Illuminate\\Database\\Eloquent\\Model.php(1165): Illuminate\\Database\\Eloquent\\Model->performInsert(Object(Illuminate\\Database\\Eloquent\\Builder))
#10 C:\\Users\\Dalia\\OneDrive\\Desktop\\WorkSpace\\pulardapontenaquinta\\rotasdeteste\\vendor\\laravel\\framework\\src\\Illuminate\\Database\\Eloquent\\Builder.php(1127): Illuminate\\Database\\Eloquent\\Model->save()
#11 C:\\Users\\Dalia\\OneDrive\\Desktop\\WorkSpace\\pulardapontenaquinta\\rotasdeteste\\vendor\\laravel\\framework\\src\\Illuminate\\Support\\helpers.php(399): Illuminate\\Database\\Eloquent\\Builder->Illuminate\\Database\\Eloquent\\{closure}(Object(App\\Models\\Instituicoes))
#12 C:\\Users\\Dalia\\OneDrive\\Desktop\\WorkSpace\\pulardapontenaquinta\\rotasdeteste\\vendor\\laravel\\framework\\src\\Illuminate\\Database\\Eloquent\\Builder.php(1126): tap(Object(App\\Models\\Instituicoes), Object(Closure))
#13 C:\\Users\\Dalia\\OneDrive\\Desktop\\WorkSpace\\pulardapontenaquinta\\rotasdeteste\\vendor\\laravel\\framework\\src\\Illuminate\\Support\\Traits\\ForwardsCalls.php(23): Illuminate\\Database\\Eloquent\\Builder->create(Array)
#14 C:\\Users\\Dalia\\OneDrive\\Desktop\\WorkSpace\\pulardapontenaquinta\\rotasdeteste\\vendor\\laravel\\framework\\src\\Illuminate\\Database\\Eloquent\\Model.php(2392): Illuminate\\Database\\Eloquent\\Model->forwardCallTo(Object(Illuminate\\Database\\Eloquent\\Builder), 'create', Array)
#15 C:\\Users\\Dalia\\OneDrive\\Desktop\\WorkSpace\\pulardapontenaquinta\\rotasdeteste\\vendor\\laravel\\framework\\src\\Illuminate\\Database\\Eloquent\\Model.php(2408): Illuminate\\Database\\Eloquent\\Model->__call('create', Array)
#16 C:\\Users\\Dalia\\OneDrive\\Desktop\\WorkSpace\\pulardapontenaquinta\\rotasdeteste\\app\\Http\\Controllers\\InstituicoesController.php(46): Illuminate\\Database\\Eloquent\\Model::__callStatic('create', Array)
#17 C:\\Users\\Dalia\\OneDrive\\Desktop\\WorkSpace\\pulardapontenaquinta\\rotasdeteste\\vendor\\laravel\\framework\\src\\Illuminate\\Routing\\ControllerDispatcher.php(46): App\\Http\\Controllers\\InstituicoesController->store(Object(Illuminate\\Http\\Request))
#18 C:\\Users\\Dalia\\OneDrive\\Desktop\\WorkSpace\\pulardapontenaquinta\\rotasdeteste\\vendor\\laravel\\framework\\src\\Illuminate\\Routing\\Route.php(265): Illuminate\\Routing\\ControllerDispatcher->dispatch(Object(Illuminate\\Routing\\Route), Object(App\\Http\\Controllers\\InstituicoesController), 'store')
#19 C:\\Users\\Dalia\\OneDrive\\Desktop\\WorkSpace\\pulardapontenaquinta\\rotasdeteste\\vendor\\laravel\\framework\\src\\Illuminate\\Routing\\Route.php(211): Illuminate\\Routing\\Route->runController()
#20 C:\\Users\\Dalia\\OneDrive\\Desktop\\WorkSpace\\pulardapontenaquinta\\rotasdeteste\\vendor\\laravel\\framework\\src\\Illuminate\\Routing\\Router.php(808): Illuminate\\Routing\\Route->run()
#21 C:\\Users\\Dalia\\OneDrive\\Desktop\\WorkSpace\\pulardapontenaquinta\\rotasdeteste\\vendor\\laravel\\framework\\src\\Illuminate\\Pipeline\\Pipeline.php(169): Illuminate\\Routing\\Router->Illuminate\\Routing\\{closure}(Object(Illuminate\\Http\\Request))
#22 C:\\Users\\Dalia\\OneDrive\\Desktop\\WorkSpace\\pulardapontenaquinta\\rotasdeteste\\vendor\\laravel\\framework\\src\\Illuminate\\Routing\\Middleware\\SubstituteBindings.php(50): Illuminate\\Pipeline\\Pipeline->Illuminate\\Pipeline\\{closure}(Object(Illuminate\\Http\\Request))
#23 C:\\Users\\Dalia\\OneDrive\\Desktop\\WorkSpace\\pulardapontenaquinta\\rotasdeteste\\vendor\\laravel\\framework\\src\\Illuminate\\Pipeline\\Pipeline.php(208): Illuminate\\Routing\\Middleware\\SubstituteBindings->handle(Object(Illuminate\\Http\\Request), Object(Closure))
#24 C:\\Users\\Dalia\\OneDrive\\Desktop\\WorkSpace\\pulardapontenaquinta\\rotasdeteste\\vendor\\laravel\\framework\\src\\Illuminate\\Pipeline\\Pipeline.php(126): Illuminate\\Pipeline\\Pipeline->Illuminate\\Pipeline\\{closure}(Object(Illuminate\\Http\\Request))
#25 C:\\Users\\Dalia\\OneDrive\\Desktop\\WorkSpace\\pulardapontenaquinta\\rotasdeteste\\vendor\\laravel\\framework\\src\\Illuminate\\Routing\\Router.php(807): Illuminate\\Pipeline\\Pipeline->then(Object(Closure))
#26 C:\\Users\\Dalia\\OneDrive\\Desktop\\WorkSpace\\pulardapontenaquinta\\rotasdeteste\\vendor\\laravel\\framework\\src\\Illuminate\\Routing\\Router.php(786): Illuminate\\Routing\\Router->runRouteWithinStack(Object(Illuminate\\Routing\\Route), Object(Illuminate\\Http\\Request))
#27 C:\\Users\\Dalia\\OneDrive\\Desktop\\WorkSpace\\pulardapontenaquinta\\rotasdeteste\\vendor\\laravel\\framework\\src\\Illuminate\\Routing\\Router.php(750): Illuminate\\Routing\\Router->runRoute(Object(Illuminate\\Http\\Request), Object(Illuminate\\Routing\\Route))
#28 C:\\Users\\Dalia\\OneDrive\\Desktop\\WorkSpace\\pulardapontenaquinta\\rotasdeteste\\vendor\\laravel\\framework\\src\\Illuminate\\Routing\\Router.php(739): Illuminate\\Routing\\Router->dispatchToRoute(Object(Illuminate\\Http\\Request))
#29 C:\\Users\\Dalia\\OneDrive\\Desktop\\WorkSpace\\pulardapontenaquinta\\rotasdeteste\\vendor\\laravel\\framework\\src\\Illuminate\\Foundation\\Http\\Kernel.php(200): Illuminate\\Routing\\Router->dispatch(Object(Illuminate\\Http\\Request))
#30 C:\\Users\\Dalia\\OneDrive\\Desktop\\WorkSpace\\pulardapontenaquinta\\rotasdeteste\\vendor\\laravel\\framework\\src\\Illuminate\\Pipeline\\Pipeline.php(169): Illuminate\\Foundation\\Http\\Kernel->Illuminate\\Foundation\\Http\\{closure}(Object(Illuminate\\Http\\Request))
#31 C:\\Users\\Dalia\\OneDrive\\Desktop\\WorkSpace\\pulardapontenaquinta\\rotasdeteste\\vendor\\laravel\\framework\\src\\Illuminate\\Foundation\\Http\\Middleware\\TransformsRequest.php(21): Illuminate\\Pipeline\\Pipeline->Illuminate\\Pipeline\\{closure}(Object(Illuminate\\Http\\Request))
#32 C:\\Users\\Dalia\\OneDrive\\Desktop\\WorkSpace\\pulardapontenaquinta\\rotasdeteste\\vendor\\laravel\\framework\\src\\Illuminate\\Foundation\\Http\\Middleware\\ConvertEmptyStringsToNull.php(31): Illuminate\\Foundation\\Http\\Middleware\\TransformsRequest->handle(Object(Illuminate\\Http\\Request), Object(Closure))
#33 C:\\Users\\Dalia\\OneDrive\\Desktop\\WorkSpace\\pulardapontenaquinta\\rotasdeteste\\vendor\\laravel\\framework\\src\\Illuminate\\Pipeline\\Pipeline.php(208): Illuminate\\Foundation\\Http\\Middleware\\ConvertEmptyStringsToNull->handle(Object(Illuminate\\Http\\Request), Object(Closure))
#34 C:\\Users\\Dalia\\OneDrive\\Desktop\\WorkSpace\\pulardapontenaquinta\\rotasdeteste\\vendor\\laravel\\framework\\src\\Illuminate\\Foundation\\Http\\Middleware\\TransformsRequest.php(21): Illuminate\\Pipeline\\Pipeline->Illuminate\\Pipeline\\{closure}(Object(Illuminate\\Http\\Request))
#35 C:\\Users\\Dalia\\OneDrive\\Desktop\\WorkSpace\\pulardapontenaquinta\\rotasdeteste\\vendor\\laravel\\framework\\src\\Illuminate\\Foundation\\Http\\Middleware\\TrimStrings.php(51): Illuminate\\Foundation\\Http\\Middleware\\TransformsRequest->handle(Object(Illuminate\\Http\\Request), Object(Closure))
#36 C:\\Users\\Dalia\\OneDrive\\Desktop\\WorkSpace\\pulardapontenaquinta\\rotasdeteste\\vendor\\laravel\\framework\\src\\Illuminate\\Pipeline\\Pipeline.php(208): Illuminate\\Foundation\\Http\\Middleware\\TrimStrings->handle(Object(Illuminate\\Http\\Request), Object(Closure))
#37 C:\\Users\\Dalia\\OneDrive\\Desktop\\WorkSpace\\pulardapontenaquinta\\rotasdeteste\\vendor\\laravel\\framework\\src\\Illuminate\\Http\\Middleware\\ValidatePostSize.php(27): Illuminate\\Pipeline\\Pipeline->Illuminate\\Pipeline\\{closure}(Object(Illuminate\\Http\\Request))
#38 C:\\Users\\Dalia\\OneDrive\\Desktop\\WorkSpace\\pulardapontenaquinta\\rotasdeteste\\vendor\\laravel\\framework\\src\\Illuminate\\Pipeline\\Pipeline.php(208): Illuminate\\Http\\Middleware\\ValidatePostSize->handle(Object(Illuminate\\Http\\Request), Object(Closure))
#39 C:\\Users\\Dalia\\OneDrive\\Desktop\\WorkSpace\\pulardapontenaquinta\\rotasdeteste\\vendor\\laravel\\framework\\src\\Illuminate\\Foundation\\Http\\Middleware\\PreventRequestsDuringMaintenance.php(109): Illuminate\\Pipeline\\Pipeline->Illuminate\\Pipeline\\{closure}(Object(Illuminate\\Http\\Request))
#40 C:\\Users\\Dalia\\OneDrive\\Desktop\\WorkSpace\\pulardapontenaquinta\\rotasdeteste\\vendor\\laravel\\framework\\src\\Illuminate\\Pipeline\\Pipeline.php(208): Illuminate\\Foundation\\Http\\Middleware\\PreventRequestsDuringMaintenance->handle(Object(Illuminate\\Http\\Request), Object(Closure))
#41 C:\\Users\\Dalia\\OneDrive\\Desktop\\WorkSpace\\pulardapontenaquinta\\rotasdeteste\\vendor\\laravel\\framework\\src\\Illuminate\\Http\\Middleware\\HandleCors.php(61): Illuminate\\Pipeline\\Pipeline->Illuminate\\Pipeline\\{closure}(Object(Illuminate\\Http\\Request))
#42 C:\\Users\\Dalia\\OneDrive\\Desktop\\WorkSpace\\pulardapontenaquinta\\rotasdeteste\\vendor\\laravel\\framework\\src\\Illuminate\\Pipeline\\Pipeline.php(208): Illuminate\\Http\\Middleware\\HandleCors->handle(Object(Illuminate\\Http\\Request), Object(Closure))
#43 C:\\Users\\Dalia\\OneDrive\\Desktop\\WorkSpace\\pulardapontenaquinta\\rotasdeteste\\vendor\\laravel\\framework\\src\\Illuminate\\Http\\Middleware\\TrustProxies.php(58): Illuminate\\Pipeline\\Pipeline->Illuminate\\Pipeline\\{closure}(Object(Illuminate\\Http\\Request))
#44 C:\\Users\\Dalia\\OneDrive\\Desktop\\WorkSpace\\pulardapontenaquinta\\rotasdeteste\\vendor\\laravel\\framework\\src\\Illuminate\\Pipeline\\Pipeline.php(208): Illuminate\\Http\\Middleware\\TrustProxies->handle(Object(Illuminate\\Http\\Request), Object(Closure))
#45 C:\\Users\\Dalia\\OneDrive\\Desktop\\WorkSpace\\pulardapontenaquinta\\rotasdeteste\\vendor\\laravel\\framework\\src\\Illuminate\\Foundation\\Http\\Middleware\\InvokeDeferredCallbacks.php(22): Illuminate\\Pipeline\\Pipeline->Illuminate\\Pipeline\\{closure}(Object(Illuminate\\Http\\Request))
#46 C:\\Users\\Dalia\\OneDrive\\Desktop\\WorkSpace\\pulardapontenaquinta\\rotasdeteste\\vendor\\laravel\\framework\\src\\Illuminate\\Pipeline\\Pipeline.php(208): Illuminate\\Foundation\\Http\\Middleware\\InvokeDeferredCallbacks->handle(Object(Illuminate\\Http\\Request), Object(Closure))
#47 C:\\Users\\Dalia\\OneDrive\\Desktop\\WorkSpace\\pulardapontenaquinta\\rotasdeteste\\vendor\\laravel\\framework\\src\\Illuminate\\Http\\Middleware\\ValidatePathEncoding.php(26): Illuminate\\Pipeline\\Pipeline->Illuminate\\Pipeline\\{closure}(Object(Illuminate\\Http\\Request))
#48 C:\\Users\\Dalia\\OneDrive\\Desktop\\WorkSpace\\pulardapontenaquinta\\rotasdeteste\\vendor\\laravel\\framework\\src\\Illuminate\\Pipeline\\Pipeline.php(208): Illuminate\\Http\\Middleware\\ValidatePathEncoding->handle(Object(Illuminate\\Http\\Request), Object(Closure))
#49 C:\\Users\\Dalia\\OneDrive\\Desktop\\WorkSpace\\pulardapontenaquinta\\rotasdeteste\\vendor\\laravel\\framework\\src\\Illuminate\\Pipeline\\Pipeline.php(126): Illuminate\\Pipeline\\Pipeline->Illuminate\\Pipeline\\{closure}(Object(Illuminate\\Http\\Request))
#50 C:\\Users\\Dalia\\OneDrive\\Desktop\\WorkSpace\\pulardapontenaquinta\\rotasdeteste\\vendor\\laravel\\framework\\src\\Illuminate\\Foundation\\Http\\Kernel.php(175): Illuminate\\Pipeline\\Pipeline->then(Object(Closure))
#51 C:\\Users\\Dalia\\OneDrive\\Desktop\\WorkSpace\\pulardapontenaquinta\\rotasdeteste\\vendor\\laravel\\framework\\src\\Illuminate\\Foundation\\Http\\Kernel.php(144): Illuminate\\Foundation\\Http\\Kernel->sendRequestThroughRouter(Object(Illuminate\\Http\\Request))
#52 C:\\Users\\Dalia\\OneDrive\\Desktop\\WorkSpace\\pulardapontenaquinta\\rotasdeteste\\vendor\\laravel\\framework\\src\\Illuminate\\Foundation\\Application.php(1219): Illuminate\\Foundation\\Http\\Kernel->handle(Object(Illuminate\\Http\\Request))
#53 C:\\Users\\Dalia\\OneDrive\\Desktop\\WorkSpace\\pulardapontenaquinta\\rotasdeteste\\public\\index.php(20): Illuminate\\Foundation\\Application->handleRequest(Object(Illuminate\\Http\\Request))
#54 C:\\Users\\Dalia\\OneDrive\\Desktop\\WorkSpace\\pulardapontenaquinta\\rotasdeteste\\vendor\\laravel\\framework\\src\\Illuminate\\Foundation\\resources\\server.php(23): require_once('C:\\\\Users\\\\Dalia\\\\...')
#55 {main}
"} 
[2025-04-18 01:30:28] local.ERROR: SQLSTATE[HY000]: General error: 1364 Field 'endereco_instituicao' doesn't have a default value (Connection: mysql, SQL: insert into `instituicoes` (`nm_instituicao`, `email_instituicao`, `senha`, `descricao`, `telefone`, `updated_at`, `created_at`) values (acvaca, adfefcve@, 12345, cacwcacw, 12455245, 2025-04-18 01:30:28, 2025-04-18 01:30:28)) {"exception":"[object] (Illuminate\\Database\\QueryException(code: HY000): SQLSTATE[HY000]: General error: 1364 Field 'endereco_instituicao' doesn't have a default value (Connection: mysql, SQL: insert into `instituicoes` (`nm_instituicao`, `email_instituicao`, `senha`, `descricao`, `telefone`, `updated_at`, `created_at`) values (acvaca, adfefcve@, 12345, cacwcacw, 12455245, 2025-04-18 01:30:28, 2025-04-18 01:30:28)) at C:\\Users\\Dalia\\OneDrive\\Desktop\\WorkSpace\\pulardapontenaquinta\\rotasdeteste\\vendor\\laravel\\framework\\src\\Illuminate\\Database\\Connection.php:822)
[stacktrace]
#0 C:\\Users\\Dalia\\OneDrive\\Desktop\\WorkSpace\\pulardapontenaquinta\\rotasdeteste\\vendor\\laravel\\framework\\src\\Illuminate\\Database\\Connection.php(776): Illuminate\\Database\\Connection->runQueryCallback('insert into `in...', Array, Object(Closure))
#1 C:\\Users\\Dalia\\OneDrive\\Desktop\\WorkSpace\\pulardapontenaquinta\\rotasdeteste\\vendor\\laravel\\framework\\src\\Illuminate\\Database\\MySqlConnection.php(42): Illuminate\\Database\\Connection->run('insert into `in...', Array, Object(Closure))
#2 C:\\Users\\Dalia\\OneDrive\\Desktop\\WorkSpace\\pulardapontenaquinta\\rotasdeteste\\vendor\\laravel\\framework\\src\\Illuminate\\Database\\Query\\Processors\\MySqlProcessor.php(35): Illuminate\\Database\\MySqlConnection->insert('insert into `in...', Array, 'id')
#3 C:\\Users\\Dalia\\OneDrive\\Desktop\\WorkSpace\\pulardapontenaquinta\\rotasdeteste\\vendor\\laravel\\framework\\src\\Illuminate\\Database\\Query\\Builder.php(3769): Illuminate\\Database\\Query\\Processors\\MySqlProcessor->processInsertGetId(Object(Illuminate\\Database\\Query\\Builder), 'insert into `in...', Array, 'id')
#4 C:\\Users\\Dalia\\OneDrive\\Desktop\\WorkSpace\\pulardapontenaquinta\\rotasdeteste\\vendor\\laravel\\framework\\src\\Illuminate\\Database\\Eloquent\\Builder.php(2143): Illuminate\\Database\\Query\\Builder->insertGetId(Array, 'id')
#5 C:\\Users\\Dalia\\OneDrive\\Desktop\\WorkSpace\\pulardapontenaquinta\\rotasdeteste\\vendor\\laravel\\framework\\src\\Illuminate\\Database\\Eloquent\\Model.php(1361): Illuminate\\Database\\Eloquent\\Builder->__call('insertGetId', Array)
#6 C:\\Users\\Dalia\\OneDrive\\Desktop\\WorkSpace\\pulardapontenaquinta\\rotasdeteste\\vendor\\laravel\\framework\\src\\Illuminate\\Database\\Eloquent\\Model.php(1326): Illuminate\\Database\\Eloquent\\Model->insertAndSetId(Object(Illuminate\\Database\\Eloquent\\Builder), Array)
#7 C:\\Users\\Dalia\\OneDrive\\Desktop\\WorkSpace\\pulardapontenaquinta\\rotasdeteste\\vendor\\laravel\\framework\\src\\Illuminate\\Database\\Eloquent\\Model.php(1165): Illuminate\\Database\\Eloquent\\Model->performInsert(Object(Illuminate\\Database\\Eloquent\\Builder))
#8 C:\\Users\\Dalia\\OneDrive\\Desktop\\WorkSpace\\pulardapontenaquinta\\rotasdeteste\\vendor\\laravel\\framework\\src\\Illuminate\\Database\\Eloquent\\Builder.php(1127): Illuminate\\Database\\Eloquent\\Model->save()
#9 C:\\Users\\Dalia\\OneDrive\\Desktop\\WorkSpace\\pulardapontenaquinta\\rotasdeteste\\vendor\\laravel\\framework\\src\\Illuminate\\Support\\helpers.php(399): Illuminate\\Database\\Eloquent\\Builder->Illuminate\\Database\\Eloquent\\{closure}(Object(App\\Models\\Instituicoes))
#10 C:\\Users\\Dalia\\OneDrive\\Desktop\\WorkSpace\\pulardapontenaquinta\\rotasdeteste\\vendor\\laravel\\framework\\src\\Illuminate\\Database\\Eloquent\\Builder.php(1126): tap(Object(App\\Models\\Instituicoes), Object(Closure))
#11 C:\\Users\\Dalia\\OneDrive\\Desktop\\WorkSpace\\pulardapontenaquinta\\rotasdeteste\\vendor\\laravel\\framework\\src\\Illuminate\\Support\\Traits\\ForwardsCalls.php(23): Illuminate\\Database\\Eloquent\\Builder->create(Array)
#12 C:\\Users\\Dalia\\OneDrive\\Desktop\\WorkSpace\\pulardapontenaquinta\\rotasdeteste\\vendor\\laravel\\framework\\src\\Illuminate\\Database\\Eloquent\\Model.php(2392): Illuminate\\Database\\Eloquent\\Model->forwardCallTo(Object(Illuminate\\Database\\Eloquent\\Builder), 'create', Array)
#13 C:\\Users\\Dalia\\OneDrive\\Desktop\\WorkSpace\\pulardapontenaquinta\\rotasdeteste\\vendor\\laravel\\framework\\src\\Illuminate\\Database\\Eloquent\\Model.php(2408): Illuminate\\Database\\Eloquent\\Model->__call('create', Array)
#14 C:\\Users\\Dalia\\OneDrive\\Desktop\\WorkSpace\\pulardapontenaquinta\\rotasdeteste\\app\\Http\\Controllers\\InstituicoesController.php(46): Illuminate\\Database\\Eloquent\\Model::__callStatic('create', Array)
#15 C:\\Users\\Dalia\\OneDrive\\Desktop\\WorkSpace\\pulardapontenaquinta\\rotasdeteste\\vendor\\laravel\\framework\\src\\Illuminate\\Routing\\ControllerDispatcher.php(46): App\\Http\\Controllers\\InstituicoesController->store(Object(Illuminate\\Http\\Request))
#16 C:\\Users\\Dalia\\OneDrive\\Desktop\\WorkSpace\\pulardapontenaquinta\\rotasdeteste\\vendor\\laravel\\framework\\src\\Illuminate\\Routing\\Route.php(265): Illuminate\\Routing\\ControllerDispatcher->dispatch(Object(Illuminate\\Routing\\Route), Object(App\\Http\\Controllers\\InstituicoesController), 'store')
#17 C:\\Users\\Dalia\\OneDrive\\Desktop\\WorkSpace\\pulardapontenaquinta\\rotasdeteste\\vendor\\laravel\\framework\\src\\Illuminate\\Routing\\Route.php(211): Illuminate\\Routing\\Route->runController()
#18 C:\\Users\\Dalia\\OneDrive\\Desktop\\WorkSpace\\pulardapontenaquinta\\rotasdeteste\\vendor\\laravel\\framework\\src\\Illuminate\\Routing\\Router.php(808): Illuminate\\Routing\\Route->run()
#19 C:\\Users\\Dalia\\OneDrive\\Desktop\\WorkSpace\\pulardapontenaquinta\\rotasdeteste\\vendor\\laravel\\framework\\src\\Illuminate\\Pipeline\\Pipeline.php(169): Illuminate\\Routing\\Router->Illuminate\\Routing\\{closure}(Object(Illuminate\\Http\\Request))
#20 C:\\Users\\Dalia\\OneDrive\\Desktop\\WorkSpace\\pulardapontenaquinta\\rotasdeteste\\vendor\\laravel\\framework\\src\\Illuminate\\Routing\\Middleware\\SubstituteBindings.php(50): Illuminate\\Pipeline\\Pipeline->Illuminate\\Pipeline\\{closure}(Object(Illuminate\\Http\\Request))
#21 C:\\Users\\Dalia\\OneDrive\\Desktop\\WorkSpace\\pulardapontenaquinta\\rotasdeteste\\vendor\\laravel\\framework\\src\\Illuminate\\Pipeline\\Pipeline.php(208): Illuminate\\Routing\\Middleware\\SubstituteBindings->handle(Object(Illuminate\\Http\\Request), Object(Closure))
#22 C:\\Users\\Dalia\\OneDrive\\Desktop\\WorkSpace\\pulardapontenaquinta\\rotasdeteste\\vendor\\laravel\\framework\\src\\Illuminate\\Pipeline\\Pipeline.php(126): Illuminate\\Pipeline\\Pipeline->Illuminate\\Pipeline\\{closure}(Object(Illuminate\\Http\\Request))
#23 C:\\Users\\Dalia\\OneDrive\\Desktop\\WorkSpace\\pulardapontenaquinta\\rotasdeteste\\vendor\\laravel\\framework\\src\\Illuminate\\Routing\\Router.php(807): Illuminate\\Pipeline\\Pipeline->then(Object(Closure))
#24 C:\\Users\\Dalia\\OneDrive\\Desktop\\WorkSpace\\pulardapontenaquinta\\rotasdeteste\\vendor\\laravel\\framework\\src\\Illuminate\\Routing\\Router.php(786): Illuminate\\Routing\\Router->runRouteWithinStack(Object(Illuminate\\Routing\\Route), Object(Illuminate\\Http\\Request))
#25 C:\\Users\\Dalia\\OneDrive\\Desktop\\WorkSpace\\pulardapontenaquinta\\rotasdeteste\\vendor\\laravel\\framework\\src\\Illuminate\\Routing\\Router.php(750): Illuminate\\Routing\\Router->runRoute(Object(Illuminate\\Http\\Request), Object(Illuminate\\Routing\\Route))
#26 C:\\Users\\Dalia\\OneDrive\\Desktop\\WorkSpace\\pulardapontenaquinta\\rotasdeteste\\vendor\\laravel\\framework\\src\\Illuminate\\Routing\\Router.php(739): Illuminate\\Routing\\Router->dispatchToRoute(Object(Illuminate\\Http\\Request))
#27 C:\\Users\\Dalia\\OneDrive\\Desktop\\WorkSpace\\pulardapontenaquinta\\rotasdeteste\\vendor\\laravel\\framework\\src\\Illuminate\\Foundation\\Http\\Kernel.php(200): Illuminate\\Routing\\Router->dispatch(Object(Illuminate\\Http\\Request))
#28 C:\\Users\\Dalia\\OneDrive\\Desktop\\WorkSpace\\pulardapontenaquinta\\rotasdeteste\\vendor\\laravel\\framework\\src\\Illuminate\\Pipeline\\Pipeline.php(169): Illuminate\\Foundation\\Http\\Kernel->Illuminate\\Foundation\\Http\\{closure}(Object(Illuminate\\Http\\Request))
#29 C:\\Users\\Dalia\\OneDrive\\Desktop\\WorkSpace\\pulardapontenaquinta\\rotasdeteste\\vendor\\laravel\\framework\\src\\Illuminate\\Foundation\\Http\\Middleware\\TransformsRequest.php(21): Illuminate\\Pipeline\\Pipeline->Illuminate\\Pipeline\\{closure}(Object(Illuminate\\Http\\Request))
#30 C:\\Users\\Dalia\\OneDrive\\Desktop\\WorkSpace\\pulardapontenaquinta\\rotasdeteste\\vendor\\laravel\\framework\\src\\Illuminate\\Foundation\\Http\\Middleware\\ConvertEmptyStringsToNull.php(31): Illuminate\\Foundation\\Http\\Middleware\\TransformsRequest->handle(Object(Illuminate\\Http\\Request), Object(Closure))
#31 C:\\Users\\Dalia\\OneDrive\\Desktop\\WorkSpace\\pulardapontenaquinta\\rotasdeteste\\vendor\\laravel\\framework\\src\\Illuminate\\Pipeline\\Pipeline.php(208): Illuminate\\Foundation\\Http\\Middleware\\ConvertEmptyStringsToNull->handle(Object(Illuminate\\Http\\Request), Object(Closure))
#32 C:\\Users\\Dalia\\OneDrive\\Desktop\\WorkSpace\\pulardapontenaquinta\\rotasdeteste\\vendor\\laravel\\framework\\src\\Illuminate\\Foundation\\Http\\Middleware\\TransformsRequest.php(21): Illuminate\\Pipeline\\Pipeline->Illuminate\\Pipeline\\{closure}(Object(Illuminate\\Http\\Request))
#33 C:\\Users\\Dalia\\OneDrive\\Desktop\\WorkSpace\\pulardapontenaquinta\\rotasdeteste\\vendor\\laravel\\framework\\src\\Illuminate\\Foundation\\Http\\Middleware\\TrimStrings.php(51): Illuminate\\Foundation\\Http\\Middleware\\TransformsRequest->handle(Object(Illuminate\\Http\\Request), Object(Closure))
#34 C:\\Users\\Dalia\\OneDrive\\Desktop\\WorkSpace\\pulardapontenaquinta\\rotasdeteste\\vendor\\laravel\\framework\\src\\Illuminate\\Pipeline\\Pipeline.php(208): Illuminate\\Foundation\\Http\\Middleware\\TrimStrings->handle(Object(Illuminate\\Http\\Request), Object(Closure))
#35 C:\\Users\\Dalia\\OneDrive\\Desktop\\WorkSpace\\pulardapontenaquinta\\rotasdeteste\\vendor\\laravel\\framework\\src\\Illuminate\\Http\\Middleware\\ValidatePostSize.php(27): Illuminate\\Pipeline\\Pipeline->Illuminate\\Pipeline\\{closure}(Object(Illuminate\\Http\\Request))
#36 C:\\Users\\Dalia\\OneDrive\\Desktop\\WorkSpace\\pulardapontenaquinta\\rotasdeteste\\vendor\\laravel\\framework\\src\\Illuminate\\Pipeline\\Pipeline.php(208): Illuminate\\Http\\Middleware\\ValidatePostSize->handle(Object(Illuminate\\Http\\Request), Object(Closure))
#37 C:\\Users\\Dalia\\OneDrive\\Desktop\\WorkSpace\\pulardapontenaquinta\\rotasdeteste\\vendor\\laravel\\framework\\src\\Illuminate\\Foundation\\Http\\Middleware\\PreventRequestsDuringMaintenance.php(109): Illuminate\\Pipeline\\Pipeline->Illuminate\\Pipeline\\{closure}(Object(Illuminate\\Http\\Request))
#38 C:\\Users\\Dalia\\OneDrive\\Desktop\\WorkSpace\\pulardapontenaquinta\\rotasdeteste\\vendor\\laravel\\framework\\src\\Illuminate\\Pipeline\\Pipeline.php(208): Illuminate\\Foundation\\Http\\Middleware\\PreventRequestsDuringMaintenance->handle(Object(Illuminate\\Http\\Request), Object(Closure))
#39 C:\\Users\\Dalia\\OneDrive\\Desktop\\WorkSpace\\pulardapontenaquinta\\rotasdeteste\\vendor\\laravel\\framework\\src\\Illuminate\\Http\\Middleware\\HandleCors.php(61): Illuminate\\Pipeline\\Pipeline->Illuminate\\Pipeline\\{closure}(Object(Illuminate\\Http\\Request))
#40 C:\\Users\\Dalia\\OneDrive\\Desktop\\WorkSpace\\pulardapontenaquinta\\rotasdeteste\\vendor\\laravel\\framework\\src\\Illuminate\\Pipeline\\Pipeline.php(208): Illuminate\\Http\\Middleware\\HandleCors->handle(Object(Illuminate\\Http\\Request), Object(Closure))
#41 C:\\Users\\Dalia\\OneDrive\\Desktop\\WorkSpace\\pulardapontenaquinta\\rotasdeteste\\vendor\\laravel\\framework\\src\\Illuminate\\Http\\Middleware\\TrustProxies.php(58): Illuminate\\Pipeline\\Pipeline->Illuminate\\Pipeline\\{closure}(Object(Illuminate\\Http\\Request))
#42 C:\\Users\\Dalia\\OneDrive\\Desktop\\WorkSpace\\pulardapontenaquinta\\rotasdeteste\\vendor\\laravel\\framework\\src\\Illuminate\\Pipeline\\Pipeline.php(208): Illuminate\\Http\\Middleware\\TrustProxies->handle(Object(Illuminate\\Http\\Request), Object(Closure))
#43 C:\\Users\\Dalia\\OneDrive\\Desktop\\WorkSpace\\pulardapontenaquinta\\rotasdeteste\\vendor\\laravel\\framework\\src\\Illuminate\\Foundation\\Http\\Middleware\\InvokeDeferredCallbacks.php(22): Illuminate\\Pipeline\\Pipeline->Illuminate\\Pipeline\\{closure}(Object(Illuminate\\Http\\Request))
#44 C:\\Users\\Dalia\\OneDrive\\Desktop\\WorkSpace\\pulardapontenaquinta\\rotasdeteste\\vendor\\laravel\\framework\\src\\Illuminate\\Pipeline\\Pipeline.php(208): Illuminate\\Foundation\\Http\\Middleware\\InvokeDeferredCallbacks->handle(Object(Illuminate\\Http\\Request), Object(Closure))
#45 C:\\Users\\Dalia\\OneDrive\\Desktop\\WorkSpace\\pulardapontenaquinta\\rotasdeteste\\vendor\\laravel\\framework\\src\\Illuminate\\Http\\Middleware\\ValidatePathEncoding.php(26): Illuminate\\Pipeline\\Pipeline->Illuminate\\Pipeline\\{closure}(Object(Illuminate\\Http\\Request))
#46 C:\\Users\\Dalia\\OneDrive\\Desktop\\WorkSpace\\pulardapontenaquinta\\rotasdeteste\\vendor\\laravel\\framework\\src\\Illuminate\\Pipeline\\Pipeline.php(208): Illuminate\\Http\\Middleware\\ValidatePathEncoding->handle(Object(Illuminate\\Http\\Request), Object(Closure))
#47 C:\\Users\\Dalia\\OneDrive\\Desktop\\WorkSpace\\pulardapontenaquinta\\rotasdeteste\\vendor\\laravel\\framework\\src\\Illuminate\\Pipeline\\Pipeline.php(126): Illuminate\\Pipeline\\Pipeline->Illuminate\\Pipeline\\{closure}(Object(Illuminate\\Http\\Request))
#48 C:\\Users\\Dalia\\OneDrive\\Desktop\\WorkSpace\\pulardapontenaquinta\\rotasdeteste\\vendor\\laravel\\framework\\src\\Illuminate\\Foundation\\Http\\Kernel.php(175): Illuminate\\Pipeline\\Pipeline->then(Object(Closure))
#49 C:\\Users\\Dalia\\OneDrive\\Desktop\\WorkSpace\\pulardapontenaquinta\\rotasdeteste\\vendor\\laravel\\framework\\src\\Illuminate\\Foundation\\Http\\Kernel.php(144): Illuminate\\Foundation\\Http\\Kernel->sendRequestThroughRouter(Object(Illuminate\\Http\\Request))
#50 C:\\Users\\Dalia\\OneDrive\\Desktop\\WorkSpace\\pulardapontenaquinta\\rotasdeteste\\vendor\\laravel\\framework\\src\\Illuminate\\Foundation\\Application.php(1219): Illuminate\\Foundation\\Http\\Kernel->handle(Object(Illuminate\\Http\\Request))
#51 C:\\Users\\Dalia\\OneDrive\\Desktop\\WorkSpace\\pulardapontenaquinta\\rotasdeteste\\public\\index.php(20): Illuminate\\Foundation\\Application->handleRequest(Object(Illuminate\\Http\\Request))
#52 C:\\Users\\Dalia\\OneDrive\\Desktop\\WorkSpace\\pulardapontenaquinta\\rotasdeteste\\vendor\\laravel\\framework\\src\\Illuminate\\Foundation\\resources\\server.php(23): require_once('C:\\\\Users\\\\Dalia\\\\...')
#53 {main}

[previous exception] [object] (PDOException(code: HY000): SQLSTATE[HY000]: General error: 1364 Field 'endereco_instituicao' doesn't have a default value at C:\\Users\\Dalia\\OneDrive\\Desktop\\WorkSpace\\pulardapontenaquinta\\rotasdeteste\\vendor\\laravel\\framework\\src\\Illuminate\\Database\\MySqlConnection.php:53)
[stacktrace]
#0 C:\\Users\\Dalia\\OneDrive\\Desktop\\WorkSpace\\pulardapontenaquinta\\rotasdeteste\\vendor\\laravel\\framework\\src\\Illuminate\\Database\\MySqlConnection.php(53): PDOStatement->execute()
#1 C:\\Users\\Dalia\\OneDrive\\Desktop\\WorkSpace\\pulardapontenaquinta\\rotasdeteste\\vendor\\laravel\\framework\\src\\Illuminate\\Database\\Connection.php(809): Illuminate\\Database\\MySqlConnection->Illuminate\\Database\\{closure}('insert into `in...', Array)
#2 C:\\Users\\Dalia\\OneDrive\\Desktop\\WorkSpace\\pulardapontenaquinta\\rotasdeteste\\vendor\\laravel\\framework\\src\\Illuminate\\Database\\Connection.php(776): Illuminate\\Database\\Connection->runQueryCallback('insert into `in...', Array, Object(Closure))
#3 C:\\Users\\Dalia\\OneDrive\\Desktop\\WorkSpace\\pulardapontenaquinta\\rotasdeteste\\vendor\\laravel\\framework\\src\\Illuminate\\Database\\MySqlConnection.php(42): Illuminate\\Database\\Connection->run('insert into `in...', Array, Object(Closure))
#4 C:\\Users\\Dalia\\OneDrive\\Desktop\\WorkSpace\\pulardapontenaquinta\\rotasdeteste\\vendor\\laravel\\framework\\src\\Illuminate\\Database\\Query\\Processors\\MySqlProcessor.php(35): Illuminate\\Database\\MySqlConnection->insert('insert into `in...', Array, 'id')
#5 C:\\Users\\Dalia\\OneDrive\\Desktop\\WorkSpace\\pulardapontenaquinta\\rotasdeteste\\vendor\\laravel\\framework\\src\\Illuminate\\Database\\Query\\Builder.php(3769): Illuminate\\Database\\Query\\Processors\\MySqlProcessor->processInsertGetId(Object(Illuminate\\Database\\Query\\Builder), 'insert into `in...', Array, 'id')
#6 C:\\Users\\Dalia\\OneDrive\\Desktop\\WorkSpace\\pulardapontenaquinta\\rotasdeteste\\vendor\\laravel\\framework\\src\\Illuminate\\Database\\Eloquent\\Builder.php(2143): Illuminate\\Database\\Query\\Builder->insertGetId(Array, 'id')
#7 C:\\Users\\Dalia\\OneDrive\\Desktop\\WorkSpace\\pulardapontenaquinta\\rotasdeteste\\vendor\\laravel\\framework\\src\\Illuminate\\Database\\Eloquent\\Model.php(1361): Illuminate\\Database\\Eloquent\\Builder->__call('insertGetId', Array)
#8 C:\\Users\\Dalia\\OneDrive\\Desktop\\WorkSpace\\pulardapontenaquinta\\rotasdeteste\\vendor\\laravel\\framework\\src\\Illuminate\\Database\\Eloquent\\Model.php(1326): Illuminate\\Database\\Eloquent\\Model->insertAndSetId(Object(Illuminate\\Database\\Eloquent\\Builder), Array)
#9 C:\\Users\\Dalia\\OneDrive\\Desktop\\WorkSpace\\pulardapontenaquinta\\rotasdeteste\\vendor\\laravel\\framework\\src\\Illuminate\\Database\\Eloquent\\Model.php(1165): Illuminate\\Database\\Eloquent\\Model->performInsert(Object(Illuminate\\Database\\Eloquent\\Builder))
#10 C:\\Users\\Dalia\\OneDrive\\Desktop\\WorkSpace\\pulardapontenaquinta\\rotasdeteste\\vendor\\laravel\\framework\\src\\Illuminate\\Database\\Eloquent\\Builder.php(1127): Illuminate\\Database\\Eloquent\\Model->save()
#11 C:\\Users\\Dalia\\OneDrive\\Desktop\\WorkSpace\\pulardapontenaquinta\\rotasdeteste\\vendor\\laravel\\framework\\src\\Illuminate\\Support\\helpers.php(399): Illuminate\\Database\\Eloquent\\Builder->Illuminate\\Database\\Eloquent\\{closure}(Object(App\\Models\\Instituicoes))
#12 C:\\Users\\Dalia\\OneDrive\\Desktop\\WorkSpace\\pulardapontenaquinta\\rotasdeteste\\vendor\\laravel\\framework\\src\\Illuminate\\Database\\Eloquent\\Builder.php(1126): tap(Object(App\\Models\\Instituicoes), Object(Closure))
#13 C:\\Users\\Dalia\\OneDrive\\Desktop\\WorkSpace\\pulardapontenaquinta\\rotasdeteste\\vendor\\laravel\\framework\\src\\Illuminate\\Support\\Traits\\ForwardsCalls.php(23): Illuminate\\Database\\Eloquent\\Builder->create(Array)
#14 C:\\Users\\Dalia\\OneDrive\\Desktop\\WorkSpace\\pulardapontenaquinta\\rotasdeteste\\vendor\\laravel\\framework\\src\\Illuminate\\Database\\Eloquent\\Model.php(2392): Illuminate\\Database\\Eloquent\\Model->forwardCallTo(Object(Illuminate\\Database\\Eloquent\\Builder), 'create', Array)
#15 C:\\Users\\Dalia\\OneDrive\\Desktop\\WorkSpace\\pulardapontenaquinta\\rotasdeteste\\vendor\\laravel\\framework\\src\\Illuminate\\Database\\Eloquent\\Model.php(2408): Illuminate\\Database\\Eloquent\\Model->__call('create', Array)
#16 C:\\Users\\Dalia\\OneDrive\\Desktop\\WorkSpace\\pulardapontenaquinta\\rotasdeteste\\app\\Http\\Controllers\\InstituicoesController.php(46): Illuminate\\Database\\Eloquent\\Model::__callStatic('create', Array)
#17 C:\\Users\\Dalia\\OneDrive\\Desktop\\WorkSpace\\pulardapontenaquinta\\rotasdeteste\\vendor\\laravel\\framework\\src\\Illuminate\\Routing\\ControllerDispatcher.php(46): App\\Http\\Controllers\\InstituicoesController->store(Object(Illuminate\\Http\\Request))
#18 C:\\Users\\Dalia\\OneDrive\\Desktop\\WorkSpace\\pulardapontenaquinta\\rotasdeteste\\vendor\\laravel\\framework\\src\\Illuminate\\Routing\\Route.php(265): Illuminate\\Routing\\ControllerDispatcher->dispatch(Object(Illuminate\\Routing\\Route), Object(App\\Http\\Controllers\\InstituicoesController), 'store')
#19 C:\\Users\\Dalia\\OneDrive\\Desktop\\WorkSpace\\pulardapontenaquinta\\rotasdeteste\\vendor\\laravel\\framework\\src\\Illuminate\\Routing\\Route.php(211): Illuminate\\Routing\\Route->runController()
#20 C:\\Users\\Dalia\\OneDrive\\Desktop\\WorkSpace\\pulardapontenaquinta\\rotasdeteste\\vendor\\laravel\\framework\\src\\Illuminate\\Routing\\Router.php(808): Illuminate\\Routing\\Route->run()
#21 C:\\Users\\Dalia\\OneDrive\\Desktop\\WorkSpace\\pulardapontenaquinta\\rotasdeteste\\vendor\\laravel\\framework\\src\\Illuminate\\Pipeline\\Pipeline.php(169): Illuminate\\Routing\\Router->Illuminate\\Routing\\{closure}(Object(Illuminate\\Http\\Request))
#22 C:\\Users\\Dalia\\OneDrive\\Desktop\\WorkSpace\\pulardapontenaquinta\\rotasdeteste\\vendor\\laravel\\framework\\src\\Illuminate\\Routing\\Middleware\\SubstituteBindings.php(50): Illuminate\\Pipeline\\Pipeline->Illuminate\\Pipeline\\{closure}(Object(Illuminate\\Http\\Request))
#23 C:\\Users\\Dalia\\OneDrive\\Desktop\\WorkSpace\\pulardapontenaquinta\\rotasdeteste\\vendor\\laravel\\framework\\src\\Illuminate\\Pipeline\\Pipeline.php(208): Illuminate\\Routing\\Middleware\\SubstituteBindings->handle(Object(Illuminate\\Http\\Request), Object(Closure))
#24 C:\\Users\\Dalia\\OneDrive\\Desktop\\WorkSpace\\pulardapontenaquinta\\rotasdeteste\\vendor\\laravel\\framework\\src\\Illuminate\\Pipeline\\Pipeline.php(126): Illuminate\\Pipeline\\Pipeline->Illuminate\\Pipeline\\{closure}(Object(Illuminate\\Http\\Request))
#25 C:\\Users\\Dalia\\OneDrive\\Desktop\\WorkSpace\\pulardapontenaquinta\\rotasdeteste\\vendor\\laravel\\framework\\src\\Illuminate\\Routing\\Router.php(807): Illuminate\\Pipeline\\Pipeline->then(Object(Closure))
#26 C:\\Users\\Dalia\\OneDrive\\Desktop\\WorkSpace\\pulardapontenaquinta\\rotasdeteste\\vendor\\laravel\\framework\\src\\Illuminate\\Routing\\Router.php(786): Illuminate\\Routing\\Router->runRouteWithinStack(Object(Illuminate\\Routing\\Route), Object(Illuminate\\Http\\Request))
#27 C:\\Users\\Dalia\\OneDrive\\Desktop\\WorkSpace\\pulardapontenaquinta\\rotasdeteste\\vendor\\laravel\\framework\\src\\Illuminate\\Routing\\Router.php(750): Illuminate\\Routing\\Router->runRoute(Object(Illuminate\\Http\\Request), Object(Illuminate\\Routing\\Route))
#28 C:\\Users\\Dalia\\OneDrive\\Desktop\\WorkSpace\\pulardapontenaquinta\\rotasdeteste\\vendor\\laravel\\framework\\src\\Illuminate\\Routing\\Router.php(739): Illuminate\\Routing\\Router->dispatchToRoute(Object(Illuminate\\Http\\Request))
#29 C:\\Users\\Dalia\\OneDrive\\Desktop\\WorkSpace\\pulardapontenaquinta\\rotasdeteste\\vendor\\laravel\\framework\\src\\Illuminate\\Foundation\\Http\\Kernel.php(200): Illuminate\\Routing\\Router->dispatch(Object(Illuminate\\Http\\Request))
#30 C:\\Users\\Dalia\\OneDrive\\Desktop\\WorkSpace\\pulardapontenaquinta\\rotasdeteste\\vendor\\laravel\\framework\\src\\Illuminate\\Pipeline\\Pipeline.php(169): Illuminate\\Foundation\\Http\\Kernel->Illuminate\\Foundation\\Http\\{closure}(Object(Illuminate\\Http\\Request))
#31 C:\\Users\\Dalia\\OneDrive\\Desktop\\WorkSpace\\pulardapontenaquinta\\rotasdeteste\\vendor\\laravel\\framework\\src\\Illuminate\\Foundation\\Http\\Middleware\\TransformsRequest.php(21): Illuminate\\Pipeline\\Pipeline->Illuminate\\Pipeline\\{closure}(Object(Illuminate\\Http\\Request))
#32 C:\\Users\\Dalia\\OneDrive\\Desktop\\WorkSpace\\pulardapontenaquinta\\rotasdeteste\\vendor\\laravel\\framework\\src\\Illuminate\\Foundation\\Http\\Middleware\\ConvertEmptyStringsToNull.php(31): Illuminate\\Foundation\\Http\\Middleware\\TransformsRequest->handle(Object(Illuminate\\Http\\Request), Object(Closure))
#33 C:\\Users\\Dalia\\OneDrive\\Desktop\\WorkSpace\\pulardapontenaquinta\\rotasdeteste\\vendor\\laravel\\framework\\src\\Illuminate\\Pipeline\\Pipeline.php(208): Illuminate\\Foundation\\Http\\Middleware\\ConvertEmptyStringsToNull->handle(Object(Illuminate\\Http\\Request), Object(Closure))
#34 C:\\Users\\Dalia\\OneDrive\\Desktop\\WorkSpace\\pulardapontenaquinta\\rotasdeteste\\vendor\\laravel\\framework\\src\\Illuminate\\Foundation\\Http\\Middleware\\TransformsRequest.php(21): Illuminate\\Pipeline\\Pipeline->Illuminate\\Pipeline\\{closure}(Object(Illuminate\\Http\\Request))
#35 C:\\Users\\Dalia\\OneDrive\\Desktop\\WorkSpace\\pulardapontenaquinta\\rotasdeteste\\vendor\\laravel\\framework\\src\\Illuminate\\Foundation\\Http\\Middleware\\TrimStrings.php(51): Illuminate\\Foundation\\Http\\Middleware\\TransformsRequest->handle(Object(Illuminate\\Http\\Request), Object(Closure))
#36 C:\\Users\\Dalia\\OneDrive\\Desktop\\WorkSpace\\pulardapontenaquinta\\rotasdeteste\\vendor\\laravel\\framework\\src\\Illuminate\\Pipeline\\Pipeline.php(208): Illuminate\\Foundation\\Http\\Middleware\\TrimStrings->handle(Object(Illuminate\\Http\\Request), Object(Closure))
#37 C:\\Users\\Dalia\\OneDrive\\Desktop\\WorkSpace\\pulardapontenaquinta\\rotasdeteste\\vendor\\laravel\\framework\\src\\Illuminate\\Http\\Middleware\\ValidatePostSize.php(27): Illuminate\\Pipeline\\Pipeline->Illuminate\\Pipeline\\{closure}(Object(Illuminate\\Http\\Request))
#38 C:\\Users\\Dalia\\OneDrive\\Desktop\\WorkSpace\\pulardapontenaquinta\\rotasdeteste\\vendor\\laravel\\framework\\src\\Illuminate\\Pipeline\\Pipeline.php(208): Illuminate\\Http\\Middleware\\ValidatePostSize->handle(Object(Illuminate\\Http\\Request), Object(Closure))
#39 C:\\Users\\Dalia\\OneDrive\\Desktop\\WorkSpace\\pulardapontenaquinta\\rotasdeteste\\vendor\\laravel\\framework\\src\\Illuminate\\Foundation\\Http\\Middleware\\PreventRequestsDuringMaintenance.php(109): Illuminate\\Pipeline\\Pipeline->Illuminate\\Pipeline\\{closure}(Object(Illuminate\\Http\\Request))
#40 C:\\Users\\Dalia\\OneDrive\\Desktop\\WorkSpace\\pulardapontenaquinta\\rotasdeteste\\vendor\\laravel\\framework\\src\\Illuminate\\Pipeline\\Pipeline.php(208): Illuminate\\Foundation\\Http\\Middleware\\PreventRequestsDuringMaintenance->handle(Object(Illuminate\\Http\\Request), Object(Closure))
#41 C:\\Users\\Dalia\\OneDrive\\Desktop\\WorkSpace\\pulardapontenaquinta\\rotasdeteste\\vendor\\laravel\\framework\\src\\Illuminate\\Http\\Middleware\\HandleCors.php(61): Illuminate\\Pipeline\\Pipeline->Illuminate\\Pipeline\\{closure}(Object(Illuminate\\Http\\Request))
#42 C:\\Users\\Dalia\\OneDrive\\Desktop\\WorkSpace\\pulardapontenaquinta\\rotasdeteste\\vendor\\laravel\\framework\\src\\Illuminate\\Pipeline\\Pipeline.php(208): Illuminate\\Http\\Middleware\\HandleCors->handle(Object(Illuminate\\Http\\Request), Object(Closure))
#43 C:\\Users\\Dalia\\OneDrive\\Desktop\\WorkSpace\\pulardapontenaquinta\\rotasdeteste\\vendor\\laravel\\framework\\src\\Illuminate\\Http\\Middleware\\TrustProxies.php(58): Illuminate\\Pipeline\\Pipeline->Illuminate\\Pipeline\\{closure}(Object(Illuminate\\Http\\Request))
#44 C:\\Users\\Dalia\\OneDrive\\Desktop\\WorkSpace\\pulardapontenaquinta\\rotasdeteste\\vendor\\laravel\\framework\\src\\Illuminate\\Pipeline\\Pipeline.php(208): Illuminate\\Http\\Middleware\\TrustProxies->handle(Object(Illuminate\\Http\\Request), Object(Closure))
#45 C:\\Users\\Dalia\\OneDrive\\Desktop\\WorkSpace\\pulardapontenaquinta\\rotasdeteste\\vendor\\laravel\\framework\\src\\Illuminate\\Foundation\\Http\\Middleware\\InvokeDeferredCallbacks.php(22): Illuminate\\Pipeline\\Pipeline->Illuminate\\Pipeline\\{closure}(Object(Illuminate\\Http\\Request))
#46 C:\\Users\\Dalia\\OneDrive\\Desktop\\WorkSpace\\pulardapontenaquinta\\rotasdeteste\\vendor\\laravel\\framework\\src\\Illuminate\\Pipeline\\Pipeline.php(208): Illuminate\\Foundation\\Http\\Middleware\\InvokeDeferredCallbacks->handle(Object(Illuminate\\Http\\Request), Object(Closure))
#47 C:\\Users\\Dalia\\OneDrive\\Desktop\\WorkSpace\\pulardapontenaquinta\\rotasdeteste\\vendor\\laravel\\framework\\src\\Illuminate\\Http\\Middleware\\ValidatePathEncoding.php(26): Illuminate\\Pipeline\\Pipeline->Illuminate\\Pipeline\\{closure}(Object(Illuminate\\Http\\Request))
#48 C:\\Users\\Dalia\\OneDrive\\Desktop\\WorkSpace\\pulardapontenaquinta\\rotasdeteste\\vendor\\laravel\\framework\\src\\Illuminate\\Pipeline\\Pipeline.php(208): Illuminate\\Http\\Middleware\\ValidatePathEncoding->handle(Object(Illuminate\\Http\\Request), Object(Closure))
#49 C:\\Users\\Dalia\\OneDrive\\Desktop\\WorkSpace\\pulardapontenaquinta\\rotasdeteste\\vendor\\laravel\\framework\\src\\Illuminate\\Pipeline\\Pipeline.php(126): Illuminate\\Pipeline\\Pipeline->Illuminate\\Pipeline\\{closure}(Object(Illuminate\\Http\\Request))
#50 C:\\Users\\Dalia\\OneDrive\\Desktop\\WorkSpace\\pulardapontenaquinta\\rotasdeteste\\vendor\\laravel\\framework\\src\\Illuminate\\Foundation\\Http\\Kernel.php(175): Illuminate\\Pipeline\\Pipeline->then(Object(Closure))
#51 C:\\Users\\Dalia\\OneDrive\\Desktop\\WorkSpace\\pulardapontenaquinta\\rotasdeteste\\vendor\\laravel\\framework\\src\\Illuminate\\Foundation\\Http\\Kernel.php(144): Illuminate\\Foundation\\Http\\Kernel->sendRequestThroughRouter(Object(Illuminate\\Http\\Request))
#52 C:\\Users\\Dalia\\OneDrive\\Desktop\\WorkSpace\\pulardapontenaquinta\\rotasdeteste\\vendor\\laravel\\framework\\src\\Illuminate\\Foundation\\Application.php(1219): Illuminate\\Foundation\\Http\\Kernel->handle(Object(Illuminate\\Http\\Request))
#53 C:\\Users\\Dalia\\OneDrive\\Desktop\\WorkSpace\\pulardapontenaquinta\\rotasdeteste\\public\\index.php(20): Illuminate\\Foundation\\Application->handleRequest(Object(Illuminate\\Http\\Request))
#54 C:\\Users\\Dalia\\OneDrive\\Desktop\\WorkSpace\\pulardapontenaquinta\\rotasdeteste\\vendor\\laravel\\framework\\src\\Illuminate\\Foundation\\resources\\server.php(23): require_once('C:\\\\Users\\\\Dalia\\\\...')
#55 {main}
"} 
[2025-04-18 01:34:32] local.ERROR: SQLSTATE[HY000]: General error: 1364 Field 'endereco_instituicao' doesn't have a default value (Connection: mysql, SQL: insert into `instituicoes` (`nm_instituicao`, `email_instituicao`, `senha`, `descricao`, `telefone`, `updated_at`, `created_at`) values (acvaca, adfefcve@, 12345, cacwcacw, 12455245, 2025-04-18 01:34:32, 2025-04-18 01:34:32)) {"exception":"[object] (Illuminate\\Database\\QueryException(code: HY000): SQLSTATE[HY000]: General error: 1364 Field 'endereco_instituicao' doesn't have a default value (Connection: mysql, SQL: insert into `instituicoes` (`nm_instituicao`, `email_instituicao`, `senha`, `descricao`, `telefone`, `updated_at`, `created_at`) values (acvaca, adfefcve@, 12345, cacwcacw, 12455245, 2025-04-18 01:34:32, 2025-04-18 01:34:32)) at C:\\Users\\Dalia\\OneDrive\\Desktop\\WorkSpace\\pulardapontenaquinta\\rotasdeteste\\vendor\\laravel\\framework\\src\\Illuminate\\Database\\Connection.php:822)
[stacktrace]
#0 C:\\Users\\Dalia\\OneDrive\\Desktop\\WorkSpace\\pulardapontenaquinta\\rotasdeteste\\vendor\\laravel\\framework\\src\\Illuminate\\Database\\Connection.php(776): Illuminate\\Database\\Connection->runQueryCallback('insert into `in...', Array, Object(Closure))
#1 C:\\Users\\Dalia\\OneDrive\\Desktop\\WorkSpace\\pulardapontenaquinta\\rotasdeteste\\vendor\\laravel\\framework\\src\\Illuminate\\Database\\MySqlConnection.php(42): Illuminate\\Database\\Connection->run('insert into `in...', Array, Object(Closure))
#2 C:\\Users\\Dalia\\OneDrive\\Desktop\\WorkSpace\\pulardapontenaquinta\\rotasdeteste\\vendor\\laravel\\framework\\src\\Illuminate\\Database\\Query\\Processors\\MySqlProcessor.php(35): Illuminate\\Database\\MySqlConnection->insert('insert into `in...', Array, 'id')
#3 C:\\Users\\Dalia\\OneDrive\\Desktop\\WorkSpace\\pulardapontenaquinta\\rotasdeteste\\vendor\\laravel\\framework\\src\\Illuminate\\Database\\Query\\Builder.php(3769): Illuminate\\Database\\Query\\Processors\\MySqlProcessor->processInsertGetId(Object(Illuminate\\Database\\Query\\Builder), 'insert into `in...', Array, 'id')
#4 C:\\Users\\Dalia\\OneDrive\\Desktop\\WorkSpace\\pulardapontenaquinta\\rotasdeteste\\vendor\\laravel\\framework\\src\\Illuminate\\Database\\Eloquent\\Builder.php(2143): Illuminate\\Database\\Query\\Builder->insertGetId(Array, 'id')
#5 C:\\Users\\Dalia\\OneDrive\\Desktop\\WorkSpace\\pulardapontenaquinta\\rotasdeteste\\vendor\\laravel\\framework\\src\\Illuminate\\Database\\Eloquent\\Model.php(1361): Illuminate\\Database\\Eloquent\\Builder->__call('insertGetId', Array)
#6 C:\\Users\\Dalia\\OneDrive\\Desktop\\WorkSpace\\pulardapontenaquinta\\rotasdeteste\\vendor\\laravel\\framework\\src\\Illuminate\\Database\\Eloquent\\Model.php(1326): Illuminate\\Database\\Eloquent\\Model->insertAndSetId(Object(Illuminate\\Database\\Eloquent\\Builder), Array)
#7 C:\\Users\\Dalia\\OneDrive\\Desktop\\WorkSpace\\pulardapontenaquinta\\rotasdeteste\\vendor\\laravel\\framework\\src\\Illuminate\\Database\\Eloquent\\Model.php(1165): Illuminate\\Database\\Eloquent\\Model->performInsert(Object(Illuminate\\Database\\Eloquent\\Builder))
#8 C:\\Users\\Dalia\\OneDrive\\Desktop\\WorkSpace\\pulardapontenaquinta\\rotasdeteste\\vendor\\laravel\\framework\\src\\Illuminate\\Database\\Eloquent\\Builder.php(1127): Illuminate\\Database\\Eloquent\\Model->save()
#9 C:\\Users\\Dalia\\OneDrive\\Desktop\\WorkSpace\\pulardapontenaquinta\\rotasdeteste\\vendor\\laravel\\framework\\src\\Illuminate\\Support\\helpers.php(399): Illuminate\\Database\\Eloquent\\Builder->Illuminate\\Database\\Eloquent\\{closure}(Object(App\\Models\\Instituicoes))
#10 C:\\Users\\Dalia\\OneDrive\\Desktop\\WorkSpace\\pulardapontenaquinta\\rotasdeteste\\vendor\\laravel\\framework\\src\\Illuminate\\Database\\Eloquent\\Builder.php(1126): tap(Object(App\\Models\\Instituicoes), Object(Closure))
#11 C:\\Users\\Dalia\\OneDrive\\Desktop\\WorkSpace\\pulardapontenaquinta\\rotasdeteste\\vendor\\laravel\\framework\\src\\Illuminate\\Support\\Traits\\ForwardsCalls.php(23): Illuminate\\Database\\Eloquent\\Builder->create(Array)
#12 C:\\Users\\Dalia\\OneDrive\\Desktop\\WorkSpace\\pulardapontenaquinta\\rotasdeteste\\vendor\\laravel\\framework\\src\\Illuminate\\Database\\Eloquent\\Model.php(2392): Illuminate\\Database\\Eloquent\\Model->forwardCallTo(Object(Illuminate\\Database\\Eloquent\\Builder), 'create', Array)
#13 C:\\Users\\Dalia\\OneDrive\\Desktop\\WorkSpace\\pulardapontenaquinta\\rotasdeteste\\vendor\\laravel\\framework\\src\\Illuminate\\Database\\Eloquent\\Model.php(2408): Illuminate\\Database\\Eloquent\\Model->__call('create', Array)
#14 C:\\Users\\Dalia\\OneDrive\\Desktop\\WorkSpace\\pulardapontenaquinta\\rotasdeteste\\app\\Http\\Controllers\\InstituicoesController.php(46): Illuminate\\Database\\Eloquent\\Model::__callStatic('create', Array)
#15 C:\\Users\\Dalia\\OneDrive\\Desktop\\WorkSpace\\pulardapontenaquinta\\rotasdeteste\\vendor\\laravel\\framework\\src\\Illuminate\\Routing\\ControllerDispatcher.php(46): App\\Http\\Controllers\\InstituicoesController->store(Object(Illuminate\\Http\\Request))
#16 C:\\Users\\Dalia\\OneDrive\\Desktop\\WorkSpace\\pulardapontenaquinta\\rotasdeteste\\vendor\\laravel\\framework\\src\\Illuminate\\Routing\\Route.php(265): Illuminate\\Routing\\ControllerDispatcher->dispatch(Object(Illuminate\\Routing\\Route), Object(App\\Http\\Controllers\\InstituicoesController), 'store')
#17 C:\\Users\\Dalia\\OneDrive\\Desktop\\WorkSpace\\pulardapontenaquinta\\rotasdeteste\\vendor\\laravel\\framework\\src\\Illuminate\\Routing\\Route.php(211): Illuminate\\Routing\\Route->runController()
#18 C:\\Users\\Dalia\\OneDrive\\Desktop\\WorkSpace\\pulardapontenaquinta\\rotasdeteste\\vendor\\laravel\\framework\\src\\Illuminate\\Routing\\Router.php(808): Illuminate\\Routing\\Route->run()
#19 C:\\Users\\Dalia\\OneDrive\\Desktop\\WorkSpace\\pulardapontenaquinta\\rotasdeteste\\vendor\\laravel\\framework\\src\\Illuminate\\Pipeline\\Pipeline.php(169): Illuminate\\Routing\\Router->Illuminate\\Routing\\{closure}(Object(Illuminate\\Http\\Request))
#20 C:\\Users\\Dalia\\OneDrive\\Desktop\\WorkSpace\\pulardapontenaquinta\\rotasdeteste\\vendor\\laravel\\framework\\src\\Illuminate\\Routing\\Middleware\\SubstituteBindings.php(50): Illuminate\\Pipeline\\Pipeline->Illuminate\\Pipeline\\{closure}(Object(Illuminate\\Http\\Request))
#21 C:\\Users\\Dalia\\OneDrive\\Desktop\\WorkSpace\\pulardapontenaquinta\\rotasdeteste\\vendor\\laravel\\framework\\src\\Illuminate\\Pipeline\\Pipeline.php(208): Illuminate\\Routing\\Middleware\\SubstituteBindings->handle(Object(Illuminate\\Http\\Request), Object(Closure))
#22 C:\\Users\\Dalia\\OneDrive\\Desktop\\WorkSpace\\pulardapontenaquinta\\rotasdeteste\\vendor\\laravel\\framework\\src\\Illuminate\\Pipeline\\Pipeline.php(126): Illuminate\\Pipeline\\Pipeline->Illuminate\\Pipeline\\{closure}(Object(Illuminate\\Http\\Request))
#23 C:\\Users\\Dalia\\OneDrive\\Desktop\\WorkSpace\\pulardapontenaquinta\\rotasdeteste\\vendor\\laravel\\framework\\src\\Illuminate\\Routing\\Router.php(807): Illuminate\\Pipeline\\Pipeline->then(Object(Closure))
#24 C:\\Users\\Dalia\\OneDrive\\Desktop\\WorkSpace\\pulardapontenaquinta\\rotasdeteste\\vendor\\laravel\\framework\\src\\Illuminate\\Routing\\Router.php(786): Illuminate\\Routing\\Router->runRouteWithinStack(Object(Illuminate\\Routing\\Route), Object(Illuminate\\Http\\Request))
#25 C:\\Users\\Dalia\\OneDrive\\Desktop\\WorkSpace\\pulardapontenaquinta\\rotasdeteste\\vendor\\laravel\\framework\\src\\Illuminate\\Routing\\Router.php(750): Illuminate\\Routing\\Router->runRoute(Object(Illuminate\\Http\\Request), Object(Illuminate\\Routing\\Route))
#26 C:\\Users\\Dalia\\OneDrive\\Desktop\\WorkSpace\\pulardapontenaquinta\\rotasdeteste\\vendor\\laravel\\framework\\src\\Illuminate\\Routing\\Router.php(739): Illuminate\\Routing\\Router->dispatchToRoute(Object(Illuminate\\Http\\Request))
#27 C:\\Users\\Dalia\\OneDrive\\Desktop\\WorkSpace\\pulardapontenaquinta\\rotasdeteste\\vendor\\laravel\\framework\\src\\Illuminate\\Foundation\\Http\\Kernel.php(200): Illuminate\\Routing\\Router->dispatch(Object(Illuminate\\Http\\Request))
#28 C:\\Users\\Dalia\\OneDrive\\Desktop\\WorkSpace\\pulardapontenaquinta\\rotasdeteste\\vendor\\laravel\\framework\\src\\Illuminate\\Pipeline\\Pipeline.php(169): Illuminate\\Foundation\\Http\\Kernel->Illuminate\\Foundation\\Http\\{closure}(Object(Illuminate\\Http\\Request))
#29 C:\\Users\\Dalia\\OneDrive\\Desktop\\WorkSpace\\pulardapontenaquinta\\rotasdeteste\\vendor\\laravel\\framework\\src\\Illuminate\\Foundation\\Http\\Middleware\\TransformsRequest.php(21): Illuminate\\Pipeline\\Pipeline->Illuminate\\Pipeline\\{closure}(Object(Illuminate\\Http\\Request))
#30 C:\\Users\\Dalia\\OneDrive\\Desktop\\WorkSpace\\pulardapontenaquinta\\rotasdeteste\\vendor\\laravel\\framework\\src\\Illuminate\\Foundation\\Http\\Middleware\\ConvertEmptyStringsToNull.php(31): Illuminate\\Foundation\\Http\\Middleware\\TransformsRequest->handle(Object(Illuminate\\Http\\Request), Object(Closure))
#31 C:\\Users\\Dalia\\OneDrive\\Desktop\\WorkSpace\\pulardapontenaquinta\\rotasdeteste\\vendor\\laravel\\framework\\src\\Illuminate\\Pipeline\\Pipeline.php(208): Illuminate\\Foundation\\Http\\Middleware\\ConvertEmptyStringsToNull->handle(Object(Illuminate\\Http\\Request), Object(Closure))
#32 C:\\Users\\Dalia\\OneDrive\\Desktop\\WorkSpace\\pulardapontenaquinta\\rotasdeteste\\vendor\\laravel\\framework\\src\\Illuminate\\Foundation\\Http\\Middleware\\TransformsRequest.php(21): Illuminate\\Pipeline\\Pipeline->Illuminate\\Pipeline\\{closure}(Object(Illuminate\\Http\\Request))
#33 C:\\Users\\Dalia\\OneDrive\\Desktop\\WorkSpace\\pulardapontenaquinta\\rotasdeteste\\vendor\\laravel\\framework\\src\\Illuminate\\Foundation\\Http\\Middleware\\TrimStrings.php(51): Illuminate\\Foundation\\Http\\Middleware\\TransformsRequest->handle(Object(Illuminate\\Http\\Request), Object(Closure))
#34 C:\\Users\\Dalia\\OneDrive\\Desktop\\WorkSpace\\pulardapontenaquinta\\rotasdeteste\\vendor\\laravel\\framework\\src\\Illuminate\\Pipeline\\Pipeline.php(208): Illuminate\\Foundation\\Http\\Middleware\\TrimStrings->handle(Object(Illuminate\\Http\\Request), Object(Closure))
#35 C:\\Users\\Dalia\\OneDrive\\Desktop\\WorkSpace\\pulardapontenaquinta\\rotasdeteste\\vendor\\laravel\\framework\\src\\Illuminate\\Http\\Middleware\\ValidatePostSize.php(27): Illuminate\\Pipeline\\Pipeline->Illuminate\\Pipeline\\{closure}(Object(Illuminate\\Http\\Request))
#36 C:\\Users\\Dalia\\OneDrive\\Desktop\\WorkSpace\\pulardapontenaquinta\\rotasdeteste\\vendor\\laravel\\framework\\src\\Illuminate\\Pipeline\\Pipeline.php(208): Illuminate\\Http\\Middleware\\ValidatePostSize->handle(Object(Illuminate\\Http\\Request), Object(Closure))
#37 C:\\Users\\Dalia\\OneDrive\\Desktop\\WorkSpace\\pulardapontenaquinta\\rotasdeteste\\vendor\\laravel\\framework\\src\\Illuminate\\Foundation\\Http\\Middleware\\PreventRequestsDuringMaintenance.php(109): Illuminate\\Pipeline\\Pipeline->Illuminate\\Pipeline\\{closure}(Object(Illuminate\\Http\\Request))
#38 C:\\Users\\Dalia\\OneDrive\\Desktop\\WorkSpace\\pulardapontenaquinta\\rotasdeteste\\vendor\\laravel\\framework\\src\\Illuminate\\Pipeline\\Pipeline.php(208): Illuminate\\Foundation\\Http\\Middleware\\PreventRequestsDuringMaintenance->handle(Object(Illuminate\\Http\\Request), Object(Closure))
#39 C:\\Users\\Dalia\\OneDrive\\Desktop\\WorkSpace\\pulardapontenaquinta\\rotasdeteste\\vendor\\laravel\\framework\\src\\Illuminate\\Http\\Middleware\\HandleCors.php(61): Illuminate\\Pipeline\\Pipeline->Illuminate\\Pipeline\\{closure}(Object(Illuminate\\Http\\Request))
#40 C:\\Users\\Dalia\\OneDrive\\Desktop\\WorkSpace\\pulardapontenaquinta\\rotasdeteste\\vendor\\laravel\\framework\\src\\Illuminate\\Pipeline\\Pipeline.php(208): Illuminate\\Http\\Middleware\\HandleCors->handle(Object(Illuminate\\Http\\Request), Object(Closure))
#41 C:\\Users\\Dalia\\OneDrive\\Desktop\\WorkSpace\\pulardapontenaquinta\\rotasdeteste\\vendor\\laravel\\framework\\src\\Illuminate\\Http\\Middleware\\TrustProxies.php(58): Illuminate\\Pipeline\\Pipeline->Illuminate\\Pipeline\\{closure}(Object(Illuminate\\Http\\Request))
#42 C:\\Users\\Dalia\\OneDrive\\Desktop\\WorkSpace\\pulardapontenaquinta\\rotasdeteste\\vendor\\laravel\\framework\\src\\Illuminate\\Pipeline\\Pipeline.php(208): Illuminate\\Http\\Middleware\\TrustProxies->handle(Object(Illuminate\\Http\\Request), Object(Closure))
#43 C:\\Users\\Dalia\\OneDrive\\Desktop\\WorkSpace\\pulardapontenaquinta\\rotasdeteste\\vendor\\laravel\\framework\\src\\Illuminate\\Foundation\\Http\\Middleware\\InvokeDeferredCallbacks.php(22): Illuminate\\Pipeline\\Pipeline->Illuminate\\Pipeline\\{closure}(Object(Illuminate\\Http\\Request))
#44 C:\\Users\\Dalia\\OneDrive\\Desktop\\WorkSpace\\pulardapontenaquinta\\rotasdeteste\\vendor\\laravel\\framework\\src\\Illuminate\\Pipeline\\Pipeline.php(208): Illuminate\\Foundation\\Http\\Middleware\\InvokeDeferredCallbacks->handle(Object(Illuminate\\Http\\Request), Object(Closure))
#45 C:\\Users\\Dalia\\OneDrive\\Desktop\\WorkSpace\\pulardapontenaquinta\\rotasdeteste\\vendor\\laravel\\framework\\src\\Illuminate\\Http\\Middleware\\ValidatePathEncoding.php(26): Illuminate\\Pipeline\\Pipeline->Illuminate\\Pipeline\\{closure}(Object(Illuminate\\Http\\Request))
#46 C:\\Users\\Dalia\\OneDrive\\Desktop\\WorkSpace\\pulardapontenaquinta\\rotasdeteste\\vendor\\laravel\\framework\\src\\Illuminate\\Pipeline\\Pipeline.php(208): Illuminate\\Http\\Middleware\\ValidatePathEncoding->handle(Object(Illuminate\\Http\\Request), Object(Closure))
#47 C:\\Users\\Dalia\\OneDrive\\Desktop\\WorkSpace\\pulardapontenaquinta\\rotasdeteste\\vendor\\laravel\\framework\\src\\Illuminate\\Pipeline\\Pipeline.php(126): Illuminate\\Pipeline\\Pipeline->Illuminate\\Pipeline\\{closure}(Object(Illuminate\\Http\\Request))
#48 C:\\Users\\Dalia\\OneDrive\\Desktop\\WorkSpace\\pulardapontenaquinta\\rotasdeteste\\vendor\\laravel\\framework\\src\\Illuminate\\Foundation\\Http\\Kernel.php(175): Illuminate\\Pipeline\\Pipeline->then(Object(Closure))
#49 C:\\Users\\Dalia\\OneDrive\\Desktop\\WorkSpace\\pulardapontenaquinta\\rotasdeteste\\vendor\\laravel\\framework\\src\\Illuminate\\Foundation\\Http\\Kernel.php(144): Illuminate\\Foundation\\Http\\Kernel->sendRequestThroughRouter(Object(Illuminate\\Http\\Request))
#50 C:\\Users\\Dalia\\OneDrive\\Desktop\\WorkSpace\\pulardapontenaquinta\\rotasdeteste\\vendor\\laravel\\framework\\src\\Illuminate\\Foundation\\Application.php(1219): Illuminate\\Foundation\\Http\\Kernel->handle(Object(Illuminate\\Http\\Request))
#51 C:\\Users\\Dalia\\OneDrive\\Desktop\\WorkSpace\\pulardapontenaquinta\\rotasdeteste\\public\\index.php(20): Illuminate\\Foundation\\Application->handleRequest(Object(Illuminate\\Http\\Request))
#52 C:\\Users\\Dalia\\OneDrive\\Desktop\\WorkSpace\\pulardapontenaquinta\\rotasdeteste\\vendor\\laravel\\framework\\src\\Illuminate\\Foundation\\resources\\server.php(23): require_once('C:\\\\Users\\\\Dalia\\\\...')
#53 {main}

[previous exception] [object] (PDOException(code: HY000): SQLSTATE[HY000]: General error: 1364 Field 'endereco_instituicao' doesn't have a default value at C:\\Users\\Dalia\\OneDrive\\Desktop\\WorkSpace\\pulardapontenaquinta\\rotasdeteste\\vendor\\laravel\\framework\\src\\Illuminate\\Database\\MySqlConnection.php:53)
[stacktrace]
#0 C:\\Users\\Dalia\\OneDrive\\Desktop\\WorkSpace\\pulardapontenaquinta\\rotasdeteste\\vendor\\laravel\\framework\\src\\Illuminate\\Database\\MySqlConnection.php(53): PDOStatement->execute()
#1 C:\\Users\\Dalia\\OneDrive\\Desktop\\WorkSpace\\pulardapontenaquinta\\rotasdeteste\\vendor\\laravel\\framework\\src\\Illuminate\\Database\\Connection.php(809): Illuminate\\Database\\MySqlConnection->Illuminate\\Database\\{closure}('insert into `in...', Array)
#2 C:\\Users\\Dalia\\OneDrive\\Desktop\\WorkSpace\\pulardapontenaquinta\\rotasdeteste\\vendor\\laravel\\framework\\src\\Illuminate\\Database\\Connection.php(776): Illuminate\\Database\\Connection->runQueryCallback('insert into `in...', Array, Object(Closure))
#3 C:\\Users\\Dalia\\OneDrive\\Desktop\\WorkSpace\\pulardapontenaquinta\\rotasdeteste\\vendor\\laravel\\framework\\src\\Illuminate\\Database\\MySqlConnection.php(42): Illuminate\\Database\\Connection->run('insert into `in...', Array, Object(Closure))
#4 C:\\Users\\Dalia\\OneDrive\\Desktop\\WorkSpace\\pulardapontenaquinta\\rotasdeteste\\vendor\\laravel\\framework\\src\\Illuminate\\Database\\Query\\Processors\\MySqlProcessor.php(35): Illuminate\\Database\\MySqlConnection->insert('insert into `in...', Array, 'id')
#5 C:\\Users\\Dalia\\OneDrive\\Desktop\\WorkSpace\\pulardapontenaquinta\\rotasdeteste\\vendor\\laravel\\framework\\src\\Illuminate\\Database\\Query\\Builder.php(3769): Illuminate\\Database\\Query\\Processors\\MySqlProcessor->processInsertGetId(Object(Illuminate\\Database\\Query\\Builder), 'insert into `in...', Array, 'id')
#6 C:\\Users\\Dalia\\OneDrive\\Desktop\\WorkSpace\\pulardapontenaquinta\\rotasdeteste\\vendor\\laravel\\framework\\src\\Illuminate\\Database\\Eloquent\\Builder.php(2143): Illuminate\\Database\\Query\\Builder->insertGetId(Array, 'id')
#7 C:\\Users\\Dalia\\OneDrive\\Desktop\\WorkSpace\\pulardapontenaquinta\\rotasdeteste\\vendor\\laravel\\framework\\src\\Illuminate\\Database\\Eloquent\\Model.php(1361): Illuminate\\Database\\Eloquent\\Builder->__call('insertGetId', Array)
#8 C:\\Users\\Dalia\\OneDrive\\Desktop\\WorkSpace\\pulardapontenaquinta\\rotasdeteste\\vendor\\laravel\\framework\\src\\Illuminate\\Database\\Eloquent\\Model.php(1326): Illuminate\\Database\\Eloquent\\Model->insertAndSetId(Object(Illuminate\\Database\\Eloquent\\Builder), Array)
#9 C:\\Users\\Dalia\\OneDrive\\Desktop\\WorkSpace\\pulardapontenaquinta\\rotasdeteste\\vendor\\laravel\\framework\\src\\Illuminate\\Database\\Eloquent\\Model.php(1165): Illuminate\\Database\\Eloquent\\Model->performInsert(Object(Illuminate\\Database\\Eloquent\\Builder))
#10 C:\\Users\\Dalia\\OneDrive\\Desktop\\WorkSpace\\pulardapontenaquinta\\rotasdeteste\\vendor\\laravel\\framework\\src\\Illuminate\\Database\\Eloquent\\Builder.php(1127): Illuminate\\Database\\Eloquent\\Model->save()
#11 C:\\Users\\Dalia\\OneDrive\\Desktop\\WorkSpace\\pulardapontenaquinta\\rotasdeteste\\vendor\\laravel\\framework\\src\\Illuminate\\Support\\helpers.php(399): Illuminate\\Database\\Eloquent\\Builder->Illuminate\\Database\\Eloquent\\{closure}(Object(App\\Models\\Instituicoes))
#12 C:\\Users\\Dalia\\OneDrive\\Desktop\\WorkSpace\\pulardapontenaquinta\\rotasdeteste\\vendor\\laravel\\framework\\src\\Illuminate\\Database\\Eloquent\\Builder.php(1126): tap(Object(App\\Models\\Instituicoes), Object(Closure))
#13 C:\\Users\\Dalia\\OneDrive\\Desktop\\WorkSpace\\pulardapontenaquinta\\rotasdeteste\\vendor\\laravel\\framework\\src\\Illuminate\\Support\\Traits\\ForwardsCalls.php(23): Illuminate\\Database\\Eloquent\\Builder->create(Array)
#14 C:\\Users\\Dalia\\OneDrive\\Desktop\\WorkSpace\\pulardapontenaquinta\\rotasdeteste\\vendor\\laravel\\framework\\src\\Illuminate\\Database\\Eloquent\\Model.php(2392): Illuminate\\Database\\Eloquent\\Model->forwardCallTo(Object(Illuminate\\Database\\Eloquent\\Builder), 'create', Array)
#15 C:\\Users\\Dalia\\OneDrive\\Desktop\\WorkSpace\\pulardapontenaquinta\\rotasdeteste\\vendor\\laravel\\framework\\src\\Illuminate\\Database\\Eloquent\\Model.php(2408): Illuminate\\Database\\Eloquent\\Model->__call('create', Array)
#16 C:\\Users\\Dalia\\OneDrive\\Desktop\\WorkSpace\\pulardapontenaquinta\\rotasdeteste\\app\\Http\\Controllers\\InstituicoesController.php(46): Illuminate\\Database\\Eloquent\\Model::__callStatic('create', Array)
#17 C:\\Users\\Dalia\\OneDrive\\Desktop\\WorkSpace\\pulardapontenaquinta\\rotasdeteste\\vendor\\laravel\\framework\\src\\Illuminate\\Routing\\ControllerDispatcher.php(46): App\\Http\\Controllers\\InstituicoesController->store(Object(Illuminate\\Http\\Request))
#18 C:\\Users\\Dalia\\OneDrive\\Desktop\\WorkSpace\\pulardapontenaquinta\\rotasdeteste\\vendor\\laravel\\framework\\src\\Illuminate\\Routing\\Route.php(265): Illuminate\\Routing\\ControllerDispatcher->dispatch(Object(Illuminate\\Routing\\Route), Object(App\\Http\\Controllers\\InstituicoesController), 'store')
#19 C:\\Users\\Dalia\\OneDrive\\Desktop\\WorkSpace\\pulardapontenaquinta\\rotasdeteste\\vendor\\laravel\\framework\\src\\Illuminate\\Routing\\Route.php(211): Illuminate\\Routing\\Route->runController()
#20 C:\\Users\\Dalia\\OneDrive\\Desktop\\WorkSpace\\pulardapontenaquinta\\rotasdeteste\\vendor\\laravel\\framework\\src\\Illuminate\\Routing\\Router.php(808): Illuminate\\Routing\\Route->run()
#21 C:\\Users\\Dalia\\OneDrive\\Desktop\\WorkSpace\\pulardapontenaquinta\\rotasdeteste\\vendor\\laravel\\framework\\src\\Illuminate\\Pipeline\\Pipeline.php(169): Illuminate\\Routing\\Router->Illuminate\\Routing\\{closure}(Object(Illuminate\\Http\\Request))
#22 C:\\Users\\Dalia\\OneDrive\\Desktop\\WorkSpace\\pulardapontenaquinta\\rotasdeteste\\vendor\\laravel\\framework\\src\\Illuminate\\Routing\\Middleware\\SubstituteBindings.php(50): Illuminate\\Pipeline\\Pipeline->Illuminate\\Pipeline\\{closure}(Object(Illuminate\\Http\\Request))
#23 C:\\Users\\Dalia\\OneDrive\\Desktop\\WorkSpace\\pulardapontenaquinta\\rotasdeteste\\vendor\\laravel\\framework\\src\\Illuminate\\Pipeline\\Pipeline.php(208): Illuminate\\Routing\\Middleware\\SubstituteBindings->handle(Object(Illuminate\\Http\\Request), Object(Closure))
#24 C:\\Users\\Dalia\\OneDrive\\Desktop\\WorkSpace\\pulardapontenaquinta\\rotasdeteste\\vendor\\laravel\\framework\\src\\Illuminate\\Pipeline\\Pipeline.php(126): Illuminate\\Pipeline\\Pipeline->Illuminate\\Pipeline\\{closure}(Object(Illuminate\\Http\\Request))
#25 C:\\Users\\Dalia\\OneDrive\\Desktop\\WorkSpace\\pulardapontenaquinta\\rotasdeteste\\vendor\\laravel\\framework\\src\\Illuminate\\Routing\\Router.php(807): Illuminate\\Pipeline\\Pipeline->then(Object(Closure))
#26 C:\\Users\\Dalia\\OneDrive\\Desktop\\WorkSpace\\pulardapontenaquinta\\rotasdeteste\\vendor\\laravel\\framework\\src\\Illuminate\\Routing\\Router.php(786): Illuminate\\Routing\\Router->runRouteWithinStack(Object(Illuminate\\Routing\\Route), Object(Illuminate\\Http\\Request))
#27 C:\\Users\\Dalia\\OneDrive\\Desktop\\WorkSpace\\pulardapontenaquinta\\rotasdeteste\\vendor\\laravel\\framework\\src\\Illuminate\\Routing\\Router.php(750): Illuminate\\Routing\\Router->runRoute(Object(Illuminate\\Http\\Request), Object(Illuminate\\Routing\\Route))
#28 C:\\Users\\Dalia\\OneDrive\\Desktop\\WorkSpace\\pulardapontenaquinta\\rotasdeteste\\vendor\\laravel\\framework\\src\\Illuminate\\Routing\\Router.php(739): Illuminate\\Routing\\Router->dispatchToRoute(Object(Illuminate\\Http\\Request))
#29 C:\\Users\\Dalia\\OneDrive\\Desktop\\WorkSpace\\pulardapontenaquinta\\rotasdeteste\\vendor\\laravel\\framework\\src\\Illuminate\\Foundation\\Http\\Kernel.php(200): Illuminate\\Routing\\Router->dispatch(Object(Illuminate\\Http\\Request))
#30 C:\\Users\\Dalia\\OneDrive\\Desktop\\WorkSpace\\pulardapontenaquinta\\rotasdeteste\\vendor\\laravel\\framework\\src\\Illuminate\\Pipeline\\Pipeline.php(169): Illuminate\\Foundation\\Http\\Kernel->Illuminate\\Foundation\\Http\\{closure}(Object(Illuminate\\Http\\Request))
#31 C:\\Users\\Dalia\\OneDrive\\Desktop\\WorkSpace\\pulardapontenaquinta\\rotasdeteste\\vendor\\laravel\\framework\\src\\Illuminate\\Foundation\\Http\\Middleware\\TransformsRequest.php(21): Illuminate\\Pipeline\\Pipeline->Illuminate\\Pipeline\\{closure}(Object(Illuminate\\Http\\Request))
#32 C:\\Users\\Dalia\\OneDrive\\Desktop\\WorkSpace\\pulardapontenaquinta\\rotasdeteste\\vendor\\laravel\\framework\\src\\Illuminate\\Foundation\\Http\\Middleware\\ConvertEmptyStringsToNull.php(31): Illuminate\\Foundation\\Http\\Middleware\\TransformsRequest->handle(Object(Illuminate\\Http\\Request), Object(Closure))
#33 C:\\Users\\Dalia\\OneDrive\\Desktop\\WorkSpace\\pulardapontenaquinta\\rotasdeteste\\vendor\\laravel\\framework\\src\\Illuminate\\Pipeline\\Pipeline.php(208): Illuminate\\Foundation\\Http\\Middleware\\ConvertEmptyStringsToNull->handle(Object(Illuminate\\Http\\Request), Object(Closure))
#34 C:\\Users\\Dalia\\OneDrive\\Desktop\\WorkSpace\\pulardapontenaquinta\\rotasdeteste\\vendor\\laravel\\framework\\src\\Illuminate\\Foundation\\Http\\Middleware\\TransformsRequest.php(21): Illuminate\\Pipeline\\Pipeline->Illuminate\\Pipeline\\{closure}(Object(Illuminate\\Http\\Request))
#35 C:\\Users\\Dalia\\OneDrive\\Desktop\\WorkSpace\\pulardapontenaquinta\\rotasdeteste\\vendor\\laravel\\framework\\src\\Illuminate\\Foundation\\Http\\Middleware\\TrimStrings.php(51): Illuminate\\Foundation\\Http\\Middleware\\TransformsRequest->handle(Object(Illuminate\\Http\\Request), Object(Closure))
#36 C:\\Users\\Dalia\\OneDrive\\Desktop\\WorkSpace\\pulardapontenaquinta\\rotasdeteste\\vendor\\laravel\\framework\\src\\Illuminate\\Pipeline\\Pipeline.php(208): Illuminate\\Foundation\\Http\\Middleware\\TrimStrings->handle(Object(Illuminate\\Http\\Request), Object(Closure))
#37 C:\\Users\\Dalia\\OneDrive\\Desktop\\WorkSpace\\pulardapontenaquinta\\rotasdeteste\\vendor\\laravel\\framework\\src\\Illuminate\\Http\\Middleware\\ValidatePostSize.php(27): Illuminate\\Pipeline\\Pipeline->Illuminate\\Pipeline\\{closure}(Object(Illuminate\\Http\\Request))
#38 C:\\Users\\Dalia\\OneDrive\\Desktop\\WorkSpace\\pulardapontenaquinta\\rotasdeteste\\vendor\\laravel\\framework\\src\\Illuminate\\Pipeline\\Pipeline.php(208): Illuminate\\Http\\Middleware\\ValidatePostSize->handle(Object(Illuminate\\Http\\Request), Object(Closure))
#39 C:\\Users\\Dalia\\OneDrive\\Desktop\\WorkSpace\\pulardapontenaquinta\\rotasdeteste\\vendor\\laravel\\framework\\src\\Illuminate\\Foundation\\Http\\Middleware\\PreventRequestsDuringMaintenance.php(109): Illuminate\\Pipeline\\Pipeline->Illuminate\\Pipeline\\{closure}(Object(Illuminate\\Http\\Request))
#40 C:\\Users\\Dalia\\OneDrive\\Desktop\\WorkSpace\\pulardapontenaquinta\\rotasdeteste\\vendor\\laravel\\framework\\src\\Illuminate\\Pipeline\\Pipeline.php(208): Illuminate\\Foundation\\Http\\Middleware\\PreventRequestsDuringMaintenance->handle(Object(Illuminate\\Http\\Request), Object(Closure))
#41 C:\\Users\\Dalia\\OneDrive\\Desktop\\WorkSpace\\pulardapontenaquinta\\rotasdeteste\\vendor\\laravel\\framework\\src\\Illuminate\\Http\\Middleware\\HandleCors.php(61): Illuminate\\Pipeline\\Pipeline->Illuminate\\Pipeline\\{closure}(Object(Illuminate\\Http\\Request))
#42 C:\\Users\\Dalia\\OneDrive\\Desktop\\WorkSpace\\pulardapontenaquinta\\rotasdeteste\\vendor\\laravel\\framework\\src\\Illuminate\\Pipeline\\Pipeline.php(208): Illuminate\\Http\\Middleware\\HandleCors->handle(Object(Illuminate\\Http\\Request), Object(Closure))
#43 C:\\Users\\Dalia\\OneDrive\\Desktop\\WorkSpace\\pulardapontenaquinta\\rotasdeteste\\vendor\\laravel\\framework\\src\\Illuminate\\Http\\Middleware\\TrustProxies.php(58): Illuminate\\Pipeline\\Pipeline->Illuminate\\Pipeline\\{closure}(Object(Illuminate\\Http\\Request))
#44 C:\\Users\\Dalia\\OneDrive\\Desktop\\WorkSpace\\pulardapontenaquinta\\rotasdeteste\\vendor\\laravel\\framework\\src\\Illuminate\\Pipeline\\Pipeline.php(208): Illuminate\\Http\\Middleware\\TrustProxies->handle(Object(Illuminate\\Http\\Request), Object(Closure))
#45 C:\\Users\\Dalia\\OneDrive\\Desktop\\WorkSpace\\pulardapontenaquinta\\rotasdeteste\\vendor\\laravel\\framework\\src\\Illuminate\\Foundation\\Http\\Middleware\\InvokeDeferredCallbacks.php(22): Illuminate\\Pipeline\\Pipeline->Illuminate\\Pipeline\\{closure}(Object(Illuminate\\Http\\Request))
#46 C:\\Users\\Dalia\\OneDrive\\Desktop\\WorkSpace\\pulardapontenaquinta\\rotasdeteste\\vendor\\laravel\\framework\\src\\Illuminate\\Pipeline\\Pipeline.php(208): Illuminate\\Foundation\\Http\\Middleware\\InvokeDeferredCallbacks->handle(Object(Illuminate\\Http\\Request), Object(Closure))
#47 C:\\Users\\Dalia\\OneDrive\\Desktop\\WorkSpace\\pulardapontenaquinta\\rotasdeteste\\vendor\\laravel\\framework\\src\\Illuminate\\Http\\Middleware\\ValidatePathEncoding.php(26): Illuminate\\Pipeline\\Pipeline->Illuminate\\Pipeline\\{closure}(Object(Illuminate\\Http\\Request))
#48 C:\\Users\\Dalia\\OneDrive\\Desktop\\WorkSpace\\pulardapontenaquinta\\rotasdeteste\\vendor\\laravel\\framework\\src\\Illuminate\\Pipeline\\Pipeline.php(208): Illuminate\\Http\\Middleware\\ValidatePathEncoding->handle(Object(Illuminate\\Http\\Request), Object(Closure))
#49 C:\\Users\\Dalia\\OneDrive\\Desktop\\WorkSpace\\pulardapontenaquinta\\rotasdeteste\\vendor\\laravel\\framework\\src\\Illuminate\\Pipeline\\Pipeline.php(126): Illuminate\\Pipeline\\Pipeline->Illuminate\\Pipeline\\{closure}(Object(Illuminate\\Http\\Request))
#50 C:\\Users\\Dalia\\OneDrive\\Desktop\\WorkSpace\\pulardapontenaquinta\\rotasdeteste\\vendor\\laravel\\framework\\src\\Illuminate\\Foundation\\Http\\Kernel.php(175): Illuminate\\Pipeline\\Pipeline->then(Object(Closure))
#51 C:\\Users\\Dalia\\OneDrive\\Desktop\\WorkSpace\\pulardapontenaquinta\\rotasdeteste\\vendor\\laravel\\framework\\src\\Illuminate\\Foundation\\Http\\Kernel.php(144): Illuminate\\Foundation\\Http\\Kernel->sendRequestThroughRouter(Object(Illuminate\\Http\\Request))
#52 C:\\Users\\Dalia\\OneDrive\\Desktop\\WorkSpace\\pulardapontenaquinta\\rotasdeteste\\vendor\\laravel\\framework\\src\\Illuminate\\Foundation\\Application.php(1219): Illuminate\\Foundation\\Http\\Kernel->handle(Object(Illuminate\\Http\\Request))
#53 C:\\Users\\Dalia\\OneDrive\\Desktop\\WorkSpace\\pulardapontenaquinta\\rotasdeteste\\public\\index.php(20): Illuminate\\Foundation\\Application->handleRequest(Object(Illuminate\\Http\\Request))
#54 C:\\Users\\Dalia\\OneDrive\\Desktop\\WorkSpace\\pulardapontenaquinta\\rotasdeteste\\vendor\\laravel\\framework\\src\\Illuminate\\Foundation\\resources\\server.php(23): require_once('C:\\\\Users\\\\Dalia\\\\...')
#55 {main}
"} 
[2025-04-18 01:40:28] local.ERROR: SQLSTATE[HY000]: General error: 1364 Field 'endereco_instituicao' doesn't have a default value (Connection: mysql, SQL: insert into `instituicoes` (`nm_instituicao`, `email_instituicao`, `senha`, `descricao`, `telefone`, `updated_at`, `created_at`) values (acvaca, adfefcve@, 12345, cacwcacw, 12455245, 2025-04-18 01:40:28, 2025-04-18 01:40:28)) {"exception":"[object] (Illuminate\\Database\\QueryException(code: HY000): SQLSTATE[HY000]: General error: 1364 Field 'endereco_instituicao' doesn't have a default value (Connection: mysql, SQL: insert into `instituicoes` (`nm_instituicao`, `email_instituicao`, `senha`, `descricao`, `telefone`, `updated_at`, `created_at`) values (acvaca, adfefcve@, 12345, cacwcacw, 12455245, 2025-04-18 01:40:28, 2025-04-18 01:40:28)) at C:\\Users\\Dalia\\OneDrive\\Desktop\\WorkSpace\\pulardapontenaquinta\\rotasdeteste\\vendor\\laravel\\framework\\src\\Illuminate\\Database\\Connection.php:822)
[stacktrace]
#0 C:\\Users\\Dalia\\OneDrive\\Desktop\\WorkSpace\\pulardapontenaquinta\\rotasdeteste\\vendor\\laravel\\framework\\src\\Illuminate\\Database\\Connection.php(776): Illuminate\\Database\\Connection->runQueryCallback('insert into `in...', Array, Object(Closure))
#1 C:\\Users\\Dalia\\OneDrive\\Desktop\\WorkSpace\\pulardapontenaquinta\\rotasdeteste\\vendor\\laravel\\framework\\src\\Illuminate\\Database\\MySqlConnection.php(42): Illuminate\\Database\\Connection->run('insert into `in...', Array, Object(Closure))
#2 C:\\Users\\Dalia\\OneDrive\\Desktop\\WorkSpace\\pulardapontenaquinta\\rotasdeteste\\vendor\\laravel\\framework\\src\\Illuminate\\Database\\Query\\Processors\\MySqlProcessor.php(35): Illuminate\\Database\\MySqlConnection->insert('insert into `in...', Array, 'id')
#3 C:\\Users\\Dalia\\OneDrive\\Desktop\\WorkSpace\\pulardapontenaquinta\\rotasdeteste\\vendor\\laravel\\framework\\src\\Illuminate\\Database\\Query\\Builder.php(3769): Illuminate\\Database\\Query\\Processors\\MySqlProcessor->processInsertGetId(Object(Illuminate\\Database\\Query\\Builder), 'insert into `in...', Array, 'id')
#4 C:\\Users\\Dalia\\OneDrive\\Desktop\\WorkSpace\\pulardapontenaquinta\\rotasdeteste\\vendor\\laravel\\framework\\src\\Illuminate\\Database\\Eloquent\\Builder.php(2143): Illuminate\\Database\\Query\\Builder->insertGetId(Array, 'id')
#5 C:\\Users\\Dalia\\OneDrive\\Desktop\\WorkSpace\\pulardapontenaquinta\\rotasdeteste\\vendor\\laravel\\framework\\src\\Illuminate\\Database\\Eloquent\\Model.php(1361): Illuminate\\Database\\Eloquent\\Builder->__call('insertGetId', Array)
#6 C:\\Users\\Dalia\\OneDrive\\Desktop\\WorkSpace\\pulardapontenaquinta\\rotasdeteste\\vendor\\laravel\\framework\\src\\Illuminate\\Database\\Eloquent\\Model.php(1326): Illuminate\\Database\\Eloquent\\Model->insertAndSetId(Object(Illuminate\\Database\\Eloquent\\Builder), Array)
#7 C:\\Users\\Dalia\\OneDrive\\Desktop\\WorkSpace\\pulardapontenaquinta\\rotasdeteste\\vendor\\laravel\\framework\\src\\Illuminate\\Database\\Eloquent\\Model.php(1165): Illuminate\\Database\\Eloquent\\Model->performInsert(Object(Illuminate\\Database\\Eloquent\\Builder))
#8 C:\\Users\\Dalia\\OneDrive\\Desktop\\WorkSpace\\pulardapontenaquinta\\rotasdeteste\\vendor\\laravel\\framework\\src\\Illuminate\\Database\\Eloquent\\Builder.php(1127): Illuminate\\Database\\Eloquent\\Model->save()
#9 C:\\Users\\Dalia\\OneDrive\\Desktop\\WorkSpace\\pulardapontenaquinta\\rotasdeteste\\vendor\\laravel\\framework\\src\\Illuminate\\Support\\helpers.php(399): Illuminate\\Database\\Eloquent\\Builder->Illuminate\\Database\\Eloquent\\{closure}(Object(App\\Models\\Instituicoes))
#10 C:\\Users\\Dalia\\OneDrive\\Desktop\\WorkSpace\\pulardapontenaquinta\\rotasdeteste\\vendor\\laravel\\framework\\src\\Illuminate\\Database\\Eloquent\\Builder.php(1126): tap(Object(App\\Models\\Instituicoes), Object(Closure))
#11 C:\\Users\\Dalia\\OneDrive\\Desktop\\WorkSpace\\pulardapontenaquinta\\rotasdeteste\\vendor\\laravel\\framework\\src\\Illuminate\\Support\\Traits\\ForwardsCalls.php(23): Illuminate\\Database\\Eloquent\\Builder->create(Array)
#12 C:\\Users\\Dalia\\OneDrive\\Desktop\\WorkSpace\\pulardapontenaquinta\\rotasdeteste\\vendor\\laravel\\framework\\src\\Illuminate\\Database\\Eloquent\\Model.php(2392): Illuminate\\Database\\Eloquent\\Model->forwardCallTo(Object(Illuminate\\Database\\Eloquent\\Builder), 'create', Array)
#13 C:\\Users\\Dalia\\OneDrive\\Desktop\\WorkSpace\\pulardapontenaquinta\\rotasdeteste\\vendor\\laravel\\framework\\src\\Illuminate\\Database\\Eloquent\\Model.php(2408): Illuminate\\Database\\Eloquent\\Model->__call('create', Array)
#14 C:\\Users\\Dalia\\OneDrive\\Desktop\\WorkSpace\\pulardapontenaquinta\\rotasdeteste\\app\\Http\\Controllers\\InstituicoesController.php(45): Illuminate\\Database\\Eloquent\\Model::__callStatic('create', Array)
#15 C:\\Users\\Dalia\\OneDrive\\Desktop\\WorkSpace\\pulardapontenaquinta\\rotasdeteste\\vendor\\laravel\\framework\\src\\Illuminate\\Routing\\ControllerDispatcher.php(46): App\\Http\\Controllers\\InstituicoesController->store(Object(Illuminate\\Http\\Request))
#16 C:\\Users\\Dalia\\OneDrive\\Desktop\\WorkSpace\\pulardapontenaquinta\\rotasdeteste\\vendor\\laravel\\framework\\src\\Illuminate\\Routing\\Route.php(265): Illuminate\\Routing\\ControllerDispatcher->dispatch(Object(Illuminate\\Routing\\Route), Object(App\\Http\\Controllers\\InstituicoesController), 'store')
#17 C:\\Users\\Dalia\\OneDrive\\Desktop\\WorkSpace\\pulardapontenaquinta\\rotasdeteste\\vendor\\laravel\\framework\\src\\Illuminate\\Routing\\Route.php(211): Illuminate\\Routing\\Route->runController()
#18 C:\\Users\\Dalia\\OneDrive\\Desktop\\WorkSpace\\pulardapontenaquinta\\rotasdeteste\\vendor\\laravel\\framework\\src\\Illuminate\\Routing\\Router.php(808): Illuminate\\Routing\\Route->run()
#19 C:\\Users\\Dalia\\OneDrive\\Desktop\\WorkSpace\\pulardapontenaquinta\\rotasdeteste\\vendor\\laravel\\framework\\src\\Illuminate\\Pipeline\\Pipeline.php(169): Illuminate\\Routing\\Router->Illuminate\\Routing\\{closure}(Object(Illuminate\\Http\\Request))
#20 C:\\Users\\Dalia\\OneDrive\\Desktop\\WorkSpace\\pulardapontenaquinta\\rotasdeteste\\vendor\\laravel\\framework\\src\\Illuminate\\Routing\\Middleware\\SubstituteBindings.php(50): Illuminate\\Pipeline\\Pipeline->Illuminate\\Pipeline\\{closure}(Object(Illuminate\\Http\\Request))
#21 C:\\Users\\Dalia\\OneDrive\\Desktop\\WorkSpace\\pulardapontenaquinta\\rotasdeteste\\vendor\\laravel\\framework\\src\\Illuminate\\Pipeline\\Pipeline.php(208): Illuminate\\Routing\\Middleware\\SubstituteBindings->handle(Object(Illuminate\\Http\\Request), Object(Closure))
#22 C:\\Users\\Dalia\\OneDrive\\Desktop\\WorkSpace\\pulardapontenaquinta\\rotasdeteste\\vendor\\laravel\\framework\\src\\Illuminate\\Pipeline\\Pipeline.php(126): Illuminate\\Pipeline\\Pipeline->Illuminate\\Pipeline\\{closure}(Object(Illuminate\\Http\\Request))
#23 C:\\Users\\Dalia\\OneDrive\\Desktop\\WorkSpace\\pulardapontenaquinta\\rotasdeteste\\vendor\\laravel\\framework\\src\\Illuminate\\Routing\\Router.php(807): Illuminate\\Pipeline\\Pipeline->then(Object(Closure))
#24 C:\\Users\\Dalia\\OneDrive\\Desktop\\WorkSpace\\pulardapontenaquinta\\rotasdeteste\\vendor\\laravel\\framework\\src\\Illuminate\\Routing\\Router.php(786): Illuminate\\Routing\\Router->runRouteWithinStack(Object(Illuminate\\Routing\\Route), Object(Illuminate\\Http\\Request))
#25 C:\\Users\\Dalia\\OneDrive\\Desktop\\WorkSpace\\pulardapontenaquinta\\rotasdeteste\\vendor\\laravel\\framework\\src\\Illuminate\\Routing\\Router.php(750): Illuminate\\Routing\\Router->runRoute(Object(Illuminate\\Http\\Request), Object(Illuminate\\Routing\\Route))
#26 C:\\Users\\Dalia\\OneDrive\\Desktop\\WorkSpace\\pulardapontenaquinta\\rotasdeteste\\vendor\\laravel\\framework\\src\\Illuminate\\Routing\\Router.php(739): Illuminate\\Routing\\Router->dispatchToRoute(Object(Illuminate\\Http\\Request))
#27 C:\\Users\\Dalia\\OneDrive\\Desktop\\WorkSpace\\pulardapontenaquinta\\rotasdeteste\\vendor\\laravel\\framework\\src\\Illuminate\\Foundation\\Http\\Kernel.php(200): Illuminate\\Routing\\Router->dispatch(Object(Illuminate\\Http\\Request))
#28 C:\\Users\\Dalia\\OneDrive\\Desktop\\WorkSpace\\pulardapontenaquinta\\rotasdeteste\\vendor\\laravel\\framework\\src\\Illuminate\\Pipeline\\Pipeline.php(169): Illuminate\\Foundation\\Http\\Kernel->Illuminate\\Foundation\\Http\\{closure}(Object(Illuminate\\Http\\Request))
#29 C:\\Users\\Dalia\\OneDrive\\Desktop\\WorkSpace\\pulardapontenaquinta\\rotasdeteste\\vendor\\laravel\\framework\\src\\Illuminate\\Foundation\\Http\\Middleware\\TransformsRequest.php(21): Illuminate\\Pipeline\\Pipeline->Illuminate\\Pipeline\\{closure}(Object(Illuminate\\Http\\Request))
#30 C:\\Users\\Dalia\\OneDrive\\Desktop\\WorkSpace\\pulardapontenaquinta\\rotasdeteste\\vendor\\laravel\\framework\\src\\Illuminate\\Foundation\\Http\\Middleware\\ConvertEmptyStringsToNull.php(31): Illuminate\\Foundation\\Http\\Middleware\\TransformsRequest->handle(Object(Illuminate\\Http\\Request), Object(Closure))
#31 C:\\Users\\Dalia\\OneDrive\\Desktop\\WorkSpace\\pulardapontenaquinta\\rotasdeteste\\vendor\\laravel\\framework\\src\\Illuminate\\Pipeline\\Pipeline.php(208): Illuminate\\Foundation\\Http\\Middleware\\ConvertEmptyStringsToNull->handle(Object(Illuminate\\Http\\Request), Object(Closure))
#32 C:\\Users\\Dalia\\OneDrive\\Desktop\\WorkSpace\\pulardapontenaquinta\\rotasdeteste\\vendor\\laravel\\framework\\src\\Illuminate\\Foundation\\Http\\Middleware\\TransformsRequest.php(21): Illuminate\\Pipeline\\Pipeline->Illuminate\\Pipeline\\{closure}(Object(Illuminate\\Http\\Request))
#33 C:\\Users\\Dalia\\OneDrive\\Desktop\\WorkSpace\\pulardapontenaquinta\\rotasdeteste\\vendor\\laravel\\framework\\src\\Illuminate\\Foundation\\Http\\Middleware\\TrimStrings.php(51): Illuminate\\Foundation\\Http\\Middleware\\TransformsRequest->handle(Object(Illuminate\\Http\\Request), Object(Closure))
#34 C:\\Users\\Dalia\\OneDrive\\Desktop\\WorkSpace\\pulardapontenaquinta\\rotasdeteste\\vendor\\laravel\\framework\\src\\Illuminate\\Pipeline\\Pipeline.php(208): Illuminate\\Foundation\\Http\\Middleware\\TrimStrings->handle(Object(Illuminate\\Http\\Request), Object(Closure))
#35 C:\\Users\\Dalia\\OneDrive\\Desktop\\WorkSpace\\pulardapontenaquinta\\rotasdeteste\\vendor\\laravel\\framework\\src\\Illuminate\\Http\\Middleware\\ValidatePostSize.php(27): Illuminate\\Pipeline\\Pipeline->Illuminate\\Pipeline\\{closure}(Object(Illuminate\\Http\\Request))
#36 C:\\Users\\Dalia\\OneDrive\\Desktop\\WorkSpace\\pulardapontenaquinta\\rotasdeteste\\vendor\\laravel\\framework\\src\\Illuminate\\Pipeline\\Pipeline.php(208): Illuminate\\Http\\Middleware\\ValidatePostSize->handle(Object(Illuminate\\Http\\Request), Object(Closure))
#37 C:\\Users\\Dalia\\OneDrive\\Desktop\\WorkSpace\\pulardapontenaquinta\\rotasdeteste\\vendor\\laravel\\framework\\src\\Illuminate\\Foundation\\Http\\Middleware\\PreventRequestsDuringMaintenance.php(109): Illuminate\\Pipeline\\Pipeline->Illuminate\\Pipeline\\{closure}(Object(Illuminate\\Http\\Request))
#38 C:\\Users\\Dalia\\OneDrive\\Desktop\\WorkSpace\\pulardapontenaquinta\\rotasdeteste\\vendor\\laravel\\framework\\src\\Illuminate\\Pipeline\\Pipeline.php(208): Illuminate\\Foundation\\Http\\Middleware\\PreventRequestsDuringMaintenance->handle(Object(Illuminate\\Http\\Request), Object(Closure))
#39 C:\\Users\\Dalia\\OneDrive\\Desktop\\WorkSpace\\pulardapontenaquinta\\rotasdeteste\\vendor\\laravel\\framework\\src\\Illuminate\\Http\\Middleware\\HandleCors.php(61): Illuminate\\Pipeline\\Pipeline->Illuminate\\Pipeline\\{closure}(Object(Illuminate\\Http\\Request))
#40 C:\\Users\\Dalia\\OneDrive\\Desktop\\WorkSpace\\pulardapontenaquinta\\rotasdeteste\\vendor\\laravel\\framework\\src\\Illuminate\\Pipeline\\Pipeline.php(208): Illuminate\\Http\\Middleware\\HandleCors->handle(Object(Illuminate\\Http\\Request), Object(Closure))
#41 C:\\Users\\Dalia\\OneDrive\\Desktop\\WorkSpace\\pulardapontenaquinta\\rotasdeteste\\vendor\\laravel\\framework\\src\\Illuminate\\Http\\Middleware\\TrustProxies.php(58): Illuminate\\Pipeline\\Pipeline->Illuminate\\Pipeline\\{closure}(Object(Illuminate\\Http\\Request))
#42 C:\\Users\\Dalia\\OneDrive\\Desktop\\WorkSpace\\pulardapontenaquinta\\rotasdeteste\\vendor\\laravel\\framework\\src\\Illuminate\\Pipeline\\Pipeline.php(208): Illuminate\\Http\\Middleware\\TrustProxies->handle(Object(Illuminate\\Http\\Request), Object(Closure))
#43 C:\\Users\\Dalia\\OneDrive\\Desktop\\WorkSpace\\pulardapontenaquinta\\rotasdeteste\\vendor\\laravel\\framework\\src\\Illuminate\\Foundation\\Http\\Middleware\\InvokeDeferredCallbacks.php(22): Illuminate\\Pipeline\\Pipeline->Illuminate\\Pipeline\\{closure}(Object(Illuminate\\Http\\Request))
#44 C:\\Users\\Dalia\\OneDrive\\Desktop\\WorkSpace\\pulardapontenaquinta\\rotasdeteste\\vendor\\laravel\\framework\\src\\Illuminate\\Pipeline\\Pipeline.php(208): Illuminate\\Foundation\\Http\\Middleware\\InvokeDeferredCallbacks->handle(Object(Illuminate\\Http\\Request), Object(Closure))
#45 C:\\Users\\Dalia\\OneDrive\\Desktop\\WorkSpace\\pulardapontenaquinta\\rotasdeteste\\vendor\\laravel\\framework\\src\\Illuminate\\Http\\Middleware\\ValidatePathEncoding.php(26): Illuminate\\Pipeline\\Pipeline->Illuminate\\Pipeline\\{closure}(Object(Illuminate\\Http\\Request))
#46 C:\\Users\\Dalia\\OneDrive\\Desktop\\WorkSpace\\pulardapontenaquinta\\rotasdeteste\\vendor\\laravel\\framework\\src\\Illuminate\\Pipeline\\Pipeline.php(208): Illuminate\\Http\\Middleware\\ValidatePathEncoding->handle(Object(Illuminate\\Http\\Request), Object(Closure))
#47 C:\\Users\\Dalia\\OneDrive\\Desktop\\WorkSpace\\pulardapontenaquinta\\rotasdeteste\\vendor\\laravel\\framework\\src\\Illuminate\\Pipeline\\Pipeline.php(126): Illuminate\\Pipeline\\Pipeline->Illuminate\\Pipeline\\{closure}(Object(Illuminate\\Http\\Request))
#48 C:\\Users\\Dalia\\OneDrive\\Desktop\\WorkSpace\\pulardapontenaquinta\\rotasdeteste\\vendor\\laravel\\framework\\src\\Illuminate\\Foundation\\Http\\Kernel.php(175): Illuminate\\Pipeline\\Pipeline->then(Object(Closure))
#49 C:\\Users\\Dalia\\OneDrive\\Desktop\\WorkSpace\\pulardapontenaquinta\\rotasdeteste\\vendor\\laravel\\framework\\src\\Illuminate\\Foundation\\Http\\Kernel.php(144): Illuminate\\Foundation\\Http\\Kernel->sendRequestThroughRouter(Object(Illuminate\\Http\\Request))
#50 C:\\Users\\Dalia\\OneDrive\\Desktop\\WorkSpace\\pulardapontenaquinta\\rotasdeteste\\vendor\\laravel\\framework\\src\\Illuminate\\Foundation\\Application.php(1219): Illuminate\\Foundation\\Http\\Kernel->handle(Object(Illuminate\\Http\\Request))
#51 C:\\Users\\Dalia\\OneDrive\\Desktop\\WorkSpace\\pulardapontenaquinta\\rotasdeteste\\public\\index.php(20): Illuminate\\Foundation\\Application->handleRequest(Object(Illuminate\\Http\\Request))
#52 C:\\Users\\Dalia\\OneDrive\\Desktop\\WorkSpace\\pulardapontenaquinta\\rotasdeteste\\vendor\\laravel\\framework\\src\\Illuminate\\Foundation\\resources\\server.php(23): require_once('C:\\\\Users\\\\Dalia\\\\...')
#53 {main}

[previous exception] [object] (PDOException(code: HY000): SQLSTATE[HY000]: General error: 1364 Field 'endereco_instituicao' doesn't have a default value at C:\\Users\\Dalia\\OneDrive\\Desktop\\WorkSpace\\pulardapontenaquinta\\rotasdeteste\\vendor\\laravel\\framework\\src\\Illuminate\\Database\\MySqlConnection.php:53)
[stacktrace]
#0 C:\\Users\\Dalia\\OneDrive\\Desktop\\WorkSpace\\pulardapontenaquinta\\rotasdeteste\\vendor\\laravel\\framework\\src\\Illuminate\\Database\\MySqlConnection.php(53): PDOStatement->execute()
#1 C:\\Users\\Dalia\\OneDrive\\Desktop\\WorkSpace\\pulardapontenaquinta\\rotasdeteste\\vendor\\laravel\\framework\\src\\Illuminate\\Database\\Connection.php(809): Illuminate\\Database\\MySqlConnection->Illuminate\\Database\\{closure}('insert into `in...', Array)
#2 C:\\Users\\Dalia\\OneDrive\\Desktop\\WorkSpace\\pulardapontenaquinta\\rotasdeteste\\vendor\\laravel\\framework\\src\\Illuminate\\Database\\Connection.php(776): Illuminate\\Database\\Connection->runQueryCallback('insert into `in...', Array, Object(Closure))
#3 C:\\Users\\Dalia\\OneDrive\\Desktop\\WorkSpace\\pulardapontenaquinta\\rotasdeteste\\vendor\\laravel\\framework\\src\\Illuminate\\Database\\MySqlConnection.php(42): Illuminate\\Database\\Connection->run('insert into `in...', Array, Object(Closure))
#4 C:\\Users\\Dalia\\OneDrive\\Desktop\\WorkSpace\\pulardapontenaquinta\\rotasdeteste\\vendor\\laravel\\framework\\src\\Illuminate\\Database\\Query\\Processors\\MySqlProcessor.php(35): Illuminate\\Database\\MySqlConnection->insert('insert into `in...', Array, 'id')
#5 C:\\Users\\Dalia\\OneDrive\\Desktop\\WorkSpace\\pulardapontenaquinta\\rotasdeteste\\vendor\\laravel\\framework\\src\\Illuminate\\Database\\Query\\Builder.php(3769): Illuminate\\Database\\Query\\Processors\\MySqlProcessor->processInsertGetId(Object(Illuminate\\Database\\Query\\Builder), 'insert into `in...', Array, 'id')
#6 C:\\Users\\Dalia\\OneDrive\\Desktop\\WorkSpace\\pulardapontenaquinta\\rotasdeteste\\vendor\\laravel\\framework\\src\\Illuminate\\Database\\Eloquent\\Builder.php(2143): Illuminate\\Database\\Query\\Builder->insertGetId(Array, 'id')
#7 C:\\Users\\Dalia\\OneDrive\\Desktop\\WorkSpace\\pulardapontenaquinta\\rotasdeteste\\vendor\\laravel\\framework\\src\\Illuminate\\Database\\Eloquent\\Model.php(1361): Illuminate\\Database\\Eloquent\\Builder->__call('insertGetId', Array)
#8 C:\\Users\\Dalia\\OneDrive\\Desktop\\WorkSpace\\pulardapontenaquinta\\rotasdeteste\\vendor\\laravel\\framework\\src\\Illuminate\\Database\\Eloquent\\Model.php(1326): Illuminate\\Database\\Eloquent\\Model->insertAndSetId(Object(Illuminate\\Database\\Eloquent\\Builder), Array)
#9 C:\\Users\\Dalia\\OneDrive\\Desktop\\WorkSpace\\pulardapontenaquinta\\rotasdeteste\\vendor\\laravel\\framework\\src\\Illuminate\\Database\\Eloquent\\Model.php(1165): Illuminate\\Database\\Eloquent\\Model->performInsert(Object(Illuminate\\Database\\Eloquent\\Builder))
#10 C:\\Users\\Dalia\\OneDrive\\Desktop\\WorkSpace\\pulardapontenaquinta\\rotasdeteste\\vendor\\laravel\\framework\\src\\Illuminate\\Database\\Eloquent\\Builder.php(1127): Illuminate\\Database\\Eloquent\\Model->save()
#11 C:\\Users\\Dalia\\OneDrive\\Desktop\\WorkSpace\\pulardapontenaquinta\\rotasdeteste\\vendor\\laravel\\framework\\src\\Illuminate\\Support\\helpers.php(399): Illuminate\\Database\\Eloquent\\Builder->Illuminate\\Database\\Eloquent\\{closure}(Object(App\\Models\\Instituicoes))
#12 C:\\Users\\Dalia\\OneDrive\\Desktop\\WorkSpace\\pulardapontenaquinta\\rotasdeteste\\vendor\\laravel\\framework\\src\\Illuminate\\Database\\Eloquent\\Builder.php(1126): tap(Object(App\\Models\\Instituicoes), Object(Closure))
#13 C:\\Users\\Dalia\\OneDrive\\Desktop\\WorkSpace\\pulardapontenaquinta\\rotasdeteste\\vendor\\laravel\\framework\\src\\Illuminate\\Support\\Traits\\ForwardsCalls.php(23): Illuminate\\Database\\Eloquent\\Builder->create(Array)
#14 C:\\Users\\Dalia\\OneDrive\\Desktop\\WorkSpace\\pulardapontenaquinta\\rotasdeteste\\vendor\\laravel\\framework\\src\\Illuminate\\Database\\Eloquent\\Model.php(2392): Illuminate\\Database\\Eloquent\\Model->forwardCallTo(Object(Illuminate\\Database\\Eloquent\\Builder), 'create', Array)
#15 C:\\Users\\Dalia\\OneDrive\\Desktop\\WorkSpace\\pulardapontenaquinta\\rotasdeteste\\vendor\\laravel\\framework\\src\\Illuminate\\Database\\Eloquent\\Model.php(2408): Illuminate\\Database\\Eloquent\\Model->__call('create', Array)
#16 C:\\Users\\Dalia\\OneDrive\\Desktop\\WorkSpace\\pulardapontenaquinta\\rotasdeteste\\app\\Http\\Controllers\\InstituicoesController.php(45): Illuminate\\Database\\Eloquent\\Model::__callStatic('create', Array)
#17 C:\\Users\\Dalia\\OneDrive\\Desktop\\WorkSpace\\pulardapontenaquinta\\rotasdeteste\\vendor\\laravel\\framework\\src\\Illuminate\\Routing\\ControllerDispatcher.php(46): App\\Http\\Controllers\\InstituicoesController->store(Object(Illuminate\\Http\\Request))
#18 C:\\Users\\Dalia\\OneDrive\\Desktop\\WorkSpace\\pulardapontenaquinta\\rotasdeteste\\vendor\\laravel\\framework\\src\\Illuminate\\Routing\\Route.php(265): Illuminate\\Routing\\ControllerDispatcher->dispatch(Object(Illuminate\\Routing\\Route), Object(App\\Http\\Controllers\\InstituicoesController), 'store')
#19 C:\\Users\\Dalia\\OneDrive\\Desktop\\WorkSpace\\pulardapontenaquinta\\rotasdeteste\\vendor\\laravel\\framework\\src\\Illuminate\\Routing\\Route.php(211): Illuminate\\Routing\\Route->runController()
#20 C:\\Users\\Dalia\\OneDrive\\Desktop\\WorkSpace\\pulardapontenaquinta\\rotasdeteste\\vendor\\laravel\\framework\\src\\Illuminate\\Routing\\Router.php(808): Illuminate\\Routing\\Route->run()
#21 C:\\Users\\Dalia\\OneDrive\\Desktop\\WorkSpace\\pulardapontenaquinta\\rotasdeteste\\vendor\\laravel\\framework\\src\\Illuminate\\Pipeline\\Pipeline.php(169): Illuminate\\Routing\\Router->Illuminate\\Routing\\{closure}(Object(Illuminate\\Http\\Request))
#22 C:\\Users\\Dalia\\OneDrive\\Desktop\\WorkSpace\\pulardapontenaquinta\\rotasdeteste\\vendor\\laravel\\framework\\src\\Illuminate\\Routing\\Middleware\\SubstituteBindings.php(50): Illuminate\\Pipeline\\Pipeline->Illuminate\\Pipeline\\{closure}(Object(Illuminate\\Http\\Request))
#23 C:\\Users\\Dalia\\OneDrive\\Desktop\\WorkSpace\\pulardapontenaquinta\\rotasdeteste\\vendor\\laravel\\framework\\src\\Illuminate\\Pipeline\\Pipeline.php(208): Illuminate\\Routing\\Middleware\\SubstituteBindings->handle(Object(Illuminate\\Http\\Request), Object(Closure))
#24 C:\\Users\\Dalia\\OneDrive\\Desktop\\WorkSpace\\pulardapontenaquinta\\rotasdeteste\\vendor\\laravel\\framework\\src\\Illuminate\\Pipeline\\Pipeline.php(126): Illuminate\\Pipeline\\Pipeline->Illuminate\\Pipeline\\{closure}(Object(Illuminate\\Http\\Request))
#25 C:\\Users\\Dalia\\OneDrive\\Desktop\\WorkSpace\\pulardapontenaquinta\\rotasdeteste\\vendor\\laravel\\framework\\src\\Illuminate\\Routing\\Router.php(807): Illuminate\\Pipeline\\Pipeline->then(Object(Closure))
#26 C:\\Users\\Dalia\\OneDrive\\Desktop\\WorkSpace\\pulardapontenaquinta\\rotasdeteste\\vendor\\laravel\\framework\\src\\Illuminate\\Routing\\Router.php(786): Illuminate\\Routing\\Router->runRouteWithinStack(Object(Illuminate\\Routing\\Route), Object(Illuminate\\Http\\Request))
#27 C:\\Users\\Dalia\\OneDrive\\Desktop\\WorkSpace\\pulardapontenaquinta\\rotasdeteste\\vendor\\laravel\\framework\\src\\Illuminate\\Routing\\Router.php(750): Illuminate\\Routing\\Router->runRoute(Object(Illuminate\\Http\\Request), Object(Illuminate\\Routing\\Route))
#28 C:\\Users\\Dalia\\OneDrive\\Desktop\\WorkSpace\\pulardapontenaquinta\\rotasdeteste\\vendor\\laravel\\framework\\src\\Illuminate\\Routing\\Router.php(739): Illuminate\\Routing\\Router->dispatchToRoute(Object(Illuminate\\Http\\Request))
#29 C:\\Users\\Dalia\\OneDrive\\Desktop\\WorkSpace\\pulardapontenaquinta\\rotasdeteste\\vendor\\laravel\\framework\\src\\Illuminate\\Foundation\\Http\\Kernel.php(200): Illuminate\\Routing\\Router->dispatch(Object(Illuminate\\Http\\Request))
#30 C:\\Users\\Dalia\\OneDrive\\Desktop\\WorkSpace\\pulardapontenaquinta\\rotasdeteste\\vendor\\laravel\\framework\\src\\Illuminate\\Pipeline\\Pipeline.php(169): Illuminate\\Foundation\\Http\\Kernel->Illuminate\\Foundation\\Http\\{closure}(Object(Illuminate\\Http\\Request))
#31 C:\\Users\\Dalia\\OneDrive\\Desktop\\WorkSpace\\pulardapontenaquinta\\rotasdeteste\\vendor\\laravel\\framework\\src\\Illuminate\\Foundation\\Http\\Middleware\\TransformsRequest.php(21): Illuminate\\Pipeline\\Pipeline->Illuminate\\Pipeline\\{closure}(Object(Illuminate\\Http\\Request))
#32 C:\\Users\\Dalia\\OneDrive\\Desktop\\WorkSpace\\pulardapontenaquinta\\rotasdeteste\\vendor\\laravel\\framework\\src\\Illuminate\\Foundation\\Http\\Middleware\\ConvertEmptyStringsToNull.php(31): Illuminate\\Foundation\\Http\\Middleware\\TransformsRequest->handle(Object(Illuminate\\Http\\Request), Object(Closure))
#33 C:\\Users\\Dalia\\OneDrive\\Desktop\\WorkSpace\\pulardapontenaquinta\\rotasdeteste\\vendor\\laravel\\framework\\src\\Illuminate\\Pipeline\\Pipeline.php(208): Illuminate\\Foundation\\Http\\Middleware\\ConvertEmptyStringsToNull->handle(Object(Illuminate\\Http\\Request), Object(Closure))
#34 C:\\Users\\Dalia\\OneDrive\\Desktop\\WorkSpace\\pulardapontenaquinta\\rotasdeteste\\vendor\\laravel\\framework\\src\\Illuminate\\Foundation\\Http\\Middleware\\TransformsRequest.php(21): Illuminate\\Pipeline\\Pipeline->Illuminate\\Pipeline\\{closure}(Object(Illuminate\\Http\\Request))
#35 C:\\Users\\Dalia\\OneDrive\\Desktop\\WorkSpace\\pulardapontenaquinta\\rotasdeteste\\vendor\\laravel\\framework\\src\\Illuminate\\Foundation\\Http\\Middleware\\TrimStrings.php(51): Illuminate\\Foundation\\Http\\Middleware\\TransformsRequest->handle(Object(Illuminate\\Http\\Request), Object(Closure))
#36 C:\\Users\\Dalia\\OneDrive\\Desktop\\WorkSpace\\pulardapontenaquinta\\rotasdeteste\\vendor\\laravel\\framework\\src\\Illuminate\\Pipeline\\Pipeline.php(208): Illuminate\\Foundation\\Http\\Middleware\\TrimStrings->handle(Object(Illuminate\\Http\\Request), Object(Closure))
#37 C:\\Users\\Dalia\\OneDrive\\Desktop\\WorkSpace\\pulardapontenaquinta\\rotasdeteste\\vendor\\laravel\\framework\\src\\Illuminate\\Http\\Middleware\\ValidatePostSize.php(27): Illuminate\\Pipeline\\Pipeline->Illuminate\\Pipeline\\{closure}(Object(Illuminate\\Http\\Request))
#38 C:\\Users\\Dalia\\OneDrive\\Desktop\\WorkSpace\\pulardapontenaquinta\\rotasdeteste\\vendor\\laravel\\framework\\src\\Illuminate\\Pipeline\\Pipeline.php(208): Illuminate\\Http\\Middleware\\ValidatePostSize->handle(Object(Illuminate\\Http\\Request), Object(Closure))
#39 C:\\Users\\Dalia\\OneDrive\\Desktop\\WorkSpace\\pulardapontenaquinta\\rotasdeteste\\vendor\\laravel\\framework\\src\\Illuminate\\Foundation\\Http\\Middleware\\PreventRequestsDuringMaintenance.php(109): Illuminate\\Pipeline\\Pipeline->Illuminate\\Pipeline\\{closure}(Object(Illuminate\\Http\\Request))
#40 C:\\Users\\Dalia\\OneDrive\\Desktop\\WorkSpace\\pulardapontenaquinta\\rotasdeteste\\vendor\\laravel\\framework\\src\\Illuminate\\Pipeline\\Pipeline.php(208): Illuminate\\Foundation\\Http\\Middleware\\PreventRequestsDuringMaintenance->handle(Object(Illuminate\\Http\\Request), Object(Closure))
#41 C:\\Users\\Dalia\\OneDrive\\Desktop\\WorkSpace\\pulardapontenaquinta\\rotasdeteste\\vendor\\laravel\\framework\\src\\Illuminate\\Http\\Middleware\\HandleCors.php(61): Illuminate\\Pipeline\\Pipeline->Illuminate\\Pipeline\\{closure}(Object(Illuminate\\Http\\Request))
#42 C:\\Users\\Dalia\\OneDrive\\Desktop\\WorkSpace\\pulardapontenaquinta\\rotasdeteste\\vendor\\laravel\\framework\\src\\Illuminate\\Pipeline\\Pipeline.php(208): Illuminate\\Http\\Middleware\\HandleCors->handle(Object(Illuminate\\Http\\Request), Object(Closure))
#43 C:\\Users\\Dalia\\OneDrive\\Desktop\\WorkSpace\\pulardapontenaquinta\\rotasdeteste\\vendor\\laravel\\framework\\src\\Illuminate\\Http\\Middleware\\TrustProxies.php(58): Illuminate\\Pipeline\\Pipeline->Illuminate\\Pipeline\\{closure}(Object(Illuminate\\Http\\Request))
#44 C:\\Users\\Dalia\\OneDrive\\Desktop\\WorkSpace\\pulardapontenaquinta\\rotasdeteste\\vendor\\laravel\\framework\\src\\Illuminate\\Pipeline\\Pipeline.php(208): Illuminate\\Http\\Middleware\\TrustProxies->handle(Object(Illuminate\\Http\\Request), Object(Closure))
#45 C:\\Users\\Dalia\\OneDrive\\Desktop\\WorkSpace\\pulardapontenaquinta\\rotasdeteste\\vendor\\laravel\\framework\\src\\Illuminate\\Foundation\\Http\\Middleware\\InvokeDeferredCallbacks.php(22): Illuminate\\Pipeline\\Pipeline->Illuminate\\Pipeline\\{closure}(Object(Illuminate\\Http\\Request))
#46 C:\\Users\\Dalia\\OneDrive\\Desktop\\WorkSpace\\pulardapontenaquinta\\rotasdeteste\\vendor\\laravel\\framework\\src\\Illuminate\\Pipeline\\Pipeline.php(208): Illuminate\\Foundation\\Http\\Middleware\\InvokeDeferredCallbacks->handle(Object(Illuminate\\Http\\Request), Object(Closure))
#47 C:\\Users\\Dalia\\OneDrive\\Desktop\\WorkSpace\\pulardapontenaquinta\\rotasdeteste\\vendor\\laravel\\framework\\src\\Illuminate\\Http\\Middleware\\ValidatePathEncoding.php(26): Illuminate\\Pipeline\\Pipeline->Illuminate\\Pipeline\\{closure}(Object(Illuminate\\Http\\Request))
#48 C:\\Users\\Dalia\\OneDrive\\Desktop\\WorkSpace\\pulardapontenaquinta\\rotasdeteste\\vendor\\laravel\\framework\\src\\Illuminate\\Pipeline\\Pipeline.php(208): Illuminate\\Http\\Middleware\\ValidatePathEncoding->handle(Object(Illuminate\\Http\\Request), Object(Closure))
#49 C:\\Users\\Dalia\\OneDrive\\Desktop\\WorkSpace\\pulardapontenaquinta\\rotasdeteste\\vendor\\laravel\\framework\\src\\Illuminate\\Pipeline\\Pipeline.php(126): Illuminate\\Pipeline\\Pipeline->Illuminate\\Pipeline\\{closure}(Object(Illuminate\\Http\\Request))
#50 C:\\Users\\Dalia\\OneDrive\\Desktop\\WorkSpace\\pulardapontenaquinta\\rotasdeteste\\vendor\\laravel\\framework\\src\\Illuminate\\Foundation\\Http\\Kernel.php(175): Illuminate\\Pipeline\\Pipeline->then(Object(Closure))
#51 C:\\Users\\Dalia\\OneDrive\\Desktop\\WorkSpace\\pulardapontenaquinta\\rotasdeteste\\vendor\\laravel\\framework\\src\\Illuminate\\Foundation\\Http\\Kernel.php(144): Illuminate\\Foundation\\Http\\Kernel->sendRequestThroughRouter(Object(Illuminate\\Http\\Request))
#52 C:\\Users\\Dalia\\OneDrive\\Desktop\\WorkSpace\\pulardapontenaquinta\\rotasdeteste\\vendor\\laravel\\framework\\src\\Illuminate\\Foundation\\Application.php(1219): Illuminate\\Foundation\\Http\\Kernel->handle(Object(Illuminate\\Http\\Request))
#53 C:\\Users\\Dalia\\OneDrive\\Desktop\\WorkSpace\\pulardapontenaquinta\\rotasdeteste\\public\\index.php(20): Illuminate\\Foundation\\Application->handleRequest(Object(Illuminate\\Http\\Request))
#54 C:\\Users\\Dalia\\OneDrive\\Desktop\\WorkSpace\\pulardapontenaquinta\\rotasdeteste\\vendor\\laravel\\framework\\src\\Illuminate\\Foundation\\resources\\server.php(23): require_once('C:\\\\Users\\\\Dalia\\\\...')
#55 {main}
"} 
[2025-04-18 01:40:50] local.ERROR: SQLSTATE[HY000]: General error: 1364 Field 'endereco_instituicao' doesn't have a default value (Connection: mysql, SQL: insert into `instituicoes` (`nm_instituicao`, `email_instituicao`, `senha`, `descricao`, `telefone`, `updated_at`, `created_at`) values (acvaca, adfefcve@, 12345, cacwcacw, 12455245, 2025-04-18 01:40:50, 2025-04-18 01:40:50)) {"exception":"[object] (Illuminate\\Database\\QueryException(code: HY000): SQLSTATE[HY000]: General error: 1364 Field 'endereco_instituicao' doesn't have a default value (Connection: mysql, SQL: insert into `instituicoes` (`nm_instituicao`, `email_instituicao`, `senha`, `descricao`, `telefone`, `updated_at`, `created_at`) values (acvaca, adfefcve@, 12345, cacwcacw, 12455245, 2025-04-18 01:40:50, 2025-04-18 01:40:50)) at C:\\Users\\Dalia\\OneDrive\\Desktop\\WorkSpace\\pulardapontenaquinta\\rotasdeteste\\vendor\\laravel\\framework\\src\\Illuminate\\Database\\Connection.php:822)
[stacktrace]
#0 C:\\Users\\Dalia\\OneDrive\\Desktop\\WorkSpace\\pulardapontenaquinta\\rotasdeteste\\vendor\\laravel\\framework\\src\\Illuminate\\Database\\Connection.php(776): Illuminate\\Database\\Connection->runQueryCallback('insert into `in...', Array, Object(Closure))
#1 C:\\Users\\Dalia\\OneDrive\\Desktop\\WorkSpace\\pulardapontenaquinta\\rotasdeteste\\vendor\\laravel\\framework\\src\\Illuminate\\Database\\MySqlConnection.php(42): Illuminate\\Database\\Connection->run('insert into `in...', Array, Object(Closure))
#2 C:\\Users\\Dalia\\OneDrive\\Desktop\\WorkSpace\\pulardapontenaquinta\\rotasdeteste\\vendor\\laravel\\framework\\src\\Illuminate\\Database\\Query\\Processors\\MySqlProcessor.php(35): Illuminate\\Database\\MySqlConnection->insert('insert into `in...', Array, 'id')
#3 C:\\Users\\Dalia\\OneDrive\\Desktop\\WorkSpace\\pulardapontenaquinta\\rotasdeteste\\vendor\\laravel\\framework\\src\\Illuminate\\Database\\Query\\Builder.php(3769): Illuminate\\Database\\Query\\Processors\\MySqlProcessor->processInsertGetId(Object(Illuminate\\Database\\Query\\Builder), 'insert into `in...', Array, 'id')
#4 C:\\Users\\Dalia\\OneDrive\\Desktop\\WorkSpace\\pulardapontenaquinta\\rotasdeteste\\vendor\\laravel\\framework\\src\\Illuminate\\Database\\Eloquent\\Builder.php(2143): Illuminate\\Database\\Query\\Builder->insertGetId(Array, 'id')
#5 C:\\Users\\Dalia\\OneDrive\\Desktop\\WorkSpace\\pulardapontenaquinta\\rotasdeteste\\vendor\\laravel\\framework\\src\\Illuminate\\Database\\Eloquent\\Model.php(1361): Illuminate\\Database\\Eloquent\\Builder->__call('insertGetId', Array)
#6 C:\\Users\\Dalia\\OneDrive\\Desktop\\WorkSpace\\pulardapontenaquinta\\rotasdeteste\\vendor\\laravel\\framework\\src\\Illuminate\\Database\\Eloquent\\Model.php(1326): Illuminate\\Database\\Eloquent\\Model->insertAndSetId(Object(Illuminate\\Database\\Eloquent\\Builder), Array)
#7 C:\\Users\\Dalia\\OneDrive\\Desktop\\WorkSpace\\pulardapontenaquinta\\rotasdeteste\\vendor\\laravel\\framework\\src\\Illuminate\\Database\\Eloquent\\Model.php(1165): Illuminate\\Database\\Eloquent\\Model->performInsert(Object(Illuminate\\Database\\Eloquent\\Builder))
#8 C:\\Users\\Dalia\\OneDrive\\Desktop\\WorkSpace\\pulardapontenaquinta\\rotasdeteste\\vendor\\laravel\\framework\\src\\Illuminate\\Database\\Eloquent\\Builder.php(1127): Illuminate\\Database\\Eloquent\\Model->save()
#9 C:\\Users\\Dalia\\OneDrive\\Desktop\\WorkSpace\\pulardapontenaquinta\\rotasdeteste\\vendor\\laravel\\framework\\src\\Illuminate\\Support\\helpers.php(399): Illuminate\\Database\\Eloquent\\Builder->Illuminate\\Database\\Eloquent\\{closure}(Object(App\\Models\\Instituicoes))
#10 C:\\Users\\Dalia\\OneDrive\\Desktop\\WorkSpace\\pulardapontenaquinta\\rotasdeteste\\vendor\\laravel\\framework\\src\\Illuminate\\Database\\Eloquent\\Builder.php(1126): tap(Object(App\\Models\\Instituicoes), Object(Closure))
#11 C:\\Users\\Dalia\\OneDrive\\Desktop\\WorkSpace\\pulardapontenaquinta\\rotasdeteste\\vendor\\laravel\\framework\\src\\Illuminate\\Support\\Traits\\ForwardsCalls.php(23): Illuminate\\Database\\Eloquent\\Builder->create(Array)
#12 C:\\Users\\Dalia\\OneDrive\\Desktop\\WorkSpace\\pulardapontenaquinta\\rotasdeteste\\vendor\\laravel\\framework\\src\\Illuminate\\Database\\Eloquent\\Model.php(2392): Illuminate\\Database\\Eloquent\\Model->forwardCallTo(Object(Illuminate\\Database\\Eloquent\\Builder), 'create', Array)
#13 C:\\Users\\Dalia\\OneDrive\\Desktop\\WorkSpace\\pulardapontenaquinta\\rotasdeteste\\vendor\\laravel\\framework\\src\\Illuminate\\Database\\Eloquent\\Model.php(2408): Illuminate\\Database\\Eloquent\\Model->__call('create', Array)
#14 C:\\Users\\Dalia\\OneDrive\\Desktop\\WorkSpace\\pulardapontenaquinta\\rotasdeteste\\app\\Http\\Controllers\\InstituicoesController.php(45): Illuminate\\Database\\Eloquent\\Model::__callStatic('create', Array)
#15 C:\\Users\\Dalia\\OneDrive\\Desktop\\WorkSpace\\pulardapontenaquinta\\rotasdeteste\\vendor\\laravel\\framework\\src\\Illuminate\\Routing\\ControllerDispatcher.php(46): App\\Http\\Controllers\\InstituicoesController->store(Object(Illuminate\\Http\\Request))
#16 C:\\Users\\Dalia\\OneDrive\\Desktop\\WorkSpace\\pulardapontenaquinta\\rotasdeteste\\vendor\\laravel\\framework\\src\\Illuminate\\Routing\\Route.php(265): Illuminate\\Routing\\ControllerDispatcher->dispatch(Object(Illuminate\\Routing\\Route), Object(App\\Http\\Controllers\\InstituicoesController), 'store')
#17 C:\\Users\\Dalia\\OneDrive\\Desktop\\WorkSpace\\pulardapontenaquinta\\rotasdeteste\\vendor\\laravel\\framework\\src\\Illuminate\\Routing\\Route.php(211): Illuminate\\Routing\\Route->runController()
#18 C:\\Users\\Dalia\\OneDrive\\Desktop\\WorkSpace\\pulardapontenaquinta\\rotasdeteste\\vendor\\laravel\\framework\\src\\Illuminate\\Routing\\Router.php(808): Illuminate\\Routing\\Route->run()
#19 C:\\Users\\Dalia\\OneDrive\\Desktop\\WorkSpace\\pulardapontenaquinta\\rotasdeteste\\vendor\\laravel\\framework\\src\\Illuminate\\Pipeline\\Pipeline.php(169): Illuminate\\Routing\\Router->Illuminate\\Routing\\{closure}(Object(Illuminate\\Http\\Request))
#20 C:\\Users\\Dalia\\OneDrive\\Desktop\\WorkSpace\\pulardapontenaquinta\\rotasdeteste\\vendor\\laravel\\framework\\src\\Illuminate\\Routing\\Middleware\\SubstituteBindings.php(50): Illuminate\\Pipeline\\Pipeline->Illuminate\\Pipeline\\{closure}(Object(Illuminate\\Http\\Request))
#21 C:\\Users\\Dalia\\OneDrive\\Desktop\\WorkSpace\\pulardapontenaquinta\\rotasdeteste\\vendor\\laravel\\framework\\src\\Illuminate\\Pipeline\\Pipeline.php(208): Illuminate\\Routing\\Middleware\\SubstituteBindings->handle(Object(Illuminate\\Http\\Request), Object(Closure))
#22 C:\\Users\\Dalia\\OneDrive\\Desktop\\WorkSpace\\pulardapontenaquinta\\rotasdeteste\\vendor\\laravel\\framework\\src\\Illuminate\\Pipeline\\Pipeline.php(126): Illuminate\\Pipeline\\Pipeline->Illuminate\\Pipeline\\{closure}(Object(Illuminate\\Http\\Request))
#23 C:\\Users\\Dalia\\OneDrive\\Desktop\\WorkSpace\\pulardapontenaquinta\\rotasdeteste\\vendor\\laravel\\framework\\src\\Illuminate\\Routing\\Router.php(807): Illuminate\\Pipeline\\Pipeline->then(Object(Closure))
#24 C:\\Users\\Dalia\\OneDrive\\Desktop\\WorkSpace\\pulardapontenaquinta\\rotasdeteste\\vendor\\laravel\\framework\\src\\Illuminate\\Routing\\Router.php(786): Illuminate\\Routing\\Router->runRouteWithinStack(Object(Illuminate\\Routing\\Route), Object(Illuminate\\Http\\Request))
#25 C:\\Users\\Dalia\\OneDrive\\Desktop\\WorkSpace\\pulardapontenaquinta\\rotasdeteste\\vendor\\laravel\\framework\\src\\Illuminate\\Routing\\Router.php(750): Illuminate\\Routing\\Router->runRoute(Object(Illuminate\\Http\\Request), Object(Illuminate\\Routing\\Route))
#26 C:\\Users\\Dalia\\OneDrive\\Desktop\\WorkSpace\\pulardapontenaquinta\\rotasdeteste\\vendor\\laravel\\framework\\src\\Illuminate\\Routing\\Router.php(739): Illuminate\\Routing\\Router->dispatchToRoute(Object(Illuminate\\Http\\Request))
#27 C:\\Users\\Dalia\\OneDrive\\Desktop\\WorkSpace\\pulardapontenaquinta\\rotasdeteste\\vendor\\laravel\\framework\\src\\Illuminate\\Foundation\\Http\\Kernel.php(200): Illuminate\\Routing\\Router->dispatch(Object(Illuminate\\Http\\Request))
#28 C:\\Users\\Dalia\\OneDrive\\Desktop\\WorkSpace\\pulardapontenaquinta\\rotasdeteste\\vendor\\laravel\\framework\\src\\Illuminate\\Pipeline\\Pipeline.php(169): Illuminate\\Foundation\\Http\\Kernel->Illuminate\\Foundation\\Http\\{closure}(Object(Illuminate\\Http\\Request))
#29 C:\\Users\\Dalia\\OneDrive\\Desktop\\WorkSpace\\pulardapontenaquinta\\rotasdeteste\\vendor\\laravel\\framework\\src\\Illuminate\\Foundation\\Http\\Middleware\\TransformsRequest.php(21): Illuminate\\Pipeline\\Pipeline->Illuminate\\Pipeline\\{closure}(Object(Illuminate\\Http\\Request))
#30 C:\\Users\\Dalia\\OneDrive\\Desktop\\WorkSpace\\pulardapontenaquinta\\rotasdeteste\\vendor\\laravel\\framework\\src\\Illuminate\\Foundation\\Http\\Middleware\\ConvertEmptyStringsToNull.php(31): Illuminate\\Foundation\\Http\\Middleware\\TransformsRequest->handle(Object(Illuminate\\Http\\Request), Object(Closure))
#31 C:\\Users\\Dalia\\OneDrive\\Desktop\\WorkSpace\\pulardapontenaquinta\\rotasdeteste\\vendor\\laravel\\framework\\src\\Illuminate\\Pipeline\\Pipeline.php(208): Illuminate\\Foundation\\Http\\Middleware\\ConvertEmptyStringsToNull->handle(Object(Illuminate\\Http\\Request), Object(Closure))
#32 C:\\Users\\Dalia\\OneDrive\\Desktop\\WorkSpace\\pulardapontenaquinta\\rotasdeteste\\vendor\\laravel\\framework\\src\\Illuminate\\Foundation\\Http\\Middleware\\TransformsRequest.php(21): Illuminate\\Pipeline\\Pipeline->Illuminate\\Pipeline\\{closure}(Object(Illuminate\\Http\\Request))
#33 C:\\Users\\Dalia\\OneDrive\\Desktop\\WorkSpace\\pulardapontenaquinta\\rotasdeteste\\vendor\\laravel\\framework\\src\\Illuminate\\Foundation\\Http\\Middleware\\TrimStrings.php(51): Illuminate\\Foundation\\Http\\Middleware\\TransformsRequest->handle(Object(Illuminate\\Http\\Request), Object(Closure))
#34 C:\\Users\\Dalia\\OneDrive\\Desktop\\WorkSpace\\pulardapontenaquinta\\rotasdeteste\\vendor\\laravel\\framework\\src\\Illuminate\\Pipeline\\Pipeline.php(208): Illuminate\\Foundation\\Http\\Middleware\\TrimStrings->handle(Object(Illuminate\\Http\\Request), Object(Closure))
#35 C:\\Users\\Dalia\\OneDrive\\Desktop\\WorkSpace\\pulardapontenaquinta\\rotasdeteste\\vendor\\laravel\\framework\\src\\Illuminate\\Http\\Middleware\\ValidatePostSize.php(27): Illuminate\\Pipeline\\Pipeline->Illuminate\\Pipeline\\{closure}(Object(Illuminate\\Http\\Request))
#36 C:\\Users\\Dalia\\OneDrive\\Desktop\\WorkSpace\\pulardapontenaquinta\\rotasdeteste\\vendor\\laravel\\framework\\src\\Illuminate\\Pipeline\\Pipeline.php(208): Illuminate\\Http\\Middleware\\ValidatePostSize->handle(Object(Illuminate\\Http\\Request), Object(Closure))
#37 C:\\Users\\Dalia\\OneDrive\\Desktop\\WorkSpace\\pulardapontenaquinta\\rotasdeteste\\vendor\\laravel\\framework\\src\\Illuminate\\Foundation\\Http\\Middleware\\PreventRequestsDuringMaintenance.php(109): Illuminate\\Pipeline\\Pipeline->Illuminate\\Pipeline\\{closure}(Object(Illuminate\\Http\\Request))
#38 C:\\Users\\Dalia\\OneDrive\\Desktop\\WorkSpace\\pulardapontenaquinta\\rotasdeteste\\vendor\\laravel\\framework\\src\\Illuminate\\Pipeline\\Pipeline.php(208): Illuminate\\Foundation\\Http\\Middleware\\PreventRequestsDuringMaintenance->handle(Object(Illuminate\\Http\\Request), Object(Closure))
#39 C:\\Users\\Dalia\\OneDrive\\Desktop\\WorkSpace\\pulardapontenaquinta\\rotasdeteste\\vendor\\laravel\\framework\\src\\Illuminate\\Http\\Middleware\\HandleCors.php(61): Illuminate\\Pipeline\\Pipeline->Illuminate\\Pipeline\\{closure}(Object(Illuminate\\Http\\Request))
#40 C:\\Users\\Dalia\\OneDrive\\Desktop\\WorkSpace\\pulardapontenaquinta\\rotasdeteste\\vendor\\laravel\\framework\\src\\Illuminate\\Pipeline\\Pipeline.php(208): Illuminate\\Http\\Middleware\\HandleCors->handle(Object(Illuminate\\Http\\Request), Object(Closure))
#41 C:\\Users\\Dalia\\OneDrive\\Desktop\\WorkSpace\\pulardapontenaquinta\\rotasdeteste\\vendor\\laravel\\framework\\src\\Illuminate\\Http\\Middleware\\TrustProxies.php(58): Illuminate\\Pipeline\\Pipeline->Illuminate\\Pipeline\\{closure}(Object(Illuminate\\Http\\Request))
#42 C:\\Users\\Dalia\\OneDrive\\Desktop\\WorkSpace\\pulardapontenaquinta\\rotasdeteste\\vendor\\laravel\\framework\\src\\Illuminate\\Pipeline\\Pipeline.php(208): Illuminate\\Http\\Middleware\\TrustProxies->handle(Object(Illuminate\\Http\\Request), Object(Closure))
#43 C:\\Users\\Dalia\\OneDrive\\Desktop\\WorkSpace\\pulardapontenaquinta\\rotasdeteste\\vendor\\laravel\\framework\\src\\Illuminate\\Foundation\\Http\\Middleware\\InvokeDeferredCallbacks.php(22): Illuminate\\Pipeline\\Pipeline->Illuminate\\Pipeline\\{closure}(Object(Illuminate\\Http\\Request))
#44 C:\\Users\\Dalia\\OneDrive\\Desktop\\WorkSpace\\pulardapontenaquinta\\rotasdeteste\\vendor\\laravel\\framework\\src\\Illuminate\\Pipeline\\Pipeline.php(208): Illuminate\\Foundation\\Http\\Middleware\\InvokeDeferredCallbacks->handle(Object(Illuminate\\Http\\Request), Object(Closure))
#45 C:\\Users\\Dalia\\OneDrive\\Desktop\\WorkSpace\\pulardapontenaquinta\\rotasdeteste\\vendor\\laravel\\framework\\src\\Illuminate\\Http\\Middleware\\ValidatePathEncoding.php(26): Illuminate\\Pipeline\\Pipeline->Illuminate\\Pipeline\\{closure}(Object(Illuminate\\Http\\Request))
#46 C:\\Users\\Dalia\\OneDrive\\Desktop\\WorkSpace\\pulardapontenaquinta\\rotasdeteste\\vendor\\laravel\\framework\\src\\Illuminate\\Pipeline\\Pipeline.php(208): Illuminate\\Http\\Middleware\\ValidatePathEncoding->handle(Object(Illuminate\\Http\\Request), Object(Closure))
#47 C:\\Users\\Dalia\\OneDrive\\Desktop\\WorkSpace\\pulardapontenaquinta\\rotasdeteste\\vendor\\laravel\\framework\\src\\Illuminate\\Pipeline\\Pipeline.php(126): Illuminate\\Pipeline\\Pipeline->Illuminate\\Pipeline\\{closure}(Object(Illuminate\\Http\\Request))
#48 C:\\Users\\Dalia\\OneDrive\\Desktop\\WorkSpace\\pulardapontenaquinta\\rotasdeteste\\vendor\\laravel\\framework\\src\\Illuminate\\Foundation\\Http\\Kernel.php(175): Illuminate\\Pipeline\\Pipeline->then(Object(Closure))
#49 C:\\Users\\Dalia\\OneDrive\\Desktop\\WorkSpace\\pulardapontenaquinta\\rotasdeteste\\vendor\\laravel\\framework\\src\\Illuminate\\Foundation\\Http\\Kernel.php(144): Illuminate\\Foundation\\Http\\Kernel->sendRequestThroughRouter(Object(Illuminate\\Http\\Request))
#50 C:\\Users\\Dalia\\OneDrive\\Desktop\\WorkSpace\\pulardapontenaquinta\\rotasdeteste\\vendor\\laravel\\framework\\src\\Illuminate\\Foundation\\Application.php(1219): Illuminate\\Foundation\\Http\\Kernel->handle(Object(Illuminate\\Http\\Request))
#51 C:\\Users\\Dalia\\OneDrive\\Desktop\\WorkSpace\\pulardapontenaquinta\\rotasdeteste\\public\\index.php(20): Illuminate\\Foundation\\Application->handleRequest(Object(Illuminate\\Http\\Request))
#52 C:\\Users\\Dalia\\OneDrive\\Desktop\\WorkSpace\\pulardapontenaquinta\\rotasdeteste\\vendor\\laravel\\framework\\src\\Illuminate\\Foundation\\resources\\server.php(23): require_once('C:\\\\Users\\\\Dalia\\\\...')
#53 {main}

[previous exception] [object] (PDOException(code: HY000): SQLSTATE[HY000]: General error: 1364 Field 'endereco_instituicao' doesn't have a default value at C:\\Users\\Dalia\\OneDrive\\Desktop\\WorkSpace\\pulardapontenaquinta\\rotasdeteste\\vendor\\laravel\\framework\\src\\Illuminate\\Database\\MySqlConnection.php:53)
[stacktrace]
#0 C:\\Users\\Dalia\\OneDrive\\Desktop\\WorkSpace\\pulardapontenaquinta\\rotasdeteste\\vendor\\laravel\\framework\\src\\Illuminate\\Database\\MySqlConnection.php(53): PDOStatement->execute()
#1 C:\\Users\\Dalia\\OneDrive\\Desktop\\WorkSpace\\pulardapontenaquinta\\rotasdeteste\\vendor\\laravel\\framework\\src\\Illuminate\\Database\\Connection.php(809): Illuminate\\Database\\MySqlConnection->Illuminate\\Database\\{closure}('insert into `in...', Array)
#2 C:\\Users\\Dalia\\OneDrive\\Desktop\\WorkSpace\\pulardapontenaquinta\\rotasdeteste\\vendor\\laravel\\framework\\src\\Illuminate\\Database\\Connection.php(776): Illuminate\\Database\\Connection->runQueryCallback('insert into `in...', Array, Object(Closure))
#3 C:\\Users\\Dalia\\OneDrive\\Desktop\\WorkSpace\\pulardapontenaquinta\\rotasdeteste\\vendor\\laravel\\framework\\src\\Illuminate\\Database\\MySqlConnection.php(42): Illuminate\\Database\\Connection->run('insert into `in...', Array, Object(Closure))
#4 C:\\Users\\Dalia\\OneDrive\\Desktop\\WorkSpace\\pulardapontenaquinta\\rotasdeteste\\vendor\\laravel\\framework\\src\\Illuminate\\Database\\Query\\Processors\\MySqlProcessor.php(35): Illuminate\\Database\\MySqlConnection->insert('insert into `in...', Array, 'id')
#5 C:\\Users\\Dalia\\OneDrive\\Desktop\\WorkSpace\\pulardapontenaquinta\\rotasdeteste\\vendor\\laravel\\framework\\src\\Illuminate\\Database\\Query\\Builder.php(3769): Illuminate\\Database\\Query\\Processors\\MySqlProcessor->processInsertGetId(Object(Illuminate\\Database\\Query\\Builder), 'insert into `in...', Array, 'id')
#6 C:\\Users\\Dalia\\OneDrive\\Desktop\\WorkSpace\\pulardapontenaquinta\\rotasdeteste\\vendor\\laravel\\framework\\src\\Illuminate\\Database\\Eloquent\\Builder.php(2143): Illuminate\\Database\\Query\\Builder->insertGetId(Array, 'id')
#7 C:\\Users\\Dalia\\OneDrive\\Desktop\\WorkSpace\\pulardapontenaquinta\\rotasdeteste\\vendor\\laravel\\framework\\src\\Illuminate\\Database\\Eloquent\\Model.php(1361): Illuminate\\Database\\Eloquent\\Builder->__call('insertGetId', Array)
#8 C:\\Users\\Dalia\\OneDrive\\Desktop\\WorkSpace\\pulardapontenaquinta\\rotasdeteste\\vendor\\laravel\\framework\\src\\Illuminate\\Database\\Eloquent\\Model.php(1326): Illuminate\\Database\\Eloquent\\Model->insertAndSetId(Object(Illuminate\\Database\\Eloquent\\Builder), Array)
#9 C:\\Users\\Dalia\\OneDrive\\Desktop\\WorkSpace\\pulardapontenaquinta\\rotasdeteste\\vendor\\laravel\\framework\\src\\Illuminate\\Database\\Eloquent\\Model.php(1165): Illuminate\\Database\\Eloquent\\Model->performInsert(Object(Illuminate\\Database\\Eloquent\\Builder))
#10 C:\\Users\\Dalia\\OneDrive\\Desktop\\WorkSpace\\pulardapontenaquinta\\rotasdeteste\\vendor\\laravel\\framework\\src\\Illuminate\\Database\\Eloquent\\Builder.php(1127): Illuminate\\Database\\Eloquent\\Model->save()
#11 C:\\Users\\Dalia\\OneDrive\\Desktop\\WorkSpace\\pulardapontenaquinta\\rotasdeteste\\vendor\\laravel\\framework\\src\\Illuminate\\Support\\helpers.php(399): Illuminate\\Database\\Eloquent\\Builder->Illuminate\\Database\\Eloquent\\{closure}(Object(App\\Models\\Instituicoes))
#12 C:\\Users\\Dalia\\OneDrive\\Desktop\\WorkSpace\\pulardapontenaquinta\\rotasdeteste\\vendor\\laravel\\framework\\src\\Illuminate\\Database\\Eloquent\\Builder.php(1126): tap(Object(App\\Models\\Instituicoes), Object(Closure))
#13 C:\\Users\\Dalia\\OneDrive\\Desktop\\WorkSpace\\pulardapontenaquinta\\rotasdeteste\\vendor\\laravel\\framework\\src\\Illuminate\\Support\\Traits\\ForwardsCalls.php(23): Illuminate\\Database\\Eloquent\\Builder->create(Array)
#14 C:\\Users\\Dalia\\OneDrive\\Desktop\\WorkSpace\\pulardapontenaquinta\\rotasdeteste\\vendor\\laravel\\framework\\src\\Illuminate\\Database\\Eloquent\\Model.php(2392): Illuminate\\Database\\Eloquent\\Model->forwardCallTo(Object(Illuminate\\Database\\Eloquent\\Builder), 'create', Array)
#15 C:\\Users\\Dalia\\OneDrive\\Desktop\\WorkSpace\\pulardapontenaquinta\\rotasdeteste\\vendor\\laravel\\framework\\src\\Illuminate\\Database\\Eloquent\\Model.php(2408): Illuminate\\Database\\Eloquent\\Model->__call('create', Array)
#16 C:\\Users\\Dalia\\OneDrive\\Desktop\\WorkSpace\\pulardapontenaquinta\\rotasdeteste\\app\\Http\\Controllers\\InstituicoesController.php(45): Illuminate\\Database\\Eloquent\\Model::__callStatic('create', Array)
#17 C:\\Users\\Dalia\\OneDrive\\Desktop\\WorkSpace\\pulardapontenaquinta\\rotasdeteste\\vendor\\laravel\\framework\\src\\Illuminate\\Routing\\ControllerDispatcher.php(46): App\\Http\\Controllers\\InstituicoesController->store(Object(Illuminate\\Http\\Request))
#18 C:\\Users\\Dalia\\OneDrive\\Desktop\\WorkSpace\\pulardapontenaquinta\\rotasdeteste\\vendor\\laravel\\framework\\src\\Illuminate\\Routing\\Route.php(265): Illuminate\\Routing\\ControllerDispatcher->dispatch(Object(Illuminate\\Routing\\Route), Object(App\\Http\\Controllers\\InstituicoesController), 'store')
#19 C:\\Users\\Dalia\\OneDrive\\Desktop\\WorkSpace\\pulardapontenaquinta\\rotasdeteste\\vendor\\laravel\\framework\\src\\Illuminate\\Routing\\Route.php(211): Illuminate\\Routing\\Route->runController()
#20 C:\\Users\\Dalia\\OneDrive\\Desktop\\WorkSpace\\pulardapontenaquinta\\rotasdeteste\\vendor\\laravel\\framework\\src\\Illuminate\\Routing\\Router.php(808): Illuminate\\Routing\\Route->run()
#21 C:\\Users\\Dalia\\OneDrive\\Desktop\\WorkSpace\\pulardapontenaquinta\\rotasdeteste\\vendor\\laravel\\framework\\src\\Illuminate\\Pipeline\\Pipeline.php(169): Illuminate\\Routing\\Router->Illuminate\\Routing\\{closure}(Object(Illuminate\\Http\\Request))
#22 C:\\Users\\Dalia\\OneDrive\\Desktop\\WorkSpace\\pulardapontenaquinta\\rotasdeteste\\vendor\\laravel\\framework\\src\\Illuminate\\Routing\\Middleware\\SubstituteBindings.php(50): Illuminate\\Pipeline\\Pipeline->Illuminate\\Pipeline\\{closure}(Object(Illuminate\\Http\\Request))
#23 C:\\Users\\Dalia\\OneDrive\\Desktop\\WorkSpace\\pulardapontenaquinta\\rotasdeteste\\vendor\\laravel\\framework\\src\\Illuminate\\Pipeline\\Pipeline.php(208): Illuminate\\Routing\\Middleware\\SubstituteBindings->handle(Object(Illuminate\\Http\\Request), Object(Closure))
#24 C:\\Users\\Dalia\\OneDrive\\Desktop\\WorkSpace\\pulardapontenaquinta\\rotasdeteste\\vendor\\laravel\\framework\\src\\Illuminate\\Pipeline\\Pipeline.php(126): Illuminate\\Pipeline\\Pipeline->Illuminate\\Pipeline\\{closure}(Object(Illuminate\\Http\\Request))
#25 C:\\Users\\Dalia\\OneDrive\\Desktop\\WorkSpace\\pulardapontenaquinta\\rotasdeteste\\vendor\\laravel\\framework\\src\\Illuminate\\Routing\\Router.php(807): Illuminate\\Pipeline\\Pipeline->then(Object(Closure))
#26 C:\\Users\\Dalia\\OneDrive\\Desktop\\WorkSpace\\pulardapontenaquinta\\rotasdeteste\\vendor\\laravel\\framework\\src\\Illuminate\\Routing\\Router.php(786): Illuminate\\Routing\\Router->runRouteWithinStack(Object(Illuminate\\Routing\\Route), Object(Illuminate\\Http\\Request))
#27 C:\\Users\\Dalia\\OneDrive\\Desktop\\WorkSpace\\pulardapontenaquinta\\rotasdeteste\\vendor\\laravel\\framework\\src\\Illuminate\\Routing\\Router.php(750): Illuminate\\Routing\\Router->runRoute(Object(Illuminate\\Http\\Request), Object(Illuminate\\Routing\\Route))
#28 C:\\Users\\Dalia\\OneDrive\\Desktop\\WorkSpace\\pulardapontenaquinta\\rotasdeteste\\vendor\\laravel\\framework\\src\\Illuminate\\Routing\\Router.php(739): Illuminate\\Routing\\Router->dispatchToRoute(Object(Illuminate\\Http\\Request))
#29 C:\\Users\\Dalia\\OneDrive\\Desktop\\WorkSpace\\pulardapontenaquinta\\rotasdeteste\\vendor\\laravel\\framework\\src\\Illuminate\\Foundation\\Http\\Kernel.php(200): Illuminate\\Routing\\Router->dispatch(Object(Illuminate\\Http\\Request))
#30 C:\\Users\\Dalia\\OneDrive\\Desktop\\WorkSpace\\pulardapontenaquinta\\rotasdeteste\\vendor\\laravel\\framework\\src\\Illuminate\\Pipeline\\Pipeline.php(169): Illuminate\\Foundation\\Http\\Kernel->Illuminate\\Foundation\\Http\\{closure}(Object(Illuminate\\Http\\Request))
#31 C:\\Users\\Dalia\\OneDrive\\Desktop\\WorkSpace\\pulardapontenaquinta\\rotasdeteste\\vendor\\laravel\\framework\\src\\Illuminate\\Foundation\\Http\\Middleware\\TransformsRequest.php(21): Illuminate\\Pipeline\\Pipeline->Illuminate\\Pipeline\\{closure}(Object(Illuminate\\Http\\Request))
#32 C:\\Users\\Dalia\\OneDrive\\Desktop\\WorkSpace\\pulardapontenaquinta\\rotasdeteste\\vendor\\laravel\\framework\\src\\Illuminate\\Foundation\\Http\\Middleware\\ConvertEmptyStringsToNull.php(31): Illuminate\\Foundation\\Http\\Middleware\\TransformsRequest->handle(Object(Illuminate\\Http\\Request), Object(Closure))
#33 C:\\Users\\Dalia\\OneDrive\\Desktop\\WorkSpace\\pulardapontenaquinta\\rotasdeteste\\vendor\\laravel\\framework\\src\\Illuminate\\Pipeline\\Pipeline.php(208): Illuminate\\Foundation\\Http\\Middleware\\ConvertEmptyStringsToNull->handle(Object(Illuminate\\Http\\Request), Object(Closure))
#34 C:\\Users\\Dalia\\OneDrive\\Desktop\\WorkSpace\\pulardapontenaquinta\\rotasdeteste\\vendor\\laravel\\framework\\src\\Illuminate\\Foundation\\Http\\Middleware\\TransformsRequest.php(21): Illuminate\\Pipeline\\Pipeline->Illuminate\\Pipeline\\{closure}(Object(Illuminate\\Http\\Request))
#35 C:\\Users\\Dalia\\OneDrive\\Desktop\\WorkSpace\\pulardapontenaquinta\\rotasdeteste\\vendor\\laravel\\framework\\src\\Illuminate\\Foundation\\Http\\Middleware\\TrimStrings.php(51): Illuminate\\Foundation\\Http\\Middleware\\TransformsRequest->handle(Object(Illuminate\\Http\\Request), Object(Closure))
#36 C:\\Users\\Dalia\\OneDrive\\Desktop\\WorkSpace\\pulardapontenaquinta\\rotasdeteste\\vendor\\laravel\\framework\\src\\Illuminate\\Pipeline\\Pipeline.php(208): Illuminate\\Foundation\\Http\\Middleware\\TrimStrings->handle(Object(Illuminate\\Http\\Request), Object(Closure))
#37 C:\\Users\\Dalia\\OneDrive\\Desktop\\WorkSpace\\pulardapontenaquinta\\rotasdeteste\\vendor\\laravel\\framework\\src\\Illuminate\\Http\\Middleware\\ValidatePostSize.php(27): Illuminate\\Pipeline\\Pipeline->Illuminate\\Pipeline\\{closure}(Object(Illuminate\\Http\\Request))
#38 C:\\Users\\Dalia\\OneDrive\\Desktop\\WorkSpace\\pulardapontenaquinta\\rotasdeteste\\vendor\\laravel\\framework\\src\\Illuminate\\Pipeline\\Pipeline.php(208): Illuminate\\Http\\Middleware\\ValidatePostSize->handle(Object(Illuminate\\Http\\Request), Object(Closure))
#39 C:\\Users\\Dalia\\OneDrive\\Desktop\\WorkSpace\\pulardapontenaquinta\\rotasdeteste\\vendor\\laravel\\framework\\src\\Illuminate\\Foundation\\Http\\Middleware\\PreventRequestsDuringMaintenance.php(109): Illuminate\\Pipeline\\Pipeline->Illuminate\\Pipeline\\{closure}(Object(Illuminate\\Http\\Request))
#40 C:\\Users\\Dalia\\OneDrive\\Desktop\\WorkSpace\\pulardapontenaquinta\\rotasdeteste\\vendor\\laravel\\framework\\src\\Illuminate\\Pipeline\\Pipeline.php(208): Illuminate\\Foundation\\Http\\Middleware\\PreventRequestsDuringMaintenance->handle(Object(Illuminate\\Http\\Request), Object(Closure))
#41 C:\\Users\\Dalia\\OneDrive\\Desktop\\WorkSpace\\pulardapontenaquinta\\rotasdeteste\\vendor\\laravel\\framework\\src\\Illuminate\\Http\\Middleware\\HandleCors.php(61): Illuminate\\Pipeline\\Pipeline->Illuminate\\Pipeline\\{closure}(Object(Illuminate\\Http\\Request))
#42 C:\\Users\\Dalia\\OneDrive\\Desktop\\WorkSpace\\pulardapontenaquinta\\rotasdeteste\\vendor\\laravel\\framework\\src\\Illuminate\\Pipeline\\Pipeline.php(208): Illuminate\\Http\\Middleware\\HandleCors->handle(Object(Illuminate\\Http\\Request), Object(Closure))
#43 C:\\Users\\Dalia\\OneDrive\\Desktop\\WorkSpace\\pulardapontenaquinta\\rotasdeteste\\vendor\\laravel\\framework\\src\\Illuminate\\Http\\Middleware\\TrustProxies.php(58): Illuminate\\Pipeline\\Pipeline->Illuminate\\Pipeline\\{closure}(Object(Illuminate\\Http\\Request))
#44 C:\\Users\\Dalia\\OneDrive\\Desktop\\WorkSpace\\pulardapontenaquinta\\rotasdeteste\\vendor\\laravel\\framework\\src\\Illuminate\\Pipeline\\Pipeline.php(208): Illuminate\\Http\\Middleware\\TrustProxies->handle(Object(Illuminate\\Http\\Request), Object(Closure))
#45 C:\\Users\\Dalia\\OneDrive\\Desktop\\WorkSpace\\pulardapontenaquinta\\rotasdeteste\\vendor\\laravel\\framework\\src\\Illuminate\\Foundation\\Http\\Middleware\\InvokeDeferredCallbacks.php(22): Illuminate\\Pipeline\\Pipeline->Illuminate\\Pipeline\\{closure}(Object(Illuminate\\Http\\Request))
#46 C:\\Users\\Dalia\\OneDrive\\Desktop\\WorkSpace\\pulardapontenaquinta\\rotasdeteste\\vendor\\laravel\\framework\\src\\Illuminate\\Pipeline\\Pipeline.php(208): Illuminate\\Foundation\\Http\\Middleware\\InvokeDeferredCallbacks->handle(Object(Illuminate\\Http\\Request), Object(Closure))
#47 C:\\Users\\Dalia\\OneDrive\\Desktop\\WorkSpace\\pulardapontenaquinta\\rotasdeteste\\vendor\\laravel\\framework\\src\\Illuminate\\Http\\Middleware\\ValidatePathEncoding.php(26): Illuminate\\Pipeline\\Pipeline->Illuminate\\Pipeline\\{closure}(Object(Illuminate\\Http\\Request))
#48 C:\\Users\\Dalia\\OneDrive\\Desktop\\WorkSpace\\pulardapontenaquinta\\rotasdeteste\\vendor\\laravel\\framework\\src\\Illuminate\\Pipeline\\Pipeline.php(208): Illuminate\\Http\\Middleware\\ValidatePathEncoding->handle(Object(Illuminate\\Http\\Request), Object(Closure))
#49 C:\\Users\\Dalia\\OneDrive\\Desktop\\WorkSpace\\pulardapontenaquinta\\rotasdeteste\\vendor\\laravel\\framework\\src\\Illuminate\\Pipeline\\Pipeline.php(126): Illuminate\\Pipeline\\Pipeline->Illuminate\\Pipeline\\{closure}(Object(Illuminate\\Http\\Request))
#50 C:\\Users\\Dalia\\OneDrive\\Desktop\\WorkSpace\\pulardapontenaquinta\\rotasdeteste\\vendor\\laravel\\framework\\src\\Illuminate\\Foundation\\Http\\Kernel.php(175): Illuminate\\Pipeline\\Pipeline->then(Object(Closure))
#51 C:\\Users\\Dalia\\OneDrive\\Desktop\\WorkSpace\\pulardapontenaquinta\\rotasdeteste\\vendor\\laravel\\framework\\src\\Illuminate\\Foundation\\Http\\Kernel.php(144): Illuminate\\Foundation\\Http\\Kernel->sendRequestThroughRouter(Object(Illuminate\\Http\\Request))
#52 C:\\Users\\Dalia\\OneDrive\\Desktop\\WorkSpace\\pulardapontenaquinta\\rotasdeteste\\vendor\\laravel\\framework\\src\\Illuminate\\Foundation\\Application.php(1219): Illuminate\\Foundation\\Http\\Kernel->handle(Object(Illuminate\\Http\\Request))
#53 C:\\Users\\Dalia\\OneDrive\\Desktop\\WorkSpace\\pulardapontenaquinta\\rotasdeteste\\public\\index.php(20): Illuminate\\Foundation\\Application->handleRequest(Object(Illuminate\\Http\\Request))
#54 C:\\Users\\Dalia\\OneDrive\\Desktop\\WorkSpace\\pulardapontenaquinta\\rotasdeteste\\vendor\\laravel\\framework\\src\\Illuminate\\Foundation\\resources\\server.php(23): require_once('C:\\\\Users\\\\Dalia\\\\...')
#55 {main}
"} 
[2025-04-18 01:41:06] local.ERROR: SQLSTATE[HY000]: General error: 1364 Field 'endereco_instituicao' doesn't have a default value (Connection: mysql, SQL: insert into `instituicoes` (`nm_instituicao`, `email_instituicao`, `senha`, `descricao`, `telefone`, `updated_at`, `created_at`) values (acvaca, adfefcve@, 12345, cacwcacw, 12455245, 2025-04-18 01:41:06, 2025-04-18 01:41:06)) {"exception":"[object] (Illuminate\\Database\\QueryException(code: HY000): SQLSTATE[HY000]: General error: 1364 Field 'endereco_instituicao' doesn't have a default value (Connection: mysql, SQL: insert into `instituicoes` (`nm_instituicao`, `email_instituicao`, `senha`, `descricao`, `telefone`, `updated_at`, `created_at`) values (acvaca, adfefcve@, 12345, cacwcacw, 12455245, 2025-04-18 01:41:06, 2025-04-18 01:41:06)) at C:\\Users\\Dalia\\OneDrive\\Desktop\\WorkSpace\\pulardapontenaquinta\\rotasdeteste\\vendor\\laravel\\framework\\src\\Illuminate\\Database\\Connection.php:822)
[stacktrace]
#0 C:\\Users\\Dalia\\OneDrive\\Desktop\\WorkSpace\\pulardapontenaquinta\\rotasdeteste\\vendor\\laravel\\framework\\src\\Illuminate\\Database\\Connection.php(776): Illuminate\\Database\\Connection->runQueryCallback('insert into `in...', Array, Object(Closure))
#1 C:\\Users\\Dalia\\OneDrive\\Desktop\\WorkSpace\\pulardapontenaquinta\\rotasdeteste\\vendor\\laravel\\framework\\src\\Illuminate\\Database\\MySqlConnection.php(42): Illuminate\\Database\\Connection->run('insert into `in...', Array, Object(Closure))
#2 C:\\Users\\Dalia\\OneDrive\\Desktop\\WorkSpace\\pulardapontenaquinta\\rotasdeteste\\vendor\\laravel\\framework\\src\\Illuminate\\Database\\Query\\Processors\\MySqlProcessor.php(35): Illuminate\\Database\\MySqlConnection->insert('insert into `in...', Array, 'id')
#3 C:\\Users\\Dalia\\OneDrive\\Desktop\\WorkSpace\\pulardapontenaquinta\\rotasdeteste\\vendor\\laravel\\framework\\src\\Illuminate\\Database\\Query\\Builder.php(3769): Illuminate\\Database\\Query\\Processors\\MySqlProcessor->processInsertGetId(Object(Illuminate\\Database\\Query\\Builder), 'insert into `in...', Array, 'id')
#4 C:\\Users\\Dalia\\OneDrive\\Desktop\\WorkSpace\\pulardapontenaquinta\\rotasdeteste\\vendor\\laravel\\framework\\src\\Illuminate\\Database\\Eloquent\\Builder.php(2143): Illuminate\\Database\\Query\\Builder->insertGetId(Array, 'id')
#5 C:\\Users\\Dalia\\OneDrive\\Desktop\\WorkSpace\\pulardapontenaquinta\\rotasdeteste\\vendor\\laravel\\framework\\src\\Illuminate\\Database\\Eloquent\\Model.php(1361): Illuminate\\Database\\Eloquent\\Builder->__call('insertGetId', Array)
#6 C:\\Users\\Dalia\\OneDrive\\Desktop\\WorkSpace\\pulardapontenaquinta\\rotasdeteste\\vendor\\laravel\\framework\\src\\Illuminate\\Database\\Eloquent\\Model.php(1326): Illuminate\\Database\\Eloquent\\Model->insertAndSetId(Object(Illuminate\\Database\\Eloquent\\Builder), Array)
#7 C:\\Users\\Dalia\\OneDrive\\Desktop\\WorkSpace\\pulardapontenaquinta\\rotasdeteste\\vendor\\laravel\\framework\\src\\Illuminate\\Database\\Eloquent\\Model.php(1165): Illuminate\\Database\\Eloquent\\Model->performInsert(Object(Illuminate\\Database\\Eloquent\\Builder))
#8 C:\\Users\\Dalia\\OneDrive\\Desktop\\WorkSpace\\pulardapontenaquinta\\rotasdeteste\\vendor\\laravel\\framework\\src\\Illuminate\\Database\\Eloquent\\Builder.php(1127): Illuminate\\Database\\Eloquent\\Model->save()
#9 C:\\Users\\Dalia\\OneDrive\\Desktop\\WorkSpace\\pulardapontenaquinta\\rotasdeteste\\vendor\\laravel\\framework\\src\\Illuminate\\Support\\helpers.php(399): Illuminate\\Database\\Eloquent\\Builder->Illuminate\\Database\\Eloquent\\{closure}(Object(App\\Models\\Instituicoes))
#10 C:\\Users\\Dalia\\OneDrive\\Desktop\\WorkSpace\\pulardapontenaquinta\\rotasdeteste\\vendor\\laravel\\framework\\src\\Illuminate\\Database\\Eloquent\\Builder.php(1126): tap(Object(App\\Models\\Instituicoes), Object(Closure))
#11 C:\\Users\\Dalia\\OneDrive\\Desktop\\WorkSpace\\pulardapontenaquinta\\rotasdeteste\\vendor\\laravel\\framework\\src\\Illuminate\\Support\\Traits\\ForwardsCalls.php(23): Illuminate\\Database\\Eloquent\\Builder->create(Array)
#12 C:\\Users\\Dalia\\OneDrive\\Desktop\\WorkSpace\\pulardapontenaquinta\\rotasdeteste\\vendor\\laravel\\framework\\src\\Illuminate\\Database\\Eloquent\\Model.php(2392): Illuminate\\Database\\Eloquent\\Model->forwardCallTo(Object(Illuminate\\Database\\Eloquent\\Builder), 'create', Array)
#13 C:\\Users\\Dalia\\OneDrive\\Desktop\\WorkSpace\\pulardapontenaquinta\\rotasdeteste\\vendor\\laravel\\framework\\src\\Illuminate\\Database\\Eloquent\\Model.php(2408): Illuminate\\Database\\Eloquent\\Model->__call('create', Array)
#14 C:\\Users\\Dalia\\OneDrive\\Desktop\\WorkSpace\\pulardapontenaquinta\\rotasdeteste\\app\\Http\\Controllers\\InstituicoesController.php(45): Illuminate\\Database\\Eloquent\\Model::__callStatic('create', Array)
#15 C:\\Users\\Dalia\\OneDrive\\Desktop\\WorkSpace\\pulardapontenaquinta\\rotasdeteste\\vendor\\laravel\\framework\\src\\Illuminate\\Routing\\ControllerDispatcher.php(46): App\\Http\\Controllers\\InstituicoesController->store(Object(Illuminate\\Http\\Request))
#16 C:\\Users\\Dalia\\OneDrive\\Desktop\\WorkSpace\\pulardapontenaquinta\\rotasdeteste\\vendor\\laravel\\framework\\src\\Illuminate\\Routing\\Route.php(265): Illuminate\\Routing\\ControllerDispatcher->dispatch(Object(Illuminate\\Routing\\Route), Object(App\\Http\\Controllers\\InstituicoesController), 'store')
#17 C:\\Users\\Dalia\\OneDrive\\Desktop\\WorkSpace\\pulardapontenaquinta\\rotasdeteste\\vendor\\laravel\\framework\\src\\Illuminate\\Routing\\Route.php(211): Illuminate\\Routing\\Route->runController()
#18 C:\\Users\\Dalia\\OneDrive\\Desktop\\WorkSpace\\pulardapontenaquinta\\rotasdeteste\\vendor\\laravel\\framework\\src\\Illuminate\\Routing\\Router.php(808): Illuminate\\Routing\\Route->run()
#19 C:\\Users\\Dalia\\OneDrive\\Desktop\\WorkSpace\\pulardapontenaquinta\\rotasdeteste\\vendor\\laravel\\framework\\src\\Illuminate\\Pipeline\\Pipeline.php(169): Illuminate\\Routing\\Router->Illuminate\\Routing\\{closure}(Object(Illuminate\\Http\\Request))
#20 C:\\Users\\Dalia\\OneDrive\\Desktop\\WorkSpace\\pulardapontenaquinta\\rotasdeteste\\vendor\\laravel\\framework\\src\\Illuminate\\Routing\\Middleware\\SubstituteBindings.php(50): Illuminate\\Pipeline\\Pipeline->Illuminate\\Pipeline\\{closure}(Object(Illuminate\\Http\\Request))
#21 C:\\Users\\Dalia\\OneDrive\\Desktop\\WorkSpace\\pulardapontenaquinta\\rotasdeteste\\vendor\\laravel\\framework\\src\\Illuminate\\Pipeline\\Pipeline.php(208): Illuminate\\Routing\\Middleware\\SubstituteBindings->handle(Object(Illuminate\\Http\\Request), Object(Closure))
#22 C:\\Users\\Dalia\\OneDrive\\Desktop\\WorkSpace\\pulardapontenaquinta\\rotasdeteste\\vendor\\laravel\\framework\\src\\Illuminate\\Pipeline\\Pipeline.php(126): Illuminate\\Pipeline\\Pipeline->Illuminate\\Pipeline\\{closure}(Object(Illuminate\\Http\\Request))
#23 C:\\Users\\Dalia\\OneDrive\\Desktop\\WorkSpace\\pulardapontenaquinta\\rotasdeteste\\vendor\\laravel\\framework\\src\\Illuminate\\Routing\\Router.php(807): Illuminate\\Pipeline\\Pipeline->then(Object(Closure))
#24 C:\\Users\\Dalia\\OneDrive\\Desktop\\WorkSpace\\pulardapontenaquinta\\rotasdeteste\\vendor\\laravel\\framework\\src\\Illuminate\\Routing\\Router.php(786): Illuminate\\Routing\\Router->runRouteWithinStack(Object(Illuminate\\Routing\\Route), Object(Illuminate\\Http\\Request))
#25 C:\\Users\\Dalia\\OneDrive\\Desktop\\WorkSpace\\pulardapontenaquinta\\rotasdeteste\\vendor\\laravel\\framework\\src\\Illuminate\\Routing\\Router.php(750): Illuminate\\Routing\\Router->runRoute(Object(Illuminate\\Http\\Request), Object(Illuminate\\Routing\\Route))
#26 C:\\Users\\Dalia\\OneDrive\\Desktop\\WorkSpace\\pulardapontenaquinta\\rotasdeteste\\vendor\\laravel\\framework\\src\\Illuminate\\Routing\\Router.php(739): Illuminate\\Routing\\Router->dispatchToRoute(Object(Illuminate\\Http\\Request))
#27 C:\\Users\\Dalia\\OneDrive\\Desktop\\WorkSpace\\pulardapontenaquinta\\rotasdeteste\\vendor\\laravel\\framework\\src\\Illuminate\\Foundation\\Http\\Kernel.php(200): Illuminate\\Routing\\Router->dispatch(Object(Illuminate\\Http\\Request))
#28 C:\\Users\\Dalia\\OneDrive\\Desktop\\WorkSpace\\pulardapontenaquinta\\rotasdeteste\\vendor\\laravel\\framework\\src\\Illuminate\\Pipeline\\Pipeline.php(169): Illuminate\\Foundation\\Http\\Kernel->Illuminate\\Foundation\\Http\\{closure}(Object(Illuminate\\Http\\Request))
#29 C:\\Users\\Dalia\\OneDrive\\Desktop\\WorkSpace\\pulardapontenaquinta\\rotasdeteste\\vendor\\laravel\\framework\\src\\Illuminate\\Foundation\\Http\\Middleware\\TransformsRequest.php(21): Illuminate\\Pipeline\\Pipeline->Illuminate\\Pipeline\\{closure}(Object(Illuminate\\Http\\Request))
#30 C:\\Users\\Dalia\\OneDrive\\Desktop\\WorkSpace\\pulardapontenaquinta\\rotasdeteste\\vendor\\laravel\\framework\\src\\Illuminate\\Foundation\\Http\\Middleware\\ConvertEmptyStringsToNull.php(31): Illuminate\\Foundation\\Http\\Middleware\\TransformsRequest->handle(Object(Illuminate\\Http\\Request), Object(Closure))
#31 C:\\Users\\Dalia\\OneDrive\\Desktop\\WorkSpace\\pulardapontenaquinta\\rotasdeteste\\vendor\\laravel\\framework\\src\\Illuminate\\Pipeline\\Pipeline.php(208): Illuminate\\Foundation\\Http\\Middleware\\ConvertEmptyStringsToNull->handle(Object(Illuminate\\Http\\Request), Object(Closure))
#32 C:\\Users\\Dalia\\OneDrive\\Desktop\\WorkSpace\\pulardapontenaquinta\\rotasdeteste\\vendor\\laravel\\framework\\src\\Illuminate\\Foundation\\Http\\Middleware\\TransformsRequest.php(21): Illuminate\\Pipeline\\Pipeline->Illuminate\\Pipeline\\{closure}(Object(Illuminate\\Http\\Request))
#33 C:\\Users\\Dalia\\OneDrive\\Desktop\\WorkSpace\\pulardapontenaquinta\\rotasdeteste\\vendor\\laravel\\framework\\src\\Illuminate\\Foundation\\Http\\Middleware\\TrimStrings.php(51): Illuminate\\Foundation\\Http\\Middleware\\TransformsRequest->handle(Object(Illuminate\\Http\\Request), Object(Closure))
#34 C:\\Users\\Dalia\\OneDrive\\Desktop\\WorkSpace\\pulardapontenaquinta\\rotasdeteste\\vendor\\laravel\\framework\\src\\Illuminate\\Pipeline\\Pipeline.php(208): Illuminate\\Foundation\\Http\\Middleware\\TrimStrings->handle(Object(Illuminate\\Http\\Request), Object(Closure))
#35 C:\\Users\\Dalia\\OneDrive\\Desktop\\WorkSpace\\pulardapontenaquinta\\rotasdeteste\\vendor\\laravel\\framework\\src\\Illuminate\\Http\\Middleware\\ValidatePostSize.php(27): Illuminate\\Pipeline\\Pipeline->Illuminate\\Pipeline\\{closure}(Object(Illuminate\\Http\\Request))
#36 C:\\Users\\Dalia\\OneDrive\\Desktop\\WorkSpace\\pulardapontenaquinta\\rotasdeteste\\vendor\\laravel\\framework\\src\\Illuminate\\Pipeline\\Pipeline.php(208): Illuminate\\Http\\Middleware\\ValidatePostSize->handle(Object(Illuminate\\Http\\Request), Object(Closure))
#37 C:\\Users\\Dalia\\OneDrive\\Desktop\\WorkSpace\\pulardapontenaquinta\\rotasdeteste\\vendor\\laravel\\framework\\src\\Illuminate\\Foundation\\Http\\Middleware\\PreventRequestsDuringMaintenance.php(109): Illuminate\\Pipeline\\Pipeline->Illuminate\\Pipeline\\{closure}(Object(Illuminate\\Http\\Request))
#38 C:\\Users\\Dalia\\OneDrive\\Desktop\\WorkSpace\\pulardapontenaquinta\\rotasdeteste\\vendor\\laravel\\framework\\src\\Illuminate\\Pipeline\\Pipeline.php(208): Illuminate\\Foundation\\Http\\Middleware\\PreventRequestsDuringMaintenance->handle(Object(Illuminate\\Http\\Request), Object(Closure))
#39 C:\\Users\\Dalia\\OneDrive\\Desktop\\WorkSpace\\pulardapontenaquinta\\rotasdeteste\\vendor\\laravel\\framework\\src\\Illuminate\\Http\\Middleware\\HandleCors.php(61): Illuminate\\Pipeline\\Pipeline->Illuminate\\Pipeline\\{closure}(Object(Illuminate\\Http\\Request))
#40 C:\\Users\\Dalia\\OneDrive\\Desktop\\WorkSpace\\pulardapontenaquinta\\rotasdeteste\\vendor\\laravel\\framework\\src\\Illuminate\\Pipeline\\Pipeline.php(208): Illuminate\\Http\\Middleware\\HandleCors->handle(Object(Illuminate\\Http\\Request), Object(Closure))
#41 C:\\Users\\Dalia\\OneDrive\\Desktop\\WorkSpace\\pulardapontenaquinta\\rotasdeteste\\vendor\\laravel\\framework\\src\\Illuminate\\Http\\Middleware\\TrustProxies.php(58): Illuminate\\Pipeline\\Pipeline->Illuminate\\Pipeline\\{closure}(Object(Illuminate\\Http\\Request))
#42 C:\\Users\\Dalia\\OneDrive\\Desktop\\WorkSpace\\pulardapontenaquinta\\rotasdeteste\\vendor\\laravel\\framework\\src\\Illuminate\\Pipeline\\Pipeline.php(208): Illuminate\\Http\\Middleware\\TrustProxies->handle(Object(Illuminate\\Http\\Request), Object(Closure))
#43 C:\\Users\\Dalia\\OneDrive\\Desktop\\WorkSpace\\pulardapontenaquinta\\rotasdeteste\\vendor\\laravel\\framework\\src\\Illuminate\\Foundation\\Http\\Middleware\\InvokeDeferredCallbacks.php(22): Illuminate\\Pipeline\\Pipeline->Illuminate\\Pipeline\\{closure}(Object(Illuminate\\Http\\Request))
#44 C:\\Users\\Dalia\\OneDrive\\Desktop\\WorkSpace\\pulardapontenaquinta\\rotasdeteste\\vendor\\laravel\\framework\\src\\Illuminate\\Pipeline\\Pipeline.php(208): Illuminate\\Foundation\\Http\\Middleware\\InvokeDeferredCallbacks->handle(Object(Illuminate\\Http\\Request), Object(Closure))
#45 C:\\Users\\Dalia\\OneDrive\\Desktop\\WorkSpace\\pulardapontenaquinta\\rotasdeteste\\vendor\\laravel\\framework\\src\\Illuminate\\Http\\Middleware\\ValidatePathEncoding.php(26): Illuminate\\Pipeline\\Pipeline->Illuminate\\Pipeline\\{closure}(Object(Illuminate\\Http\\Request))
#46 C:\\Users\\Dalia\\OneDrive\\Desktop\\WorkSpace\\pulardapontenaquinta\\rotasdeteste\\vendor\\laravel\\framework\\src\\Illuminate\\Pipeline\\Pipeline.php(208): Illuminate\\Http\\Middleware\\ValidatePathEncoding->handle(Object(Illuminate\\Http\\Request), Object(Closure))
#47 C:\\Users\\Dalia\\OneDrive\\Desktop\\WorkSpace\\pulardapontenaquinta\\rotasdeteste\\vendor\\laravel\\framework\\src\\Illuminate\\Pipeline\\Pipeline.php(126): Illuminate\\Pipeline\\Pipeline->Illuminate\\Pipeline\\{closure}(Object(Illuminate\\Http\\Request))
#48 C:\\Users\\Dalia\\OneDrive\\Desktop\\WorkSpace\\pulardapontenaquinta\\rotasdeteste\\vendor\\laravel\\framework\\src\\Illuminate\\Foundation\\Http\\Kernel.php(175): Illuminate\\Pipeline\\Pipeline->then(Object(Closure))
#49 C:\\Users\\Dalia\\OneDrive\\Desktop\\WorkSpace\\pulardapontenaquinta\\rotasdeteste\\vendor\\laravel\\framework\\src\\Illuminate\\Foundation\\Http\\Kernel.php(144): Illuminate\\Foundation\\Http\\Kernel->sendRequestThroughRouter(Object(Illuminate\\Http\\Request))
#50 C:\\Users\\Dalia\\OneDrive\\Desktop\\WorkSpace\\pulardapontenaquinta\\rotasdeteste\\vendor\\laravel\\framework\\src\\Illuminate\\Foundation\\Application.php(1219): Illuminate\\Foundation\\Http\\Kernel->handle(Object(Illuminate\\Http\\Request))
#51 C:\\Users\\Dalia\\OneDrive\\Desktop\\WorkSpace\\pulardapontenaquinta\\rotasdeteste\\public\\index.php(20): Illuminate\\Foundation\\Application->handleRequest(Object(Illuminate\\Http\\Request))
#52 C:\\Users\\Dalia\\OneDrive\\Desktop\\WorkSpace\\pulardapontenaquinta\\rotasdeteste\\vendor\\laravel\\framework\\src\\Illuminate\\Foundation\\resources\\server.php(23): require_once('C:\\\\Users\\\\Dalia\\\\...')
#53 {main}

[previous exception] [object] (PDOException(code: HY000): SQLSTATE[HY000]: General error: 1364 Field 'endereco_instituicao' doesn't have a default value at C:\\Users\\Dalia\\OneDrive\\Desktop\\WorkSpace\\pulardapontenaquinta\\rotasdeteste\\vendor\\laravel\\framework\\src\\Illuminate\\Database\\MySqlConnection.php:53)
[stacktrace]
#0 C:\\Users\\Dalia\\OneDrive\\Desktop\\WorkSpace\\pulardapontenaquinta\\rotasdeteste\\vendor\\laravel\\framework\\src\\Illuminate\\Database\\MySqlConnection.php(53): PDOStatement->execute()
#1 C:\\Users\\Dalia\\OneDrive\\Desktop\\WorkSpace\\pulardapontenaquinta\\rotasdeteste\\vendor\\laravel\\framework\\src\\Illuminate\\Database\\Connection.php(809): Illuminate\\Database\\MySqlConnection->Illuminate\\Database\\{closure}('insert into `in...', Array)
#2 C:\\Users\\Dalia\\OneDrive\\Desktop\\WorkSpace\\pulardapontenaquinta\\rotasdeteste\\vendor\\laravel\\framework\\src\\Illuminate\\Database\\Connection.php(776): Illuminate\\Database\\Connection->runQueryCallback('insert into `in...', Array, Object(Closure))
#3 C:\\Users\\Dalia\\OneDrive\\Desktop\\WorkSpace\\pulardapontenaquinta\\rotasdeteste\\vendor\\laravel\\framework\\src\\Illuminate\\Database\\MySqlConnection.php(42): Illuminate\\Database\\Connection->run('insert into `in...', Array, Object(Closure))
#4 C:\\Users\\Dalia\\OneDrive\\Desktop\\WorkSpace\\pulardapontenaquinta\\rotasdeteste\\vendor\\laravel\\framework\\src\\Illuminate\\Database\\Query\\Processors\\MySqlProcessor.php(35): Illuminate\\Database\\MySqlConnection->insert('insert into `in...', Array, 'id')
#5 C:\\Users\\Dalia\\OneDrive\\Desktop\\WorkSpace\\pulardapontenaquinta\\rotasdeteste\\vendor\\laravel\\framework\\src\\Illuminate\\Database\\Query\\Builder.php(3769): Illuminate\\Database\\Query\\Processors\\MySqlProcessor->processInsertGetId(Object(Illuminate\\Database\\Query\\Builder), 'insert into `in...', Array, 'id')
#6 C:\\Users\\Dalia\\OneDrive\\Desktop\\WorkSpace\\pulardapontenaquinta\\rotasdeteste\\vendor\\laravel\\framework\\src\\Illuminate\\Database\\Eloquent\\Builder.php(2143): Illuminate\\Database\\Query\\Builder->insertGetId(Array, 'id')
#7 C:\\Users\\Dalia\\OneDrive\\Desktop\\WorkSpace\\pulardapontenaquinta\\rotasdeteste\\vendor\\laravel\\framework\\src\\Illuminate\\Database\\Eloquent\\Model.php(1361): Illuminate\\Database\\Eloquent\\Builder->__call('insertGetId', Array)
#8 C:\\Users\\Dalia\\OneDrive\\Desktop\\WorkSpace\\pulardapontenaquinta\\rotasdeteste\\vendor\\laravel\\framework\\src\\Illuminate\\Database\\Eloquent\\Model.php(1326): Illuminate\\Database\\Eloquent\\Model->insertAndSetId(Object(Illuminate\\Database\\Eloquent\\Builder), Array)
#9 C:\\Users\\Dalia\\OneDrive\\Desktop\\WorkSpace\\pulardapontenaquinta\\rotasdeteste\\vendor\\laravel\\framework\\src\\Illuminate\\Database\\Eloquent\\Model.php(1165): Illuminate\\Database\\Eloquent\\Model->performInsert(Object(Illuminate\\Database\\Eloquent\\Builder))
#10 C:\\Users\\Dalia\\OneDrive\\Desktop\\WorkSpace\\pulardapontenaquinta\\rotasdeteste\\vendor\\laravel\\framework\\src\\Illuminate\\Database\\Eloquent\\Builder.php(1127): Illuminate\\Database\\Eloquent\\Model->save()
#11 C:\\Users\\Dalia\\OneDrive\\Desktop\\WorkSpace\\pulardapontenaquinta\\rotasdeteste\\vendor\\laravel\\framework\\src\\Illuminate\\Support\\helpers.php(399): Illuminate\\Database\\Eloquent\\Builder->Illuminate\\Database\\Eloquent\\{closure}(Object(App\\Models\\Instituicoes))
#12 C:\\Users\\Dalia\\OneDrive\\Desktop\\WorkSpace\\pulardapontenaquinta\\rotasdeteste\\vendor\\laravel\\framework\\src\\Illuminate\\Database\\Eloquent\\Builder.php(1126): tap(Object(App\\Models\\Instituicoes), Object(Closure))
#13 C:\\Users\\Dalia\\OneDrive\\Desktop\\WorkSpace\\pulardapontenaquinta\\rotasdeteste\\vendor\\laravel\\framework\\src\\Illuminate\\Support\\Traits\\ForwardsCalls.php(23): Illuminate\\Database\\Eloquent\\Builder->create(Array)
#14 C:\\Users\\Dalia\\OneDrive\\Desktop\\WorkSpace\\pulardapontenaquinta\\rotasdeteste\\vendor\\laravel\\framework\\src\\Illuminate\\Database\\Eloquent\\Model.php(2392): Illuminate\\Database\\Eloquent\\Model->forwardCallTo(Object(Illuminate\\Database\\Eloquent\\Builder), 'create', Array)
#15 C:\\Users\\Dalia\\OneDrive\\Desktop\\WorkSpace\\pulardapontenaquinta\\rotasdeteste\\vendor\\laravel\\framework\\src\\Illuminate\\Database\\Eloquent\\Model.php(2408): Illuminate\\Database\\Eloquent\\Model->__call('create', Array)
#16 C:\\Users\\Dalia\\OneDrive\\Desktop\\WorkSpace\\pulardapontenaquinta\\rotasdeteste\\app\\Http\\Controllers\\InstituicoesController.php(45): Illuminate\\Database\\Eloquent\\Model::__callStatic('create', Array)
#17 C:\\Users\\Dalia\\OneDrive\\Desktop\\WorkSpace\\pulardapontenaquinta\\rotasdeteste\\vendor\\laravel\\framework\\src\\Illuminate\\Routing\\ControllerDispatcher.php(46): App\\Http\\Controllers\\InstituicoesController->store(Object(Illuminate\\Http\\Request))
#18 C:\\Users\\Dalia\\OneDrive\\Desktop\\WorkSpace\\pulardapontenaquinta\\rotasdeteste\\vendor\\laravel\\framework\\src\\Illuminate\\Routing\\Route.php(265): Illuminate\\Routing\\ControllerDispatcher->dispatch(Object(Illuminate\\Routing\\Route), Object(App\\Http\\Controllers\\InstituicoesController), 'store')
#19 C:\\Users\\Dalia\\OneDrive\\Desktop\\WorkSpace\\pulardapontenaquinta\\rotasdeteste\\vendor\\laravel\\framework\\src\\Illuminate\\Routing\\Route.php(211): Illuminate\\Routing\\Route->runController()
#20 C:\\Users\\Dalia\\OneDrive\\Desktop\\WorkSpace\\pulardapontenaquinta\\rotasdeteste\\vendor\\laravel\\framework\\src\\Illuminate\\Routing\\Router.php(808): Illuminate\\Routing\\Route->run()
#21 C:\\Users\\Dalia\\OneDrive\\Desktop\\WorkSpace\\pulardapontenaquinta\\rotasdeteste\\vendor\\laravel\\framework\\src\\Illuminate\\Pipeline\\Pipeline.php(169): Illuminate\\Routing\\Router->Illuminate\\Routing\\{closure}(Object(Illuminate\\Http\\Request))
#22 C:\\Users\\Dalia\\OneDrive\\Desktop\\WorkSpace\\pulardapontenaquinta\\rotasdeteste\\vendor\\laravel\\framework\\src\\Illuminate\\Routing\\Middleware\\SubstituteBindings.php(50): Illuminate\\Pipeline\\Pipeline->Illuminate\\Pipeline\\{closure}(Object(Illuminate\\Http\\Request))
#23 C:\\Users\\Dalia\\OneDrive\\Desktop\\WorkSpace\\pulardapontenaquinta\\rotasdeteste\\vendor\\laravel\\framework\\src\\Illuminate\\Pipeline\\Pipeline.php(208): Illuminate\\Routing\\Middleware\\SubstituteBindings->handle(Object(Illuminate\\Http\\Request), Object(Closure))
#24 C:\\Users\\Dalia\\OneDrive\\Desktop\\WorkSpace\\pulardapontenaquinta\\rotasdeteste\\vendor\\laravel\\framework\\src\\Illuminate\\Pipeline\\Pipeline.php(126): Illuminate\\Pipeline\\Pipeline->Illuminate\\Pipeline\\{closure}(Object(Illuminate\\Http\\Request))
#25 C:\\Users\\Dalia\\OneDrive\\Desktop\\WorkSpace\\pulardapontenaquinta\\rotasdeteste\\vendor\\laravel\\framework\\src\\Illuminate\\Routing\\Router.php(807): Illuminate\\Pipeline\\Pipeline->then(Object(Closure))
#26 C:\\Users\\Dalia\\OneDrive\\Desktop\\WorkSpace\\pulardapontenaquinta\\rotasdeteste\\vendor\\laravel\\framework\\src\\Illuminate\\Routing\\Router.php(786): Illuminate\\Routing\\Router->runRouteWithinStack(Object(Illuminate\\Routing\\Route), Object(Illuminate\\Http\\Request))
#27 C:\\Users\\Dalia\\OneDrive\\Desktop\\WorkSpace\\pulardapontenaquinta\\rotasdeteste\\vendor\\laravel\\framework\\src\\Illuminate\\Routing\\Router.php(750): Illuminate\\Routing\\Router->runRoute(Object(Illuminate\\Http\\Request), Object(Illuminate\\Routing\\Route))
#28 C:\\Users\\Dalia\\OneDrive\\Desktop\\WorkSpace\\pulardapontenaquinta\\rotasdeteste\\vendor\\laravel\\framework\\src\\Illuminate\\Routing\\Router.php(739): Illuminate\\Routing\\Router->dispatchToRoute(Object(Illuminate\\Http\\Request))
#29 C:\\Users\\Dalia\\OneDrive\\Desktop\\WorkSpace\\pulardapontenaquinta\\rotasdeteste\\vendor\\laravel\\framework\\src\\Illuminate\\Foundation\\Http\\Kernel.php(200): Illuminate\\Routing\\Router->dispatch(Object(Illuminate\\Http\\Request))
#30 C:\\Users\\Dalia\\OneDrive\\Desktop\\WorkSpace\\pulardapontenaquinta\\rotasdeteste\\vendor\\laravel\\framework\\src\\Illuminate\\Pipeline\\Pipeline.php(169): Illuminate\\Foundation\\Http\\Kernel->Illuminate\\Foundation\\Http\\{closure}(Object(Illuminate\\Http\\Request))
#31 C:\\Users\\Dalia\\OneDrive\\Desktop\\WorkSpace\\pulardapontenaquinta\\rotasdeteste\\vendor\\laravel\\framework\\src\\Illuminate\\Foundation\\Http\\Middleware\\TransformsRequest.php(21): Illuminate\\Pipeline\\Pipeline->Illuminate\\Pipeline\\{closure}(Object(Illuminate\\Http\\Request))
#32 C:\\Users\\Dalia\\OneDrive\\Desktop\\WorkSpace\\pulardapontenaquinta\\rotasdeteste\\vendor\\laravel\\framework\\src\\Illuminate\\Foundation\\Http\\Middleware\\ConvertEmptyStringsToNull.php(31): Illuminate\\Foundation\\Http\\Middleware\\TransformsRequest->handle(Object(Illuminate\\Http\\Request), Object(Closure))
#33 C:\\Users\\Dalia\\OneDrive\\Desktop\\WorkSpace\\pulardapontenaquinta\\rotasdeteste\\vendor\\laravel\\framework\\src\\Illuminate\\Pipeline\\Pipeline.php(208): Illuminate\\Foundation\\Http\\Middleware\\ConvertEmptyStringsToNull->handle(Object(Illuminate\\Http\\Request), Object(Closure))
#34 C:\\Users\\Dalia\\OneDrive\\Desktop\\WorkSpace\\pulardapontenaquinta\\rotasdeteste\\vendor\\laravel\\framework\\src\\Illuminate\\Foundation\\Http\\Middleware\\TransformsRequest.php(21): Illuminate\\Pipeline\\Pipeline->Illuminate\\Pipeline\\{closure}(Object(Illuminate\\Http\\Request))
#35 C:\\Users\\Dalia\\OneDrive\\Desktop\\WorkSpace\\pulardapontenaquinta\\rotasdeteste\\vendor\\laravel\\framework\\src\\Illuminate\\Foundation\\Http\\Middleware\\TrimStrings.php(51): Illuminate\\Foundation\\Http\\Middleware\\TransformsRequest->handle(Object(Illuminate\\Http\\Request), Object(Closure))
#36 C:\\Users\\Dalia\\OneDrive\\Desktop\\WorkSpace\\pulardapontenaquinta\\rotasdeteste\\vendor\\laravel\\framework\\src\\Illuminate\\Pipeline\\Pipeline.php(208): Illuminate\\Foundation\\Http\\Middleware\\TrimStrings->handle(Object(Illuminate\\Http\\Request), Object(Closure))
#37 C:\\Users\\Dalia\\OneDrive\\Desktop\\WorkSpace\\pulardapontenaquinta\\rotasdeteste\\vendor\\laravel\\framework\\src\\Illuminate\\Http\\Middleware\\ValidatePostSize.php(27): Illuminate\\Pipeline\\Pipeline->Illuminate\\Pipeline\\{closure}(Object(Illuminate\\Http\\Request))
#38 C:\\Users\\Dalia\\OneDrive\\Desktop\\WorkSpace\\pulardapontenaquinta\\rotasdeteste\\vendor\\laravel\\framework\\src\\Illuminate\\Pipeline\\Pipeline.php(208): Illuminate\\Http\\Middleware\\ValidatePostSize->handle(Object(Illuminate\\Http\\Request), Object(Closure))
#39 C:\\Users\\Dalia\\OneDrive\\Desktop\\WorkSpace\\pulardapontenaquinta\\rotasdeteste\\vendor\\laravel\\framework\\src\\Illuminate\\Foundation\\Http\\Middleware\\PreventRequestsDuringMaintenance.php(109): Illuminate\\Pipeline\\Pipeline->Illuminate\\Pipeline\\{closure}(Object(Illuminate\\Http\\Request))
#40 C:\\Users\\Dalia\\OneDrive\\Desktop\\WorkSpace\\pulardapontenaquinta\\rotasdeteste\\vendor\\laravel\\framework\\src\\Illuminate\\Pipeline\\Pipeline.php(208): Illuminate\\Foundation\\Http\\Middleware\\PreventRequestsDuringMaintenance->handle(Object(Illuminate\\Http\\Request), Object(Closure))
#41 C:\\Users\\Dalia\\OneDrive\\Desktop\\WorkSpace\\pulardapontenaquinta\\rotasdeteste\\vendor\\laravel\\framework\\src\\Illuminate\\Http\\Middleware\\HandleCors.php(61): Illuminate\\Pipeline\\Pipeline->Illuminate\\Pipeline\\{closure}(Object(Illuminate\\Http\\Request))
#42 C:\\Users\\Dalia\\OneDrive\\Desktop\\WorkSpace\\pulardapontenaquinta\\rotasdeteste\\vendor\\laravel\\framework\\src\\Illuminate\\Pipeline\\Pipeline.php(208): Illuminate\\Http\\Middleware\\HandleCors->handle(Object(Illuminate\\Http\\Request), Object(Closure))
#43 C:\\Users\\Dalia\\OneDrive\\Desktop\\WorkSpace\\pulardapontenaquinta\\rotasdeteste\\vendor\\laravel\\framework\\src\\Illuminate\\Http\\Middleware\\TrustProxies.php(58): Illuminate\\Pipeline\\Pipeline->Illuminate\\Pipeline\\{closure}(Object(Illuminate\\Http\\Request))
#44 C:\\Users\\Dalia\\OneDrive\\Desktop\\WorkSpace\\pulardapontenaquinta\\rotasdeteste\\vendor\\laravel\\framework\\src\\Illuminate\\Pipeline\\Pipeline.php(208): Illuminate\\Http\\Middleware\\TrustProxies->handle(Object(Illuminate\\Http\\Request), Object(Closure))
#45 C:\\Users\\Dalia\\OneDrive\\Desktop\\WorkSpace\\pulardapontenaquinta\\rotasdeteste\\vendor\\laravel\\framework\\src\\Illuminate\\Foundation\\Http\\Middleware\\InvokeDeferredCallbacks.php(22): Illuminate\\Pipeline\\Pipeline->Illuminate\\Pipeline\\{closure}(Object(Illuminate\\Http\\Request))
#46 C:\\Users\\Dalia\\OneDrive\\Desktop\\WorkSpace\\pulardapontenaquinta\\rotasdeteste\\vendor\\laravel\\framework\\src\\Illuminate\\Pipeline\\Pipeline.php(208): Illuminate\\Foundation\\Http\\Middleware\\InvokeDeferredCallbacks->handle(Object(Illuminate\\Http\\Request), Object(Closure))
#47 C:\\Users\\Dalia\\OneDrive\\Desktop\\WorkSpace\\pulardapontenaquinta\\rotasdeteste\\vendor\\laravel\\framework\\src\\Illuminate\\Http\\Middleware\\ValidatePathEncoding.php(26): Illuminate\\Pipeline\\Pipeline->Illuminate\\Pipeline\\{closure}(Object(Illuminate\\Http\\Request))
#48 C:\\Users\\Dalia\\OneDrive\\Desktop\\WorkSpace\\pulardapontenaquinta\\rotasdeteste\\vendor\\laravel\\framework\\src\\Illuminate\\Pipeline\\Pipeline.php(208): Illuminate\\Http\\Middleware\\ValidatePathEncoding->handle(Object(Illuminate\\Http\\Request), Object(Closure))
#49 C:\\Users\\Dalia\\OneDrive\\Desktop\\WorkSpace\\pulardapontenaquinta\\rotasdeteste\\vendor\\laravel\\framework\\src\\Illuminate\\Pipeline\\Pipeline.php(126): Illuminate\\Pipeline\\Pipeline->Illuminate\\Pipeline\\{closure}(Object(Illuminate\\Http\\Request))
#50 C:\\Users\\Dalia\\OneDrive\\Desktop\\WorkSpace\\pulardapontenaquinta\\rotasdeteste\\vendor\\laravel\\framework\\src\\Illuminate\\Foundation\\Http\\Kernel.php(175): Illuminate\\Pipeline\\Pipeline->then(Object(Closure))
#51 C:\\Users\\Dalia\\OneDrive\\Desktop\\WorkSpace\\pulardapontenaquinta\\rotasdeteste\\vendor\\laravel\\framework\\src\\Illuminate\\Foundation\\Http\\Kernel.php(144): Illuminate\\Foundation\\Http\\Kernel->sendRequestThroughRouter(Object(Illuminate\\Http\\Request))
#52 C:\\Users\\Dalia\\OneDrive\\Desktop\\WorkSpace\\pulardapontenaquinta\\rotasdeteste\\vendor\\laravel\\framework\\src\\Illuminate\\Foundation\\Application.php(1219): Illuminate\\Foundation\\Http\\Kernel->handle(Object(Illuminate\\Http\\Request))
#53 C:\\Users\\Dalia\\OneDrive\\Desktop\\WorkSpace\\pulardapontenaquinta\\rotasdeteste\\public\\index.php(20): Illuminate\\Foundation\\Application->handleRequest(Object(Illuminate\\Http\\Request))
#54 C:\\Users\\Dalia\\OneDrive\\Desktop\\WorkSpace\\pulardapontenaquinta\\rotasdeteste\\vendor\\laravel\\framework\\src\\Illuminate\\Foundation\\resources\\server.php(23): require_once('C:\\\\Users\\\\Dalia\\\\...')
#55 {main}
"} 
[2025-04-18 01:41:15] local.ERROR: SQLSTATE[HY000]: General error: 1364 Field 'endereco_instituicao' doesn't have a default value (Connection: mysql, SQL: insert into `instituicoes` (`nm_instituicao`, `email_instituicao`, `senha`, `descricao`, `telefone`, `updated_at`, `created_at`) values (acvaca, adfefcve@, 12345, cacwcacw, 12455245, 2025-04-18 01:41:15, 2025-04-18 01:41:15)) {"exception":"[object] (Illuminate\\Database\\QueryException(code: HY000): SQLSTATE[HY000]: General error: 1364 Field 'endereco_instituicao' doesn't have a default value (Connection: mysql, SQL: insert into `instituicoes` (`nm_instituicao`, `email_instituicao`, `senha`, `descricao`, `telefone`, `updated_at`, `created_at`) values (acvaca, adfefcve@, 12345, cacwcacw, 12455245, 2025-04-18 01:41:15, 2025-04-18 01:41:15)) at C:\\Users\\Dalia\\OneDrive\\Desktop\\WorkSpace\\pulardapontenaquinta\\rotasdeteste\\vendor\\laravel\\framework\\src\\Illuminate\\Database\\Connection.php:822)
[stacktrace]
#0 C:\\Users\\Dalia\\OneDrive\\Desktop\\WorkSpace\\pulardapontenaquinta\\rotasdeteste\\vendor\\laravel\\framework\\src\\Illuminate\\Database\\Connection.php(776): Illuminate\\Database\\Connection->runQueryCallback('insert into `in...', Array, Object(Closure))
#1 C:\\Users\\Dalia\\OneDrive\\Desktop\\WorkSpace\\pulardapontenaquinta\\rotasdeteste\\vendor\\laravel\\framework\\src\\Illuminate\\Database\\MySqlConnection.php(42): Illuminate\\Database\\Connection->run('insert into `in...', Array, Object(Closure))
#2 C:\\Users\\Dalia\\OneDrive\\Desktop\\WorkSpace\\pulardapontenaquinta\\rotasdeteste\\vendor\\laravel\\framework\\src\\Illuminate\\Database\\Query\\Processors\\MySqlProcessor.php(35): Illuminate\\Database\\MySqlConnection->insert('insert into `in...', Array, 'id')
#3 C:\\Users\\Dalia\\OneDrive\\Desktop\\WorkSpace\\pulardapontenaquinta\\rotasdeteste\\vendor\\laravel\\framework\\src\\Illuminate\\Database\\Query\\Builder.php(3769): Illuminate\\Database\\Query\\Processors\\MySqlProcessor->processInsertGetId(Object(Illuminate\\Database\\Query\\Builder), 'insert into `in...', Array, 'id')
#4 C:\\Users\\Dalia\\OneDrive\\Desktop\\WorkSpace\\pulardapontenaquinta\\rotasdeteste\\vendor\\laravel\\framework\\src\\Illuminate\\Database\\Eloquent\\Builder.php(2143): Illuminate\\Database\\Query\\Builder->insertGetId(Array, 'id')
#5 C:\\Users\\Dalia\\OneDrive\\Desktop\\WorkSpace\\pulardapontenaquinta\\rotasdeteste\\vendor\\laravel\\framework\\src\\Illuminate\\Database\\Eloquent\\Model.php(1361): Illuminate\\Database\\Eloquent\\Builder->__call('insertGetId', Array)
#6 C:\\Users\\Dalia\\OneDrive\\Desktop\\WorkSpace\\pulardapontenaquinta\\rotasdeteste\\vendor\\laravel\\framework\\src\\Illuminate\\Database\\Eloquent\\Model.php(1326): Illuminate\\Database\\Eloquent\\Model->insertAndSetId(Object(Illuminate\\Database\\Eloquent\\Builder), Array)
#7 C:\\Users\\Dalia\\OneDrive\\Desktop\\WorkSpace\\pulardapontenaquinta\\rotasdeteste\\vendor\\laravel\\framework\\src\\Illuminate\\Database\\Eloquent\\Model.php(1165): Illuminate\\Database\\Eloquent\\Model->performInsert(Object(Illuminate\\Database\\Eloquent\\Builder))
#8 C:\\Users\\Dalia\\OneDrive\\Desktop\\WorkSpace\\pulardapontenaquinta\\rotasdeteste\\vendor\\laravel\\framework\\src\\Illuminate\\Database\\Eloquent\\Builder.php(1127): Illuminate\\Database\\Eloquent\\Model->save()
#9 C:\\Users\\Dalia\\OneDrive\\Desktop\\WorkSpace\\pulardapontenaquinta\\rotasdeteste\\vendor\\laravel\\framework\\src\\Illuminate\\Support\\helpers.php(399): Illuminate\\Database\\Eloquent\\Builder->Illuminate\\Database\\Eloquent\\{closure}(Object(App\\Models\\Instituicoes))
#10 C:\\Users\\Dalia\\OneDrive\\Desktop\\WorkSpace\\pulardapontenaquinta\\rotasdeteste\\vendor\\laravel\\framework\\src\\Illuminate\\Database\\Eloquent\\Builder.php(1126): tap(Object(App\\Models\\Instituicoes), Object(Closure))
#11 C:\\Users\\Dalia\\OneDrive\\Desktop\\WorkSpace\\pulardapontenaquinta\\rotasdeteste\\vendor\\laravel\\framework\\src\\Illuminate\\Support\\Traits\\ForwardsCalls.php(23): Illuminate\\Database\\Eloquent\\Builder->create(Array)
#12 C:\\Users\\Dalia\\OneDrive\\Desktop\\WorkSpace\\pulardapontenaquinta\\rotasdeteste\\vendor\\laravel\\framework\\src\\Illuminate\\Database\\Eloquent\\Model.php(2392): Illuminate\\Database\\Eloquent\\Model->forwardCallTo(Object(Illuminate\\Database\\Eloquent\\Builder), 'create', Array)
#13 C:\\Users\\Dalia\\OneDrive\\Desktop\\WorkSpace\\pulardapontenaquinta\\rotasdeteste\\vendor\\laravel\\framework\\src\\Illuminate\\Database\\Eloquent\\Model.php(2408): Illuminate\\Database\\Eloquent\\Model->__call('create', Array)
#14 C:\\Users\\Dalia\\OneDrive\\Desktop\\WorkSpace\\pulardapontenaquinta\\rotasdeteste\\app\\Http\\Controllers\\InstituicoesController.php(45): Illuminate\\Database\\Eloquent\\Model::__callStatic('create', Array)
#15 C:\\Users\\Dalia\\OneDrive\\Desktop\\WorkSpace\\pulardapontenaquinta\\rotasdeteste\\vendor\\laravel\\framework\\src\\Illuminate\\Routing\\ControllerDispatcher.php(46): App\\Http\\Controllers\\InstituicoesController->store(Object(Illuminate\\Http\\Request))
#16 C:\\Users\\Dalia\\OneDrive\\Desktop\\WorkSpace\\pulardapontenaquinta\\rotasdeteste\\vendor\\laravel\\framework\\src\\Illuminate\\Routing\\Route.php(265): Illuminate\\Routing\\ControllerDispatcher->dispatch(Object(Illuminate\\Routing\\Route), Object(App\\Http\\Controllers\\InstituicoesController), 'store')
#17 C:\\Users\\Dalia\\OneDrive\\Desktop\\WorkSpace\\pulardapontenaquinta\\rotasdeteste\\vendor\\laravel\\framework\\src\\Illuminate\\Routing\\Route.php(211): Illuminate\\Routing\\Route->runController()
#18 C:\\Users\\Dalia\\OneDrive\\Desktop\\WorkSpace\\pulardapontenaquinta\\rotasdeteste\\vendor\\laravel\\framework\\src\\Illuminate\\Routing\\Router.php(808): Illuminate\\Routing\\Route->run()
#19 C:\\Users\\Dalia\\OneDrive\\Desktop\\WorkSpace\\pulardapontenaquinta\\rotasdeteste\\vendor\\laravel\\framework\\src\\Illuminate\\Pipeline\\Pipeline.php(169): Illuminate\\Routing\\Router->Illuminate\\Routing\\{closure}(Object(Illuminate\\Http\\Request))
#20 C:\\Users\\Dalia\\OneDrive\\Desktop\\WorkSpace\\pulardapontenaquinta\\rotasdeteste\\vendor\\laravel\\framework\\src\\Illuminate\\Routing\\Middleware\\SubstituteBindings.php(50): Illuminate\\Pipeline\\Pipeline->Illuminate\\Pipeline\\{closure}(Object(Illuminate\\Http\\Request))
#21 C:\\Users\\Dalia\\OneDrive\\Desktop\\WorkSpace\\pulardapontenaquinta\\rotasdeteste\\vendor\\laravel\\framework\\src\\Illuminate\\Pipeline\\Pipeline.php(208): Illuminate\\Routing\\Middleware\\SubstituteBindings->handle(Object(Illuminate\\Http\\Request), Object(Closure))
#22 C:\\Users\\Dalia\\OneDrive\\Desktop\\WorkSpace\\pulardapontenaquinta\\rotasdeteste\\vendor\\laravel\\framework\\src\\Illuminate\\Pipeline\\Pipeline.php(126): Illuminate\\Pipeline\\Pipeline->Illuminate\\Pipeline\\{closure}(Object(Illuminate\\Http\\Request))
#23 C:\\Users\\Dalia\\OneDrive\\Desktop\\WorkSpace\\pulardapontenaquinta\\rotasdeteste\\vendor\\laravel\\framework\\src\\Illuminate\\Routing\\Router.php(807): Illuminate\\Pipeline\\Pipeline->then(Object(Closure))
#24 C:\\Users\\Dalia\\OneDrive\\Desktop\\WorkSpace\\pulardapontenaquinta\\rotasdeteste\\vendor\\laravel\\framework\\src\\Illuminate\\Routing\\Router.php(786): Illuminate\\Routing\\Router->runRouteWithinStack(Object(Illuminate\\Routing\\Route), Object(Illuminate\\Http\\Request))
#25 C:\\Users\\Dalia\\OneDrive\\Desktop\\WorkSpace\\pulardapontenaquinta\\rotasdeteste\\vendor\\laravel\\framework\\src\\Illuminate\\Routing\\Router.php(750): Illuminate\\Routing\\Router->runRoute(Object(Illuminate\\Http\\Request), Object(Illuminate\\Routing\\Route))
#26 C:\\Users\\Dalia\\OneDrive\\Desktop\\WorkSpace\\pulardapontenaquinta\\rotasdeteste\\vendor\\laravel\\framework\\src\\Illuminate\\Routing\\Router.php(739): Illuminate\\Routing\\Router->dispatchToRoute(Object(Illuminate\\Http\\Request))
#27 C:\\Users\\Dalia\\OneDrive\\Desktop\\WorkSpace\\pulardapontenaquinta\\rotasdeteste\\vendor\\laravel\\framework\\src\\Illuminate\\Foundation\\Http\\Kernel.php(200): Illuminate\\Routing\\Router->dispatch(Object(Illuminate\\Http\\Request))
#28 C:\\Users\\Dalia\\OneDrive\\Desktop\\WorkSpace\\pulardapontenaquinta\\rotasdeteste\\vendor\\laravel\\framework\\src\\Illuminate\\Pipeline\\Pipeline.php(169): Illuminate\\Foundation\\Http\\Kernel->Illuminate\\Foundation\\Http\\{closure}(Object(Illuminate\\Http\\Request))
#29 C:\\Users\\Dalia\\OneDrive\\Desktop\\WorkSpace\\pulardapontenaquinta\\rotasdeteste\\vendor\\laravel\\framework\\src\\Illuminate\\Foundation\\Http\\Middleware\\TransformsRequest.php(21): Illuminate\\Pipeline\\Pipeline->Illuminate\\Pipeline\\{closure}(Object(Illuminate\\Http\\Request))
#30 C:\\Users\\Dalia\\OneDrive\\Desktop\\WorkSpace\\pulardapontenaquinta\\rotasdeteste\\vendor\\laravel\\framework\\src\\Illuminate\\Foundation\\Http\\Middleware\\ConvertEmptyStringsToNull.php(31): Illuminate\\Foundation\\Http\\Middleware\\TransformsRequest->handle(Object(Illuminate\\Http\\Request), Object(Closure))
#31 C:\\Users\\Dalia\\OneDrive\\Desktop\\WorkSpace\\pulardapontenaquinta\\rotasdeteste\\vendor\\laravel\\framework\\src\\Illuminate\\Pipeline\\Pipeline.php(208): Illuminate\\Foundation\\Http\\Middleware\\ConvertEmptyStringsToNull->handle(Object(Illuminate\\Http\\Request), Object(Closure))
#32 C:\\Users\\Dalia\\OneDrive\\Desktop\\WorkSpace\\pulardapontenaquinta\\rotasdeteste\\vendor\\laravel\\framework\\src\\Illuminate\\Foundation\\Http\\Middleware\\TransformsRequest.php(21): Illuminate\\Pipeline\\Pipeline->Illuminate\\Pipeline\\{closure}(Object(Illuminate\\Http\\Request))
#33 C:\\Users\\Dalia\\OneDrive\\Desktop\\WorkSpace\\pulardapontenaquinta\\rotasdeteste\\vendor\\laravel\\framework\\src\\Illuminate\\Foundation\\Http\\Middleware\\TrimStrings.php(51): Illuminate\\Foundation\\Http\\Middleware\\TransformsRequest->handle(Object(Illuminate\\Http\\Request), Object(Closure))
#34 C:\\Users\\Dalia\\OneDrive\\Desktop\\WorkSpace\\pulardapontenaquinta\\rotasdeteste\\vendor\\laravel\\framework\\src\\Illuminate\\Pipeline\\Pipeline.php(208): Illuminate\\Foundation\\Http\\Middleware\\TrimStrings->handle(Object(Illuminate\\Http\\Request), Object(Closure))
#35 C:\\Users\\Dalia\\OneDrive\\Desktop\\WorkSpace\\pulardapontenaquinta\\rotasdeteste\\vendor\\laravel\\framework\\src\\Illuminate\\Http\\Middleware\\ValidatePostSize.php(27): Illuminate\\Pipeline\\Pipeline->Illuminate\\Pipeline\\{closure}(Object(Illuminate\\Http\\Request))
#36 C:\\Users\\Dalia\\OneDrive\\Desktop\\WorkSpace\\pulardapontenaquinta\\rotasdeteste\\vendor\\laravel\\framework\\src\\Illuminate\\Pipeline\\Pipeline.php(208): Illuminate\\Http\\Middleware\\ValidatePostSize->handle(Object(Illuminate\\Http\\Request), Object(Closure))
#37 C:\\Users\\Dalia\\OneDrive\\Desktop\\WorkSpace\\pulardapontenaquinta\\rotasdeteste\\vendor\\laravel\\framework\\src\\Illuminate\\Foundation\\Http\\Middleware\\PreventRequestsDuringMaintenance.php(109): Illuminate\\Pipeline\\Pipeline->Illuminate\\Pipeline\\{closure}(Object(Illuminate\\Http\\Request))
#38 C:\\Users\\Dalia\\OneDrive\\Desktop\\WorkSpace\\pulardapontenaquinta\\rotasdeteste\\vendor\\laravel\\framework\\src\\Illuminate\\Pipeline\\Pipeline.php(208): Illuminate\\Foundation\\Http\\Middleware\\PreventRequestsDuringMaintenance->handle(Object(Illuminate\\Http\\Request), Object(Closure))
#39 C:\\Users\\Dalia\\OneDrive\\Desktop\\WorkSpace\\pulardapontenaquinta\\rotasdeteste\\vendor\\laravel\\framework\\src\\Illuminate\\Http\\Middleware\\HandleCors.php(61): Illuminate\\Pipeline\\Pipeline->Illuminate\\Pipeline\\{closure}(Object(Illuminate\\Http\\Request))
#40 C:\\Users\\Dalia\\OneDrive\\Desktop\\WorkSpace\\pulardapontenaquinta\\rotasdeteste\\vendor\\laravel\\framework\\src\\Illuminate\\Pipeline\\Pipeline.php(208): Illuminate\\Http\\Middleware\\HandleCors->handle(Object(Illuminate\\Http\\Request), Object(Closure))
#41 C:\\Users\\Dalia\\OneDrive\\Desktop\\WorkSpace\\pulardapontenaquinta\\rotasdeteste\\vendor\\laravel\\framework\\src\\Illuminate\\Http\\Middleware\\TrustProxies.php(58): Illuminate\\Pipeline\\Pipeline->Illuminate\\Pipeline\\{closure}(Object(Illuminate\\Http\\Request))
#42 C:\\Users\\Dalia\\OneDrive\\Desktop\\WorkSpace\\pulardapontenaquinta\\rotasdeteste\\vendor\\laravel\\framework\\src\\Illuminate\\Pipeline\\Pipeline.php(208): Illuminate\\Http\\Middleware\\TrustProxies->handle(Object(Illuminate\\Http\\Request), Object(Closure))
#43 C:\\Users\\Dalia\\OneDrive\\Desktop\\WorkSpace\\pulardapontenaquinta\\rotasdeteste\\vendor\\laravel\\framework\\src\\Illuminate\\Foundation\\Http\\Middleware\\InvokeDeferredCallbacks.php(22): Illuminate\\Pipeline\\Pipeline->Illuminate\\Pipeline\\{closure}(Object(Illuminate\\Http\\Request))
#44 C:\\Users\\Dalia\\OneDrive\\Desktop\\WorkSpace\\pulardapontenaquinta\\rotasdeteste\\vendor\\laravel\\framework\\src\\Illuminate\\Pipeline\\Pipeline.php(208): Illuminate\\Foundation\\Http\\Middleware\\InvokeDeferredCallbacks->handle(Object(Illuminate\\Http\\Request), Object(Closure))
#45 C:\\Users\\Dalia\\OneDrive\\Desktop\\WorkSpace\\pulardapontenaquinta\\rotasdeteste\\vendor\\laravel\\framework\\src\\Illuminate\\Http\\Middleware\\ValidatePathEncoding.php(26): Illuminate\\Pipeline\\Pipeline->Illuminate\\Pipeline\\{closure}(Object(Illuminate\\Http\\Request))
#46 C:\\Users\\Dalia\\OneDrive\\Desktop\\WorkSpace\\pulardapontenaquinta\\rotasdeteste\\vendor\\laravel\\framework\\src\\Illuminate\\Pipeline\\Pipeline.php(208): Illuminate\\Http\\Middleware\\ValidatePathEncoding->handle(Object(Illuminate\\Http\\Request), Object(Closure))
#47 C:\\Users\\Dalia\\OneDrive\\Desktop\\WorkSpace\\pulardapontenaquinta\\rotasdeteste\\vendor\\laravel\\framework\\src\\Illuminate\\Pipeline\\Pipeline.php(126): Illuminate\\Pipeline\\Pipeline->Illuminate\\Pipeline\\{closure}(Object(Illuminate\\Http\\Request))
#48 C:\\Users\\Dalia\\OneDrive\\Desktop\\WorkSpace\\pulardapontenaquinta\\rotasdeteste\\vendor\\laravel\\framework\\src\\Illuminate\\Foundation\\Http\\Kernel.php(175): Illuminate\\Pipeline\\Pipeline->then(Object(Closure))
#49 C:\\Users\\Dalia\\OneDrive\\Desktop\\WorkSpace\\pulardapontenaquinta\\rotasdeteste\\vendor\\laravel\\framework\\src\\Illuminate\\Foundation\\Http\\Kernel.php(144): Illuminate\\Foundation\\Http\\Kernel->sendRequestThroughRouter(Object(Illuminate\\Http\\Request))
#50 C:\\Users\\Dalia\\OneDrive\\Desktop\\WorkSpace\\pulardapontenaquinta\\rotasdeteste\\vendor\\laravel\\framework\\src\\Illuminate\\Foundation\\Application.php(1219): Illuminate\\Foundation\\Http\\Kernel->handle(Object(Illuminate\\Http\\Request))
#51 C:\\Users\\Dalia\\OneDrive\\Desktop\\WorkSpace\\pulardapontenaquinta\\rotasdeteste\\public\\index.php(20): Illuminate\\Foundation\\Application->handleRequest(Object(Illuminate\\Http\\Request))
#52 C:\\Users\\Dalia\\OneDrive\\Desktop\\WorkSpace\\pulardapontenaquinta\\rotasdeteste\\vendor\\laravel\\framework\\src\\Illuminate\\Foundation\\resources\\server.php(23): require_once('C:\\\\Users\\\\Dalia\\\\...')
#53 {main}

[previous exception] [object] (PDOException(code: HY000): SQLSTATE[HY000]: General error: 1364 Field 'endereco_instituicao' doesn't have a default value at C:\\Users\\Dalia\\OneDrive\\Desktop\\WorkSpace\\pulardapontenaquinta\\rotasdeteste\\vendor\\laravel\\framework\\src\\Illuminate\\Database\\MySqlConnection.php:53)
[stacktrace]
#0 C:\\Users\\Dalia\\OneDrive\\Desktop\\WorkSpace\\pulardapontenaquinta\\rotasdeteste\\vendor\\laravel\\framework\\src\\Illuminate\\Database\\MySqlConnection.php(53): PDOStatement->execute()
#1 C:\\Users\\Dalia\\OneDrive\\Desktop\\WorkSpace\\pulardapontenaquinta\\rotasdeteste\\vendor\\laravel\\framework\\src\\Illuminate\\Database\\Connection.php(809): Illuminate\\Database\\MySqlConnection->Illuminate\\Database\\{closure}('insert into `in...', Array)
#2 C:\\Users\\Dalia\\OneDrive\\Desktop\\WorkSpace\\pulardapontenaquinta\\rotasdeteste\\vendor\\laravel\\framework\\src\\Illuminate\\Database\\Connection.php(776): Illuminate\\Database\\Connection->runQueryCallback('insert into `in...', Array, Object(Closure))
#3 C:\\Users\\Dalia\\OneDrive\\Desktop\\WorkSpace\\pulardapontenaquinta\\rotasdeteste\\vendor\\laravel\\framework\\src\\Illuminate\\Database\\MySqlConnection.php(42): Illuminate\\Database\\Connection->run('insert into `in...', Array, Object(Closure))
#4 C:\\Users\\Dalia\\OneDrive\\Desktop\\WorkSpace\\pulardapontenaquinta\\rotasdeteste\\vendor\\laravel\\framework\\src\\Illuminate\\Database\\Query\\Processors\\MySqlProcessor.php(35): Illuminate\\Database\\MySqlConnection->insert('insert into `in...', Array, 'id')
#5 C:\\Users\\Dalia\\OneDrive\\Desktop\\WorkSpace\\pulardapontenaquinta\\rotasdeteste\\vendor\\laravel\\framework\\src\\Illuminate\\Database\\Query\\Builder.php(3769): Illuminate\\Database\\Query\\Processors\\MySqlProcessor->processInsertGetId(Object(Illuminate\\Database\\Query\\Builder), 'insert into `in...', Array, 'id')
#6 C:\\Users\\Dalia\\OneDrive\\Desktop\\WorkSpace\\pulardapontenaquinta\\rotasdeteste\\vendor\\laravel\\framework\\src\\Illuminate\\Database\\Eloquent\\Builder.php(2143): Illuminate\\Database\\Query\\Builder->insertGetId(Array, 'id')
#7 C:\\Users\\Dalia\\OneDrive\\Desktop\\WorkSpace\\pulardapontenaquinta\\rotasdeteste\\vendor\\laravel\\framework\\src\\Illuminate\\Database\\Eloquent\\Model.php(1361): Illuminate\\Database\\Eloquent\\Builder->__call('insertGetId', Array)
#8 C:\\Users\\Dalia\\OneDrive\\Desktop\\WorkSpace\\pulardapontenaquinta\\rotasdeteste\\vendor\\laravel\\framework\\src\\Illuminate\\Database\\Eloquent\\Model.php(1326): Illuminate\\Database\\Eloquent\\Model->insertAndSetId(Object(Illuminate\\Database\\Eloquent\\Builder), Array)
#9 C:\\Users\\Dalia\\OneDrive\\Desktop\\WorkSpace\\pulardapontenaquinta\\rotasdeteste\\vendor\\laravel\\framework\\src\\Illuminate\\Database\\Eloquent\\Model.php(1165): Illuminate\\Database\\Eloquent\\Model->performInsert(Object(Illuminate\\Database\\Eloquent\\Builder))
#10 C:\\Users\\Dalia\\OneDrive\\Desktop\\WorkSpace\\pulardapontenaquinta\\rotasdeteste\\vendor\\laravel\\framework\\src\\Illuminate\\Database\\Eloquent\\Builder.php(1127): Illuminate\\Database\\Eloquent\\Model->save()
#11 C:\\Users\\Dalia\\OneDrive\\Desktop\\WorkSpace\\pulardapontenaquinta\\rotasdeteste\\vendor\\laravel\\framework\\src\\Illuminate\\Support\\helpers.php(399): Illuminate\\Database\\Eloquent\\Builder->Illuminate\\Database\\Eloquent\\{closure}(Object(App\\Models\\Instituicoes))
#12 C:\\Users\\Dalia\\OneDrive\\Desktop\\WorkSpace\\pulardapontenaquinta\\rotasdeteste\\vendor\\laravel\\framework\\src\\Illuminate\\Database\\Eloquent\\Builder.php(1126): tap(Object(App\\Models\\Instituicoes), Object(Closure))
#13 C:\\Users\\Dalia\\OneDrive\\Desktop\\WorkSpace\\pulardapontenaquinta\\rotasdeteste\\vendor\\laravel\\framework\\src\\Illuminate\\Support\\Traits\\ForwardsCalls.php(23): Illuminate\\Database\\Eloquent\\Builder->create(Array)
#14 C:\\Users\\Dalia\\OneDrive\\Desktop\\WorkSpace\\pulardapontenaquinta\\rotasdeteste\\vendor\\laravel\\framework\\src\\Illuminate\\Database\\Eloquent\\Model.php(2392): Illuminate\\Database\\Eloquent\\Model->forwardCallTo(Object(Illuminate\\Database\\Eloquent\\Builder), 'create', Array)
#15 C:\\Users\\Dalia\\OneDrive\\Desktop\\WorkSpace\\pulardapontenaquinta\\rotasdeteste\\vendor\\laravel\\framework\\src\\Illuminate\\Database\\Eloquent\\Model.php(2408): Illuminate\\Database\\Eloquent\\Model->__call('create', Array)
#16 C:\\Users\\Dalia\\OneDrive\\Desktop\\WorkSpace\\pulardapontenaquinta\\rotasdeteste\\app\\Http\\Controllers\\InstituicoesController.php(45): Illuminate\\Database\\Eloquent\\Model::__callStatic('create', Array)
#17 C:\\Users\\Dalia\\OneDrive\\Desktop\\WorkSpace\\pulardapontenaquinta\\rotasdeteste\\vendor\\laravel\\framework\\src\\Illuminate\\Routing\\ControllerDispatcher.php(46): App\\Http\\Controllers\\InstituicoesController->store(Object(Illuminate\\Http\\Request))
#18 C:\\Users\\Dalia\\OneDrive\\Desktop\\WorkSpace\\pulardapontenaquinta\\rotasdeteste\\vendor\\laravel\\framework\\src\\Illuminate\\Routing\\Route.php(265): Illuminate\\Routing\\ControllerDispatcher->dispatch(Object(Illuminate\\Routing\\Route), Object(App\\Http\\Controllers\\InstituicoesController), 'store')
#19 C:\\Users\\Dalia\\OneDrive\\Desktop\\WorkSpace\\pulardapontenaquinta\\rotasdeteste\\vendor\\laravel\\framework\\src\\Illuminate\\Routing\\Route.php(211): Illuminate\\Routing\\Route->runController()
#20 C:\\Users\\Dalia\\OneDrive\\Desktop\\WorkSpace\\pulardapontenaquinta\\rotasdeteste\\vendor\\laravel\\framework\\src\\Illuminate\\Routing\\Router.php(808): Illuminate\\Routing\\Route->run()
#21 C:\\Users\\Dalia\\OneDrive\\Desktop\\WorkSpace\\pulardapontenaquinta\\rotasdeteste\\vendor\\laravel\\framework\\src\\Illuminate\\Pipeline\\Pipeline.php(169): Illuminate\\Routing\\Router->Illuminate\\Routing\\{closure}(Object(Illuminate\\Http\\Request))
#22 C:\\Users\\Dalia\\OneDrive\\Desktop\\WorkSpace\\pulardapontenaquinta\\rotasdeteste\\vendor\\laravel\\framework\\src\\Illuminate\\Routing\\Middleware\\SubstituteBindings.php(50): Illuminate\\Pipeline\\Pipeline->Illuminate\\Pipeline\\{closure}(Object(Illuminate\\Http\\Request))
#23 C:\\Users\\Dalia\\OneDrive\\Desktop\\WorkSpace\\pulardapontenaquinta\\rotasdeteste\\vendor\\laravel\\framework\\src\\Illuminate\\Pipeline\\Pipeline.php(208): Illuminate\\Routing\\Middleware\\SubstituteBindings->handle(Object(Illuminate\\Http\\Request), Object(Closure))
#24 C:\\Users\\Dalia\\OneDrive\\Desktop\\WorkSpace\\pulardapontenaquinta\\rotasdeteste\\vendor\\laravel\\framework\\src\\Illuminate\\Pipeline\\Pipeline.php(126): Illuminate\\Pipeline\\Pipeline->Illuminate\\Pipeline\\{closure}(Object(Illuminate\\Http\\Request))
#25 C:\\Users\\Dalia\\OneDrive\\Desktop\\WorkSpace\\pulardapontenaquinta\\rotasdeteste\\vendor\\laravel\\framework\\src\\Illuminate\\Routing\\Router.php(807): Illuminate\\Pipeline\\Pipeline->then(Object(Closure))
#26 C:\\Users\\Dalia\\OneDrive\\Desktop\\WorkSpace\\pulardapontenaquinta\\rotasdeteste\\vendor\\laravel\\framework\\src\\Illuminate\\Routing\\Router.php(786): Illuminate\\Routing\\Router->runRouteWithinStack(Object(Illuminate\\Routing\\Route), Object(Illuminate\\Http\\Request))
#27 C:\\Users\\Dalia\\OneDrive\\Desktop\\WorkSpace\\pulardapontenaquinta\\rotasdeteste\\vendor\\laravel\\framework\\src\\Illuminate\\Routing\\Router.php(750): Illuminate\\Routing\\Router->runRoute(Object(Illuminate\\Http\\Request), Object(Illuminate\\Routing\\Route))
#28 C:\\Users\\Dalia\\OneDrive\\Desktop\\WorkSpace\\pulardapontenaquinta\\rotasdeteste\\vendor\\laravel\\framework\\src\\Illuminate\\Routing\\Router.php(739): Illuminate\\Routing\\Router->dispatchToRoute(Object(Illuminate\\Http\\Request))
#29 C:\\Users\\Dalia\\OneDrive\\Desktop\\WorkSpace\\pulardapontenaquinta\\rotasdeteste\\vendor\\laravel\\framework\\src\\Illuminate\\Foundation\\Http\\Kernel.php(200): Illuminate\\Routing\\Router->dispatch(Object(Illuminate\\Http\\Request))
#30 C:\\Users\\Dalia\\OneDrive\\Desktop\\WorkSpace\\pulardapontenaquinta\\rotasdeteste\\vendor\\laravel\\framework\\src\\Illuminate\\Pipeline\\Pipeline.php(169): Illuminate\\Foundation\\Http\\Kernel->Illuminate\\Foundation\\Http\\{closure}(Object(Illuminate\\Http\\Request))
#31 C:\\Users\\Dalia\\OneDrive\\Desktop\\WorkSpace\\pulardapontenaquinta\\rotasdeteste\\vendor\\laravel\\framework\\src\\Illuminate\\Foundation\\Http\\Middleware\\TransformsRequest.php(21): Illuminate\\Pipeline\\Pipeline->Illuminate\\Pipeline\\{closure}(Object(Illuminate\\Http\\Request))
#32 C:\\Users\\Dalia\\OneDrive\\Desktop\\WorkSpace\\pulardapontenaquinta\\rotasdeteste\\vendor\\laravel\\framework\\src\\Illuminate\\Foundation\\Http\\Middleware\\ConvertEmptyStringsToNull.php(31): Illuminate\\Foundation\\Http\\Middleware\\TransformsRequest->handle(Object(Illuminate\\Http\\Request), Object(Closure))
#33 C:\\Users\\Dalia\\OneDrive\\Desktop\\WorkSpace\\pulardapontenaquinta\\rotasdeteste\\vendor\\laravel\\framework\\src\\Illuminate\\Pipeline\\Pipeline.php(208): Illuminate\\Foundation\\Http\\Middleware\\ConvertEmptyStringsToNull->handle(Object(Illuminate\\Http\\Request), Object(Closure))
#34 C:\\Users\\Dalia\\OneDrive\\Desktop\\WorkSpace\\pulardapontenaquinta\\rotasdeteste\\vendor\\laravel\\framework\\src\\Illuminate\\Foundation\\Http\\Middleware\\TransformsRequest.php(21): Illuminate\\Pipeline\\Pipeline->Illuminate\\Pipeline\\{closure}(Object(Illuminate\\Http\\Request))
#35 C:\\Users\\Dalia\\OneDrive\\Desktop\\WorkSpace\\pulardapontenaquinta\\rotasdeteste\\vendor\\laravel\\framework\\src\\Illuminate\\Foundation\\Http\\Middleware\\TrimStrings.php(51): Illuminate\\Foundation\\Http\\Middleware\\TransformsRequest->handle(Object(Illuminate\\Http\\Request), Object(Closure))
#36 C:\\Users\\Dalia\\OneDrive\\Desktop\\WorkSpace\\pulardapontenaquinta\\rotasdeteste\\vendor\\laravel\\framework\\src\\Illuminate\\Pipeline\\Pipeline.php(208): Illuminate\\Foundation\\Http\\Middleware\\TrimStrings->handle(Object(Illuminate\\Http\\Request), Object(Closure))
#37 C:\\Users\\Dalia\\OneDrive\\Desktop\\WorkSpace\\pulardapontenaquinta\\rotasdeteste\\vendor\\laravel\\framework\\src\\Illuminate\\Http\\Middleware\\ValidatePostSize.php(27): Illuminate\\Pipeline\\Pipeline->Illuminate\\Pipeline\\{closure}(Object(Illuminate\\Http\\Request))
#38 C:\\Users\\Dalia\\OneDrive\\Desktop\\WorkSpace\\pulardapontenaquinta\\rotasdeteste\\vendor\\laravel\\framework\\src\\Illuminate\\Pipeline\\Pipeline.php(208): Illuminate\\Http\\Middleware\\ValidatePostSize->handle(Object(Illuminate\\Http\\Request), Object(Closure))
#39 C:\\Users\\Dalia\\OneDrive\\Desktop\\WorkSpace\\pulardapontenaquinta\\rotasdeteste\\vendor\\laravel\\framework\\src\\Illuminate\\Foundation\\Http\\Middleware\\PreventRequestsDuringMaintenance.php(109): Illuminate\\Pipeline\\Pipeline->Illuminate\\Pipeline\\{closure}(Object(Illuminate\\Http\\Request))
#40 C:\\Users\\Dalia\\OneDrive\\Desktop\\WorkSpace\\pulardapontenaquinta\\rotasdeteste\\vendor\\laravel\\framework\\src\\Illuminate\\Pipeline\\Pipeline.php(208): Illuminate\\Foundation\\Http\\Middleware\\PreventRequestsDuringMaintenance->handle(Object(Illuminate\\Http\\Request), Object(Closure))
#41 C:\\Users\\Dalia\\OneDrive\\Desktop\\WorkSpace\\pulardapontenaquinta\\rotasdeteste\\vendor\\laravel\\framework\\src\\Illuminate\\Http\\Middleware\\HandleCors.php(61): Illuminate\\Pipeline\\Pipeline->Illuminate\\Pipeline\\{closure}(Object(Illuminate\\Http\\Request))
#42 C:\\Users\\Dalia\\OneDrive\\Desktop\\WorkSpace\\pulardapontenaquinta\\rotasdeteste\\vendor\\laravel\\framework\\src\\Illuminate\\Pipeline\\Pipeline.php(208): Illuminate\\Http\\Middleware\\HandleCors->handle(Object(Illuminate\\Http\\Request), Object(Closure))
#43 C:\\Users\\Dalia\\OneDrive\\Desktop\\WorkSpace\\pulardapontenaquinta\\rotasdeteste\\vendor\\laravel\\framework\\src\\Illuminate\\Http\\Middleware\\TrustProxies.php(58): Illuminate\\Pipeline\\Pipeline->Illuminate\\Pipeline\\{closure}(Object(Illuminate\\Http\\Request))
#44 C:\\Users\\Dalia\\OneDrive\\Desktop\\WorkSpace\\pulardapontenaquinta\\rotasdeteste\\vendor\\laravel\\framework\\src\\Illuminate\\Pipeline\\Pipeline.php(208): Illuminate\\Http\\Middleware\\TrustProxies->handle(Object(Illuminate\\Http\\Request), Object(Closure))
#45 C:\\Users\\Dalia\\OneDrive\\Desktop\\WorkSpace\\pulardapontenaquinta\\rotasdeteste\\vendor\\laravel\\framework\\src\\Illuminate\\Foundation\\Http\\Middleware\\InvokeDeferredCallbacks.php(22): Illuminate\\Pipeline\\Pipeline->Illuminate\\Pipeline\\{closure}(Object(Illuminate\\Http\\Request))
#46 C:\\Users\\Dalia\\OneDrive\\Desktop\\WorkSpace\\pulardapontenaquinta\\rotasdeteste\\vendor\\laravel\\framework\\src\\Illuminate\\Pipeline\\Pipeline.php(208): Illuminate\\Foundation\\Http\\Middleware\\InvokeDeferredCallbacks->handle(Object(Illuminate\\Http\\Request), Object(Closure))
#47 C:\\Users\\Dalia\\OneDrive\\Desktop\\WorkSpace\\pulardapontenaquinta\\rotasdeteste\\vendor\\laravel\\framework\\src\\Illuminate\\Http\\Middleware\\ValidatePathEncoding.php(26): Illuminate\\Pipeline\\Pipeline->Illuminate\\Pipeline\\{closure}(Object(Illuminate\\Http\\Request))
#48 C:\\Users\\Dalia\\OneDrive\\Desktop\\WorkSpace\\pulardapontenaquinta\\rotasdeteste\\vendor\\laravel\\framework\\src\\Illuminate\\Pipeline\\Pipeline.php(208): Illuminate\\Http\\Middleware\\ValidatePathEncoding->handle(Object(Illuminate\\Http\\Request), Object(Closure))
#49 C:\\Users\\Dalia\\OneDrive\\Desktop\\WorkSpace\\pulardapontenaquinta\\rotasdeteste\\vendor\\laravel\\framework\\src\\Illuminate\\Pipeline\\Pipeline.php(126): Illuminate\\Pipeline\\Pipeline->Illuminate\\Pipeline\\{closure}(Object(Illuminate\\Http\\Request))
#50 C:\\Users\\Dalia\\OneDrive\\Desktop\\WorkSpace\\pulardapontenaquinta\\rotasdeteste\\vendor\\laravel\\framework\\src\\Illuminate\\Foundation\\Http\\Kernel.php(175): Illuminate\\Pipeline\\Pipeline->then(Object(Closure))
#51 C:\\Users\\Dalia\\OneDrive\\Desktop\\WorkSpace\\pulardapontenaquinta\\rotasdeteste\\vendor\\laravel\\framework\\src\\Illuminate\\Foundation\\Http\\Kernel.php(144): Illuminate\\Foundation\\Http\\Kernel->sendRequestThroughRouter(Object(Illuminate\\Http\\Request))
#52 C:\\Users\\Dalia\\OneDrive\\Desktop\\WorkSpace\\pulardapontenaquinta\\rotasdeteste\\vendor\\laravel\\framework\\src\\Illuminate\\Foundation\\Application.php(1219): Illuminate\\Foundation\\Http\\Kernel->handle(Object(Illuminate\\Http\\Request))
#53 C:\\Users\\Dalia\\OneDrive\\Desktop\\WorkSpace\\pulardapontenaquinta\\rotasdeteste\\public\\index.php(20): Illuminate\\Foundation\\Application->handleRequest(Object(Illuminate\\Http\\Request))
#54 C:\\Users\\Dalia\\OneDrive\\Desktop\\WorkSpace\\pulardapontenaquinta\\rotasdeteste\\vendor\\laravel\\framework\\src\\Illuminate\\Foundation\\resources\\server.php(23): require_once('C:\\\\Users\\\\Dalia\\\\...')
#55 {main}
"} 
[2025-04-18 01:41:29] local.ERROR: SQLSTATE[HY000]: General error: 1364 Field 'endereco_instituicao' doesn't have a default value (Connection: mysql, SQL: insert into `instituicoes` (`nm_instituicao`, `email_instituicao`, `senha`, `descricao`, `telefone`, `updated_at`, `created_at`) values (acvaca, adfefcve@, 12345, cacwcacw, 12455245, 2025-04-18 01:41:29, 2025-04-18 01:41:29)) {"exception":"[object] (Illuminate\\Database\\QueryException(code: HY000): SQLSTATE[HY000]: General error: 1364 Field 'endereco_instituicao' doesn't have a default value (Connection: mysql, SQL: insert into `instituicoes` (`nm_instituicao`, `email_instituicao`, `senha`, `descricao`, `telefone`, `updated_at`, `created_at`) values (acvaca, adfefcve@, 12345, cacwcacw, 12455245, 2025-04-18 01:41:29, 2025-04-18 01:41:29)) at C:\\Users\\Dalia\\OneDrive\\Desktop\\WorkSpace\\pulardapontenaquinta\\rotasdeteste\\vendor\\laravel\\framework\\src\\Illuminate\\Database\\Connection.php:822)
[stacktrace]
#0 C:\\Users\\Dalia\\OneDrive\\Desktop\\WorkSpace\\pulardapontenaquinta\\rotasdeteste\\vendor\\laravel\\framework\\src\\Illuminate\\Database\\Connection.php(776): Illuminate\\Database\\Connection->runQueryCallback('insert into `in...', Array, Object(Closure))
#1 C:\\Users\\Dalia\\OneDrive\\Desktop\\WorkSpace\\pulardapontenaquinta\\rotasdeteste\\vendor\\laravel\\framework\\src\\Illuminate\\Database\\MySqlConnection.php(42): Illuminate\\Database\\Connection->run('insert into `in...', Array, Object(Closure))
#2 C:\\Users\\Dalia\\OneDrive\\Desktop\\WorkSpace\\pulardapontenaquinta\\rotasdeteste\\vendor\\laravel\\framework\\src\\Illuminate\\Database\\Query\\Processors\\MySqlProcessor.php(35): Illuminate\\Database\\MySqlConnection->insert('insert into `in...', Array, 'id')
#3 C:\\Users\\Dalia\\OneDrive\\Desktop\\WorkSpace\\pulardapontenaquinta\\rotasdeteste\\vendor\\laravel\\framework\\src\\Illuminate\\Database\\Query\\Builder.php(3769): Illuminate\\Database\\Query\\Processors\\MySqlProcessor->processInsertGetId(Object(Illuminate\\Database\\Query\\Builder), 'insert into `in...', Array, 'id')
#4 C:\\Users\\Dalia\\OneDrive\\Desktop\\WorkSpace\\pulardapontenaquinta\\rotasdeteste\\vendor\\laravel\\framework\\src\\Illuminate\\Database\\Eloquent\\Builder.php(2143): Illuminate\\Database\\Query\\Builder->insertGetId(Array, 'id')
#5 C:\\Users\\Dalia\\OneDrive\\Desktop\\WorkSpace\\pulardapontenaquinta\\rotasdeteste\\vendor\\laravel\\framework\\src\\Illuminate\\Database\\Eloquent\\Model.php(1361): Illuminate\\Database\\Eloquent\\Builder->__call('insertGetId', Array)
#6 C:\\Users\\Dalia\\OneDrive\\Desktop\\WorkSpace\\pulardapontenaquinta\\rotasdeteste\\vendor\\laravel\\framework\\src\\Illuminate\\Database\\Eloquent\\Model.php(1326): Illuminate\\Database\\Eloquent\\Model->insertAndSetId(Object(Illuminate\\Database\\Eloquent\\Builder), Array)
#7 C:\\Users\\Dalia\\OneDrive\\Desktop\\WorkSpace\\pulardapontenaquinta\\rotasdeteste\\vendor\\laravel\\framework\\src\\Illuminate\\Database\\Eloquent\\Model.php(1165): Illuminate\\Database\\Eloquent\\Model->performInsert(Object(Illuminate\\Database\\Eloquent\\Builder))
#8 C:\\Users\\Dalia\\OneDrive\\Desktop\\WorkSpace\\pulardapontenaquinta\\rotasdeteste\\vendor\\laravel\\framework\\src\\Illuminate\\Database\\Eloquent\\Builder.php(1127): Illuminate\\Database\\Eloquent\\Model->save()
#9 C:\\Users\\Dalia\\OneDrive\\Desktop\\WorkSpace\\pulardapontenaquinta\\rotasdeteste\\vendor\\laravel\\framework\\src\\Illuminate\\Support\\helpers.php(399): Illuminate\\Database\\Eloquent\\Builder->Illuminate\\Database\\Eloquent\\{closure}(Object(App\\Models\\Instituicoes))
#10 C:\\Users\\Dalia\\OneDrive\\Desktop\\WorkSpace\\pulardapontenaquinta\\rotasdeteste\\vendor\\laravel\\framework\\src\\Illuminate\\Database\\Eloquent\\Builder.php(1126): tap(Object(App\\Models\\Instituicoes), Object(Closure))
#11 C:\\Users\\Dalia\\OneDrive\\Desktop\\WorkSpace\\pulardapontenaquinta\\rotasdeteste\\vendor\\laravel\\framework\\src\\Illuminate\\Support\\Traits\\ForwardsCalls.php(23): Illuminate\\Database\\Eloquent\\Builder->create(Array)
#12 C:\\Users\\Dalia\\OneDrive\\Desktop\\WorkSpace\\pulardapontenaquinta\\rotasdeteste\\vendor\\laravel\\framework\\src\\Illuminate\\Database\\Eloquent\\Model.php(2392): Illuminate\\Database\\Eloquent\\Model->forwardCallTo(Object(Illuminate\\Database\\Eloquent\\Builder), 'create', Array)
#13 C:\\Users\\Dalia\\OneDrive\\Desktop\\WorkSpace\\pulardapontenaquinta\\rotasdeteste\\vendor\\laravel\\framework\\src\\Illuminate\\Database\\Eloquent\\Model.php(2408): Illuminate\\Database\\Eloquent\\Model->__call('create', Array)
#14 C:\\Users\\Dalia\\OneDrive\\Desktop\\WorkSpace\\pulardapontenaquinta\\rotasdeteste\\app\\Http\\Controllers\\InstituicoesController.php(45): Illuminate\\Database\\Eloquent\\Model::__callStatic('create', Array)
#15 C:\\Users\\Dalia\\OneDrive\\Desktop\\WorkSpace\\pulardapontenaquinta\\rotasdeteste\\vendor\\laravel\\framework\\src\\Illuminate\\Routing\\ControllerDispatcher.php(46): App\\Http\\Controllers\\InstituicoesController->store(Object(Illuminate\\Http\\Request))
#16 C:\\Users\\Dalia\\OneDrive\\Desktop\\WorkSpace\\pulardapontenaquinta\\rotasdeteste\\vendor\\laravel\\framework\\src\\Illuminate\\Routing\\Route.php(265): Illuminate\\Routing\\ControllerDispatcher->dispatch(Object(Illuminate\\Routing\\Route), Object(App\\Http\\Controllers\\InstituicoesController), 'store')
#17 C:\\Users\\Dalia\\OneDrive\\Desktop\\WorkSpace\\pulardapontenaquinta\\rotasdeteste\\vendor\\laravel\\framework\\src\\Illuminate\\Routing\\Route.php(211): Illuminate\\Routing\\Route->runController()
#18 C:\\Users\\Dalia\\OneDrive\\Desktop\\WorkSpace\\pulardapontenaquinta\\rotasdeteste\\vendor\\laravel\\framework\\src\\Illuminate\\Routing\\Router.php(808): Illuminate\\Routing\\Route->run()
#19 C:\\Users\\Dalia\\OneDrive\\Desktop\\WorkSpace\\pulardapontenaquinta\\rotasdeteste\\vendor\\laravel\\framework\\src\\Illuminate\\Pipeline\\Pipeline.php(169): Illuminate\\Routing\\Router->Illuminate\\Routing\\{closure}(Object(Illuminate\\Http\\Request))
#20 C:\\Users\\Dalia\\OneDrive\\Desktop\\WorkSpace\\pulardapontenaquinta\\rotasdeteste\\vendor\\laravel\\framework\\src\\Illuminate\\Routing\\Middleware\\SubstituteBindings.php(50): Illuminate\\Pipeline\\Pipeline->Illuminate\\Pipeline\\{closure}(Object(Illuminate\\Http\\Request))
#21 C:\\Users\\Dalia\\OneDrive\\Desktop\\WorkSpace\\pulardapontenaquinta\\rotasdeteste\\vendor\\laravel\\framework\\src\\Illuminate\\Pipeline\\Pipeline.php(208): Illuminate\\Routing\\Middleware\\SubstituteBindings->handle(Object(Illuminate\\Http\\Request), Object(Closure))
#22 C:\\Users\\Dalia\\OneDrive\\Desktop\\WorkSpace\\pulardapontenaquinta\\rotasdeteste\\vendor\\laravel\\framework\\src\\Illuminate\\Pipeline\\Pipeline.php(126): Illuminate\\Pipeline\\Pipeline->Illuminate\\Pipeline\\{closure}(Object(Illuminate\\Http\\Request))
#23 C:\\Users\\Dalia\\OneDrive\\Desktop\\WorkSpace\\pulardapontenaquinta\\rotasdeteste\\vendor\\laravel\\framework\\src\\Illuminate\\Routing\\Router.php(807): Illuminate\\Pipeline\\Pipeline->then(Object(Closure))
#24 C:\\Users\\Dalia\\OneDrive\\Desktop\\WorkSpace\\pulardapontenaquinta\\rotasdeteste\\vendor\\laravel\\framework\\src\\Illuminate\\Routing\\Router.php(786): Illuminate\\Routing\\Router->runRouteWithinStack(Object(Illuminate\\Routing\\Route), Object(Illuminate\\Http\\Request))
#25 C:\\Users\\Dalia\\OneDrive\\Desktop\\WorkSpace\\pulardapontenaquinta\\rotasdeteste\\vendor\\laravel\\framework\\src\\Illuminate\\Routing\\Router.php(750): Illuminate\\Routing\\Router->runRoute(Object(Illuminate\\Http\\Request), Object(Illuminate\\Routing\\Route))
#26 C:\\Users\\Dalia\\OneDrive\\Desktop\\WorkSpace\\pulardapontenaquinta\\rotasdeteste\\vendor\\laravel\\framework\\src\\Illuminate\\Routing\\Router.php(739): Illuminate\\Routing\\Router->dispatchToRoute(Object(Illuminate\\Http\\Request))
#27 C:\\Users\\Dalia\\OneDrive\\Desktop\\WorkSpace\\pulardapontenaquinta\\rotasdeteste\\vendor\\laravel\\framework\\src\\Illuminate\\Foundation\\Http\\Kernel.php(200): Illuminate\\Routing\\Router->dispatch(Object(Illuminate\\Http\\Request))
#28 C:\\Users\\Dalia\\OneDrive\\Desktop\\WorkSpace\\pulardapontenaquinta\\rotasdeteste\\vendor\\laravel\\framework\\src\\Illuminate\\Pipeline\\Pipeline.php(169): Illuminate\\Foundation\\Http\\Kernel->Illuminate\\Foundation\\Http\\{closure}(Object(Illuminate\\Http\\Request))
#29 C:\\Users\\Dalia\\OneDrive\\Desktop\\WorkSpace\\pulardapontenaquinta\\rotasdeteste\\vendor\\laravel\\framework\\src\\Illuminate\\Foundation\\Http\\Middleware\\TransformsRequest.php(21): Illuminate\\Pipeline\\Pipeline->Illuminate\\Pipeline\\{closure}(Object(Illuminate\\Http\\Request))
#30 C:\\Users\\Dalia\\OneDrive\\Desktop\\WorkSpace\\pulardapontenaquinta\\rotasdeteste\\vendor\\laravel\\framework\\src\\Illuminate\\Foundation\\Http\\Middleware\\ConvertEmptyStringsToNull.php(31): Illuminate\\Foundation\\Http\\Middleware\\TransformsRequest->handle(Object(Illuminate\\Http\\Request), Object(Closure))
#31 C:\\Users\\Dalia\\OneDrive\\Desktop\\WorkSpace\\pulardapontenaquinta\\rotasdeteste\\vendor\\laravel\\framework\\src\\Illuminate\\Pipeline\\Pipeline.php(208): Illuminate\\Foundation\\Http\\Middleware\\ConvertEmptyStringsToNull->handle(Object(Illuminate\\Http\\Request), Object(Closure))
#32 C:\\Users\\Dalia\\OneDrive\\Desktop\\WorkSpace\\pulardapontenaquinta\\rotasdeteste\\vendor\\laravel\\framework\\src\\Illuminate\\Foundation\\Http\\Middleware\\TransformsRequest.php(21): Illuminate\\Pipeline\\Pipeline->Illuminate\\Pipeline\\{closure}(Object(Illuminate\\Http\\Request))
#33 C:\\Users\\Dalia\\OneDrive\\Desktop\\WorkSpace\\pulardapontenaquinta\\rotasdeteste\\vendor\\laravel\\framework\\src\\Illuminate\\Foundation\\Http\\Middleware\\TrimStrings.php(51): Illuminate\\Foundation\\Http\\Middleware\\TransformsRequest->handle(Object(Illuminate\\Http\\Request), Object(Closure))
#34 C:\\Users\\Dalia\\OneDrive\\Desktop\\WorkSpace\\pulardapontenaquinta\\rotasdeteste\\vendor\\laravel\\framework\\src\\Illuminate\\Pipeline\\Pipeline.php(208): Illuminate\\Foundation\\Http\\Middleware\\TrimStrings->handle(Object(Illuminate\\Http\\Request), Object(Closure))
#35 C:\\Users\\Dalia\\OneDrive\\Desktop\\WorkSpace\\pulardapontenaquinta\\rotasdeteste\\vendor\\laravel\\framework\\src\\Illuminate\\Http\\Middleware\\ValidatePostSize.php(27): Illuminate\\Pipeline\\Pipeline->Illuminate\\Pipeline\\{closure}(Object(Illuminate\\Http\\Request))
#36 C:\\Users\\Dalia\\OneDrive\\Desktop\\WorkSpace\\pulardapontenaquinta\\rotasdeteste\\vendor\\laravel\\framework\\src\\Illuminate\\Pipeline\\Pipeline.php(208): Illuminate\\Http\\Middleware\\ValidatePostSize->handle(Object(Illuminate\\Http\\Request), Object(Closure))
#37 C:\\Users\\Dalia\\OneDrive\\Desktop\\WorkSpace\\pulardapontenaquinta\\rotasdeteste\\vendor\\laravel\\framework\\src\\Illuminate\\Foundation\\Http\\Middleware\\PreventRequestsDuringMaintenance.php(109): Illuminate\\Pipeline\\Pipeline->Illuminate\\Pipeline\\{closure}(Object(Illuminate\\Http\\Request))
#38 C:\\Users\\Dalia\\OneDrive\\Desktop\\WorkSpace\\pulardapontenaquinta\\rotasdeteste\\vendor\\laravel\\framework\\src\\Illuminate\\Pipeline\\Pipeline.php(208): Illuminate\\Foundation\\Http\\Middleware\\PreventRequestsDuringMaintenance->handle(Object(Illuminate\\Http\\Request), Object(Closure))
#39 C:\\Users\\Dalia\\OneDrive\\Desktop\\WorkSpace\\pulardapontenaquinta\\rotasdeteste\\vendor\\laravel\\framework\\src\\Illuminate\\Http\\Middleware\\HandleCors.php(61): Illuminate\\Pipeline\\Pipeline->Illuminate\\Pipeline\\{closure}(Object(Illuminate\\Http\\Request))
#40 C:\\Users\\Dalia\\OneDrive\\Desktop\\WorkSpace\\pulardapontenaquinta\\rotasdeteste\\vendor\\laravel\\framework\\src\\Illuminate\\Pipeline\\Pipeline.php(208): Illuminate\\Http\\Middleware\\HandleCors->handle(Object(Illuminate\\Http\\Request), Object(Closure))
#41 C:\\Users\\Dalia\\OneDrive\\Desktop\\WorkSpace\\pulardapontenaquinta\\rotasdeteste\\vendor\\laravel\\framework\\src\\Illuminate\\Http\\Middleware\\TrustProxies.php(58): Illuminate\\Pipeline\\Pipeline->Illuminate\\Pipeline\\{closure}(Object(Illuminate\\Http\\Request))
#42 C:\\Users\\Dalia\\OneDrive\\Desktop\\WorkSpace\\pulardapontenaquinta\\rotasdeteste\\vendor\\laravel\\framework\\src\\Illuminate\\Pipeline\\Pipeline.php(208): Illuminate\\Http\\Middleware\\TrustProxies->handle(Object(Illuminate\\Http\\Request), Object(Closure))
#43 C:\\Users\\Dalia\\OneDrive\\Desktop\\WorkSpace\\pulardapontenaquinta\\rotasdeteste\\vendor\\laravel\\framework\\src\\Illuminate\\Foundation\\Http\\Middleware\\InvokeDeferredCallbacks.php(22): Illuminate\\Pipeline\\Pipeline->Illuminate\\Pipeline\\{closure}(Object(Illuminate\\Http\\Request))
#44 C:\\Users\\Dalia\\OneDrive\\Desktop\\WorkSpace\\pulardapontenaquinta\\rotasdeteste\\vendor\\laravel\\framework\\src\\Illuminate\\Pipeline\\Pipeline.php(208): Illuminate\\Foundation\\Http\\Middleware\\InvokeDeferredCallbacks->handle(Object(Illuminate\\Http\\Request), Object(Closure))
#45 C:\\Users\\Dalia\\OneDrive\\Desktop\\WorkSpace\\pulardapontenaquinta\\rotasdeteste\\vendor\\laravel\\framework\\src\\Illuminate\\Http\\Middleware\\ValidatePathEncoding.php(26): Illuminate\\Pipeline\\Pipeline->Illuminate\\Pipeline\\{closure}(Object(Illuminate\\Http\\Request))
#46 C:\\Users\\Dalia\\OneDrive\\Desktop\\WorkSpace\\pulardapontenaquinta\\rotasdeteste\\vendor\\laravel\\framework\\src\\Illuminate\\Pipeline\\Pipeline.php(208): Illuminate\\Http\\Middleware\\ValidatePathEncoding->handle(Object(Illuminate\\Http\\Request), Object(Closure))
#47 C:\\Users\\Dalia\\OneDrive\\Desktop\\WorkSpace\\pulardapontenaquinta\\rotasdeteste\\vendor\\laravel\\framework\\src\\Illuminate\\Pipeline\\Pipeline.php(126): Illuminate\\Pipeline\\Pipeline->Illuminate\\Pipeline\\{closure}(Object(Illuminate\\Http\\Request))
#48 C:\\Users\\Dalia\\OneDrive\\Desktop\\WorkSpace\\pulardapontenaquinta\\rotasdeteste\\vendor\\laravel\\framework\\src\\Illuminate\\Foundation\\Http\\Kernel.php(175): Illuminate\\Pipeline\\Pipeline->then(Object(Closure))
#49 C:\\Users\\Dalia\\OneDrive\\Desktop\\WorkSpace\\pulardapontenaquinta\\rotasdeteste\\vendor\\laravel\\framework\\src\\Illuminate\\Foundation\\Http\\Kernel.php(144): Illuminate\\Foundation\\Http\\Kernel->sendRequestThroughRouter(Object(Illuminate\\Http\\Request))
#50 C:\\Users\\Dalia\\OneDrive\\Desktop\\WorkSpace\\pulardapontenaquinta\\rotasdeteste\\vendor\\laravel\\framework\\src\\Illuminate\\Foundation\\Application.php(1219): Illuminate\\Foundation\\Http\\Kernel->handle(Object(Illuminate\\Http\\Request))
#51 C:\\Users\\Dalia\\OneDrive\\Desktop\\WorkSpace\\pulardapontenaquinta\\rotasdeteste\\public\\index.php(20): Illuminate\\Foundation\\Application->handleRequest(Object(Illuminate\\Http\\Request))
#52 C:\\Users\\Dalia\\OneDrive\\Desktop\\WorkSpace\\pulardapontenaquinta\\rotasdeteste\\vendor\\laravel\\framework\\src\\Illuminate\\Foundation\\resources\\server.php(23): require_once('C:\\\\Users\\\\Dalia\\\\...')
#53 {main}

[previous exception] [object] (PDOException(code: HY000): SQLSTATE[HY000]: General error: 1364 Field 'endereco_instituicao' doesn't have a default value at C:\\Users\\Dalia\\OneDrive\\Desktop\\WorkSpace\\pulardapontenaquinta\\rotasdeteste\\vendor\\laravel\\framework\\src\\Illuminate\\Database\\MySqlConnection.php:53)
[stacktrace]
#0 C:\\Users\\Dalia\\OneDrive\\Desktop\\WorkSpace\\pulardapontenaquinta\\rotasdeteste\\vendor\\laravel\\framework\\src\\Illuminate\\Database\\MySqlConnection.php(53): PDOStatement->execute()
#1 C:\\Users\\Dalia\\OneDrive\\Desktop\\WorkSpace\\pulardapontenaquinta\\rotasdeteste\\vendor\\laravel\\framework\\src\\Illuminate\\Database\\Connection.php(809): Illuminate\\Database\\MySqlConnection->Illuminate\\Database\\{closure}('insert into `in...', Array)
#2 C:\\Users\\Dalia\\OneDrive\\Desktop\\WorkSpace\\pulardapontenaquinta\\rotasdeteste\\vendor\\laravel\\framework\\src\\Illuminate\\Database\\Connection.php(776): Illuminate\\Database\\Connection->runQueryCallback('insert into `in...', Array, Object(Closure))
#3 C:\\Users\\Dalia\\OneDrive\\Desktop\\WorkSpace\\pulardapontenaquinta\\rotasdeteste\\vendor\\laravel\\framework\\src\\Illuminate\\Database\\MySqlConnection.php(42): Illuminate\\Database\\Connection->run('insert into `in...', Array, Object(Closure))
#4 C:\\Users\\Dalia\\OneDrive\\Desktop\\WorkSpace\\pulardapontenaquinta\\rotasdeteste\\vendor\\laravel\\framework\\src\\Illuminate\\Database\\Query\\Processors\\MySqlProcessor.php(35): Illuminate\\Database\\MySqlConnection->insert('insert into `in...', Array, 'id')
#5 C:\\Users\\Dalia\\OneDrive\\Desktop\\WorkSpace\\pulardapontenaquinta\\rotasdeteste\\vendor\\laravel\\framework\\src\\Illuminate\\Database\\Query\\Builder.php(3769): Illuminate\\Database\\Query\\Processors\\MySqlProcessor->processInsertGetId(Object(Illuminate\\Database\\Query\\Builder), 'insert into `in...', Array, 'id')
#6 C:\\Users\\Dalia\\OneDrive\\Desktop\\WorkSpace\\pulardapontenaquinta\\rotasdeteste\\vendor\\laravel\\framework\\src\\Illuminate\\Database\\Eloquent\\Builder.php(2143): Illuminate\\Database\\Query\\Builder->insertGetId(Array, 'id')
#7 C:\\Users\\Dalia\\OneDrive\\Desktop\\WorkSpace\\pulardapontenaquinta\\rotasdeteste\\vendor\\laravel\\framework\\src\\Illuminate\\Database\\Eloquent\\Model.php(1361): Illuminate\\Database\\Eloquent\\Builder->__call('insertGetId', Array)
#8 C:\\Users\\Dalia\\OneDrive\\Desktop\\WorkSpace\\pulardapontenaquinta\\rotasdeteste\\vendor\\laravel\\framework\\src\\Illuminate\\Database\\Eloquent\\Model.php(1326): Illuminate\\Database\\Eloquent\\Model->insertAndSetId(Object(Illuminate\\Database\\Eloquent\\Builder), Array)
#9 C:\\Users\\Dalia\\OneDrive\\Desktop\\WorkSpace\\pulardapontenaquinta\\rotasdeteste\\vendor\\laravel\\framework\\src\\Illuminate\\Database\\Eloquent\\Model.php(1165): Illuminate\\Database\\Eloquent\\Model->performInsert(Object(Illuminate\\Database\\Eloquent\\Builder))
#10 C:\\Users\\Dalia\\OneDrive\\Desktop\\WorkSpace\\pulardapontenaquinta\\rotasdeteste\\vendor\\laravel\\framework\\src\\Illuminate\\Database\\Eloquent\\Builder.php(1127): Illuminate\\Database\\Eloquent\\Model->save()
#11 C:\\Users\\Dalia\\OneDrive\\Desktop\\WorkSpace\\pulardapontenaquinta\\rotasdeteste\\vendor\\laravel\\framework\\src\\Illuminate\\Support\\helpers.php(399): Illuminate\\Database\\Eloquent\\Builder->Illuminate\\Database\\Eloquent\\{closure}(Object(App\\Models\\Instituicoes))
#12 C:\\Users\\Dalia\\OneDrive\\Desktop\\WorkSpace\\pulardapontenaquinta\\rotasdeteste\\vendor\\laravel\\framework\\src\\Illuminate\\Database\\Eloquent\\Builder.php(1126): tap(Object(App\\Models\\Instituicoes), Object(Closure))
#13 C:\\Users\\Dalia\\OneDrive\\Desktop\\WorkSpace\\pulardapontenaquinta\\rotasdeteste\\vendor\\laravel\\framework\\src\\Illuminate\\Support\\Traits\\ForwardsCalls.php(23): Illuminate\\Database\\Eloquent\\Builder->create(Array)
#14 C:\\Users\\Dalia\\OneDrive\\Desktop\\WorkSpace\\pulardapontenaquinta\\rotasdeteste\\vendor\\laravel\\framework\\src\\Illuminate\\Database\\Eloquent\\Model.php(2392): Illuminate\\Database\\Eloquent\\Model->forwardCallTo(Object(Illuminate\\Database\\Eloquent\\Builder), 'create', Array)
#15 C:\\Users\\Dalia\\OneDrive\\Desktop\\WorkSpace\\pulardapontenaquinta\\rotasdeteste\\vendor\\laravel\\framework\\src\\Illuminate\\Database\\Eloquent\\Model.php(2408): Illuminate\\Database\\Eloquent\\Model->__call('create', Array)
#16 C:\\Users\\Dalia\\OneDrive\\Desktop\\WorkSpace\\pulardapontenaquinta\\rotasdeteste\\app\\Http\\Controllers\\InstituicoesController.php(45): Illuminate\\Database\\Eloquent\\Model::__callStatic('create', Array)
#17 C:\\Users\\Dalia\\OneDrive\\Desktop\\WorkSpace\\pulardapontenaquinta\\rotasdeteste\\vendor\\laravel\\framework\\src\\Illuminate\\Routing\\ControllerDispatcher.php(46): App\\Http\\Controllers\\InstituicoesController->store(Object(Illuminate\\Http\\Request))
#18 C:\\Users\\Dalia\\OneDrive\\Desktop\\WorkSpace\\pulardapontenaquinta\\rotasdeteste\\vendor\\laravel\\framework\\src\\Illuminate\\Routing\\Route.php(265): Illuminate\\Routing\\ControllerDispatcher->dispatch(Object(Illuminate\\Routing\\Route), Object(App\\Http\\Controllers\\InstituicoesController), 'store')
#19 C:\\Users\\Dalia\\OneDrive\\Desktop\\WorkSpace\\pulardapontenaquinta\\rotasdeteste\\vendor\\laravel\\framework\\src\\Illuminate\\Routing\\Route.php(211): Illuminate\\Routing\\Route->runController()
#20 C:\\Users\\Dalia\\OneDrive\\Desktop\\WorkSpace\\pulardapontenaquinta\\rotasdeteste\\vendor\\laravel\\framework\\src\\Illuminate\\Routing\\Router.php(808): Illuminate\\Routing\\Route->run()
#21 C:\\Users\\Dalia\\OneDrive\\Desktop\\WorkSpace\\pulardapontenaquinta\\rotasdeteste\\vendor\\laravel\\framework\\src\\Illuminate\\Pipeline\\Pipeline.php(169): Illuminate\\Routing\\Router->Illuminate\\Routing\\{closure}(Object(Illuminate\\Http\\Request))
#22 C:\\Users\\Dalia\\OneDrive\\Desktop\\WorkSpace\\pulardapontenaquinta\\rotasdeteste\\vendor\\laravel\\framework\\src\\Illuminate\\Routing\\Middleware\\SubstituteBindings.php(50): Illuminate\\Pipeline\\Pipeline->Illuminate\\Pipeline\\{closure}(Object(Illuminate\\Http\\Request))
#23 C:\\Users\\Dalia\\OneDrive\\Desktop\\WorkSpace\\pulardapontenaquinta\\rotasdeteste\\vendor\\laravel\\framework\\src\\Illuminate\\Pipeline\\Pipeline.php(208): Illuminate\\Routing\\Middleware\\SubstituteBindings->handle(Object(Illuminate\\Http\\Request), Object(Closure))
#24 C:\\Users\\Dalia\\OneDrive\\Desktop\\WorkSpace\\pulardapontenaquinta\\rotasdeteste\\vendor\\laravel\\framework\\src\\Illuminate\\Pipeline\\Pipeline.php(126): Illuminate\\Pipeline\\Pipeline->Illuminate\\Pipeline\\{closure}(Object(Illuminate\\Http\\Request))
#25 C:\\Users\\Dalia\\OneDrive\\Desktop\\WorkSpace\\pulardapontenaquinta\\rotasdeteste\\vendor\\laravel\\framework\\src\\Illuminate\\Routing\\Router.php(807): Illuminate\\Pipeline\\Pipeline->then(Object(Closure))
#26 C:\\Users\\Dalia\\OneDrive\\Desktop\\WorkSpace\\pulardapontenaquinta\\rotasdeteste\\vendor\\laravel\\framework\\src\\Illuminate\\Routing\\Router.php(786): Illuminate\\Routing\\Router->runRouteWithinStack(Object(Illuminate\\Routing\\Route), Object(Illuminate\\Http\\Request))
#27 C:\\Users\\Dalia\\OneDrive\\Desktop\\WorkSpace\\pulardapontenaquinta\\rotasdeteste\\vendor\\laravel\\framework\\src\\Illuminate\\Routing\\Router.php(750): Illuminate\\Routing\\Router->runRoute(Object(Illuminate\\Http\\Request), Object(Illuminate\\Routing\\Route))
#28 C:\\Users\\Dalia\\OneDrive\\Desktop\\WorkSpace\\pulardapontenaquinta\\rotasdeteste\\vendor\\laravel\\framework\\src\\Illuminate\\Routing\\Router.php(739): Illuminate\\Routing\\Router->dispatchToRoute(Object(Illuminate\\Http\\Request))
#29 C:\\Users\\Dalia\\OneDrive\\Desktop\\WorkSpace\\pulardapontenaquinta\\rotasdeteste\\vendor\\laravel\\framework\\src\\Illuminate\\Foundation\\Http\\Kernel.php(200): Illuminate\\Routing\\Router->dispatch(Object(Illuminate\\Http\\Request))
#30 C:\\Users\\Dalia\\OneDrive\\Desktop\\WorkSpace\\pulardapontenaquinta\\rotasdeteste\\vendor\\laravel\\framework\\src\\Illuminate\\Pipeline\\Pipeline.php(169): Illuminate\\Foundation\\Http\\Kernel->Illuminate\\Foundation\\Http\\{closure}(Object(Illuminate\\Http\\Request))
#31 C:\\Users\\Dalia\\OneDrive\\Desktop\\WorkSpace\\pulardapontenaquinta\\rotasdeteste\\vendor\\laravel\\framework\\src\\Illuminate\\Foundation\\Http\\Middleware\\TransformsRequest.php(21): Illuminate\\Pipeline\\Pipeline->Illuminate\\Pipeline\\{closure}(Object(Illuminate\\Http\\Request))
#32 C:\\Users\\Dalia\\OneDrive\\Desktop\\WorkSpace\\pulardapontenaquinta\\rotasdeteste\\vendor\\laravel\\framework\\src\\Illuminate\\Foundation\\Http\\Middleware\\ConvertEmptyStringsToNull.php(31): Illuminate\\Foundation\\Http\\Middleware\\TransformsRequest->handle(Object(Illuminate\\Http\\Request), Object(Closure))
#33 C:\\Users\\Dalia\\OneDrive\\Desktop\\WorkSpace\\pulardapontenaquinta\\rotasdeteste\\vendor\\laravel\\framework\\src\\Illuminate\\Pipeline\\Pipeline.php(208): Illuminate\\Foundation\\Http\\Middleware\\ConvertEmptyStringsToNull->handle(Object(Illuminate\\Http\\Request), Object(Closure))
#34 C:\\Users\\Dalia\\OneDrive\\Desktop\\WorkSpace\\pulardapontenaquinta\\rotasdeteste\\vendor\\laravel\\framework\\src\\Illuminate\\Foundation\\Http\\Middleware\\TransformsRequest.php(21): Illuminate\\Pipeline\\Pipeline->Illuminate\\Pipeline\\{closure}(Object(Illuminate\\Http\\Request))
#35 C:\\Users\\Dalia\\OneDrive\\Desktop\\WorkSpace\\pulardapontenaquinta\\rotasdeteste\\vendor\\laravel\\framework\\src\\Illuminate\\Foundation\\Http\\Middleware\\TrimStrings.php(51): Illuminate\\Foundation\\Http\\Middleware\\TransformsRequest->handle(Object(Illuminate\\Http\\Request), Object(Closure))
#36 C:\\Users\\Dalia\\OneDrive\\Desktop\\WorkSpace\\pulardapontenaquinta\\rotasdeteste\\vendor\\laravel\\framework\\src\\Illuminate\\Pipeline\\Pipeline.php(208): Illuminate\\Foundation\\Http\\Middleware\\TrimStrings->handle(Object(Illuminate\\Http\\Request), Object(Closure))
#37 C:\\Users\\Dalia\\OneDrive\\Desktop\\WorkSpace\\pulardapontenaquinta\\rotasdeteste\\vendor\\laravel\\framework\\src\\Illuminate\\Http\\Middleware\\ValidatePostSize.php(27): Illuminate\\Pipeline\\Pipeline->Illuminate\\Pipeline\\{closure}(Object(Illuminate\\Http\\Request))
#38 C:\\Users\\Dalia\\OneDrive\\Desktop\\WorkSpace\\pulardapontenaquinta\\rotasdeteste\\vendor\\laravel\\framework\\src\\Illuminate\\Pipeline\\Pipeline.php(208): Illuminate\\Http\\Middleware\\ValidatePostSize->handle(Object(Illuminate\\Http\\Request), Object(Closure))
#39 C:\\Users\\Dalia\\OneDrive\\Desktop\\WorkSpace\\pulardapontenaquinta\\rotasdeteste\\vendor\\laravel\\framework\\src\\Illuminate\\Foundation\\Http\\Middleware\\PreventRequestsDuringMaintenance.php(109): Illuminate\\Pipeline\\Pipeline->Illuminate\\Pipeline\\{closure}(Object(Illuminate\\Http\\Request))
#40 C:\\Users\\Dalia\\OneDrive\\Desktop\\WorkSpace\\pulardapontenaquinta\\rotasdeteste\\vendor\\laravel\\framework\\src\\Illuminate\\Pipeline\\Pipeline.php(208): Illuminate\\Foundation\\Http\\Middleware\\PreventRequestsDuringMaintenance->handle(Object(Illuminate\\Http\\Request), Object(Closure))
#41 C:\\Users\\Dalia\\OneDrive\\Desktop\\WorkSpace\\pulardapontenaquinta\\rotasdeteste\\vendor\\laravel\\framework\\src\\Illuminate\\Http\\Middleware\\HandleCors.php(61): Illuminate\\Pipeline\\Pipeline->Illuminate\\Pipeline\\{closure}(Object(Illuminate\\Http\\Request))
#42 C:\\Users\\Dalia\\OneDrive\\Desktop\\WorkSpace\\pulardapontenaquinta\\rotasdeteste\\vendor\\laravel\\framework\\src\\Illuminate\\Pipeline\\Pipeline.php(208): Illuminate\\Http\\Middleware\\HandleCors->handle(Object(Illuminate\\Http\\Request), Object(Closure))
#43 C:\\Users\\Dalia\\OneDrive\\Desktop\\WorkSpace\\pulardapontenaquinta\\rotasdeteste\\vendor\\laravel\\framework\\src\\Illuminate\\Http\\Middleware\\TrustProxies.php(58): Illuminate\\Pipeline\\Pipeline->Illuminate\\Pipeline\\{closure}(Object(Illuminate\\Http\\Request))
#44 C:\\Users\\Dalia\\OneDrive\\Desktop\\WorkSpace\\pulardapontenaquinta\\rotasdeteste\\vendor\\laravel\\framework\\src\\Illuminate\\Pipeline\\Pipeline.php(208): Illuminate\\Http\\Middleware\\TrustProxies->handle(Object(Illuminate\\Http\\Request), Object(Closure))
#45 C:\\Users\\Dalia\\OneDrive\\Desktop\\WorkSpace\\pulardapontenaquinta\\rotasdeteste\\vendor\\laravel\\framework\\src\\Illuminate\\Foundation\\Http\\Middleware\\InvokeDeferredCallbacks.php(22): Illuminate\\Pipeline\\Pipeline->Illuminate\\Pipeline\\{closure}(Object(Illuminate\\Http\\Request))
#46 C:\\Users\\Dalia\\OneDrive\\Desktop\\WorkSpace\\pulardapontenaquinta\\rotasdeteste\\vendor\\laravel\\framework\\src\\Illuminate\\Pipeline\\Pipeline.php(208): Illuminate\\Foundation\\Http\\Middleware\\InvokeDeferredCallbacks->handle(Object(Illuminate\\Http\\Request), Object(Closure))
#47 C:\\Users\\Dalia\\OneDrive\\Desktop\\WorkSpace\\pulardapontenaquinta\\rotasdeteste\\vendor\\laravel\\framework\\src\\Illuminate\\Http\\Middleware\\ValidatePathEncoding.php(26): Illuminate\\Pipeline\\Pipeline->Illuminate\\Pipeline\\{closure}(Object(Illuminate\\Http\\Request))
#48 C:\\Users\\Dalia\\OneDrive\\Desktop\\WorkSpace\\pulardapontenaquinta\\rotasdeteste\\vendor\\laravel\\framework\\src\\Illuminate\\Pipeline\\Pipeline.php(208): Illuminate\\Http\\Middleware\\ValidatePathEncoding->handle(Object(Illuminate\\Http\\Request), Object(Closure))
#49 C:\\Users\\Dalia\\OneDrive\\Desktop\\WorkSpace\\pulardapontenaquinta\\rotasdeteste\\vendor\\laravel\\framework\\src\\Illuminate\\Pipeline\\Pipeline.php(126): Illuminate\\Pipeline\\Pipeline->Illuminate\\Pipeline\\{closure}(Object(Illuminate\\Http\\Request))
#50 C:\\Users\\Dalia\\OneDrive\\Desktop\\WorkSpace\\pulardapontenaquinta\\rotasdeteste\\vendor\\laravel\\framework\\src\\Illuminate\\Foundation\\Http\\Kernel.php(175): Illuminate\\Pipeline\\Pipeline->then(Object(Closure))
#51 C:\\Users\\Dalia\\OneDrive\\Desktop\\WorkSpace\\pulardapontenaquinta\\rotasdeteste\\vendor\\laravel\\framework\\src\\Illuminate\\Foundation\\Http\\Kernel.php(144): Illuminate\\Foundation\\Http\\Kernel->sendRequestThroughRouter(Object(Illuminate\\Http\\Request))
#52 C:\\Users\\Dalia\\OneDrive\\Desktop\\WorkSpace\\pulardapontenaquinta\\rotasdeteste\\vendor\\laravel\\framework\\src\\Illuminate\\Foundation\\Application.php(1219): Illuminate\\Foundation\\Http\\Kernel->handle(Object(Illuminate\\Http\\Request))
#53 C:\\Users\\Dalia\\OneDrive\\Desktop\\WorkSpace\\pulardapontenaquinta\\rotasdeteste\\public\\index.php(20): Illuminate\\Foundation\\Application->handleRequest(Object(Illuminate\\Http\\Request))
#54 C:\\Users\\Dalia\\OneDrive\\Desktop\\WorkSpace\\pulardapontenaquinta\\rotasdeteste\\vendor\\laravel\\framework\\src\\Illuminate\\Foundation\\resources\\server.php(23): require_once('C:\\\\Users\\\\Dalia\\\\...')
#55 {main}
"} 
[2025-04-18 01:57:33] local.ERROR: SQLSTATE[HY000]: General error: 1364 Field 'horas_servico' doesn't have a default value (Connection: mysql, SQL: insert into `servicos` (`descricao`, `updated_at`, `created_at`) values (acvaca, 2025-04-18 01:57:33, 2025-04-18 01:57:33)) {"exception":"[object] (Illuminate\\Database\\QueryException(code: HY000): SQLSTATE[HY000]: General error: 1364 Field 'horas_servico' doesn't have a default value (Connection: mysql, SQL: insert into `servicos` (`descricao`, `updated_at`, `created_at`) values (acvaca, 2025-04-18 01:57:33, 2025-04-18 01:57:33)) at C:\\Users\\Dalia\\OneDrive\\Desktop\\WorkSpace\\pulardapontenaquinta\\rotasdeteste\\vendor\\laravel\\framework\\src\\Illuminate\\Database\\Connection.php:822)
[stacktrace]
#0 C:\\Users\\Dalia\\OneDrive\\Desktop\\WorkSpace\\pulardapontenaquinta\\rotasdeteste\\vendor\\laravel\\framework\\src\\Illuminate\\Database\\Connection.php(776): Illuminate\\Database\\Connection->runQueryCallback('insert into `se...', Array, Object(Closure))
#1 C:\\Users\\Dalia\\OneDrive\\Desktop\\WorkSpace\\pulardapontenaquinta\\rotasdeteste\\vendor\\laravel\\framework\\src\\Illuminate\\Database\\MySqlConnection.php(42): Illuminate\\Database\\Connection->run('insert into `se...', Array, Object(Closure))
#2 C:\\Users\\Dalia\\OneDrive\\Desktop\\WorkSpace\\pulardapontenaquinta\\rotasdeteste\\vendor\\laravel\\framework\\src\\Illuminate\\Database\\Query\\Processors\\MySqlProcessor.php(35): Illuminate\\Database\\MySqlConnection->insert('insert into `se...', Array, 'id')
#3 C:\\Users\\Dalia\\OneDrive\\Desktop\\WorkSpace\\pulardapontenaquinta\\rotasdeteste\\vendor\\laravel\\framework\\src\\Illuminate\\Database\\Query\\Builder.php(3769): Illuminate\\Database\\Query\\Processors\\MySqlProcessor->processInsertGetId(Object(Illuminate\\Database\\Query\\Builder), 'insert into `se...', Array, 'id')
#4 C:\\Users\\Dalia\\OneDrive\\Desktop\\WorkSpace\\pulardapontenaquinta\\rotasdeteste\\vendor\\laravel\\framework\\src\\Illuminate\\Database\\Eloquent\\Builder.php(2143): Illuminate\\Database\\Query\\Builder->insertGetId(Array, 'id')
#5 C:\\Users\\Dalia\\OneDrive\\Desktop\\WorkSpace\\pulardapontenaquinta\\rotasdeteste\\vendor\\laravel\\framework\\src\\Illuminate\\Database\\Eloquent\\Model.php(1361): Illuminate\\Database\\Eloquent\\Builder->__call('insertGetId', Array)
#6 C:\\Users\\Dalia\\OneDrive\\Desktop\\WorkSpace\\pulardapontenaquinta\\rotasdeteste\\vendor\\laravel\\framework\\src\\Illuminate\\Database\\Eloquent\\Model.php(1326): Illuminate\\Database\\Eloquent\\Model->insertAndSetId(Object(Illuminate\\Database\\Eloquent\\Builder), Array)
#7 C:\\Users\\Dalia\\OneDrive\\Desktop\\WorkSpace\\pulardapontenaquinta\\rotasdeteste\\vendor\\laravel\\framework\\src\\Illuminate\\Database\\Eloquent\\Model.php(1165): Illuminate\\Database\\Eloquent\\Model->performInsert(Object(Illuminate\\Database\\Eloquent\\Builder))
#8 C:\\Users\\Dalia\\OneDrive\\Desktop\\WorkSpace\\pulardapontenaquinta\\rotasdeteste\\vendor\\laravel\\framework\\src\\Illuminate\\Database\\Eloquent\\Builder.php(1127): Illuminate\\Database\\Eloquent\\Model->save()
#9 C:\\Users\\Dalia\\OneDrive\\Desktop\\WorkSpace\\pulardapontenaquinta\\rotasdeteste\\vendor\\laravel\\framework\\src\\Illuminate\\Support\\helpers.php(399): Illuminate\\Database\\Eloquent\\Builder->Illuminate\\Database\\Eloquent\\{closure}(Object(App\\Models\\Servicos))
#10 C:\\Users\\Dalia\\OneDrive\\Desktop\\WorkSpace\\pulardapontenaquinta\\rotasdeteste\\vendor\\laravel\\framework\\src\\Illuminate\\Database\\Eloquent\\Builder.php(1126): tap(Object(App\\Models\\Servicos), Object(Closure))
#11 C:\\Users\\Dalia\\OneDrive\\Desktop\\WorkSpace\\pulardapontenaquinta\\rotasdeteste\\vendor\\laravel\\framework\\src\\Illuminate\\Support\\Traits\\ForwardsCalls.php(23): Illuminate\\Database\\Eloquent\\Builder->create(Array)
#12 C:\\Users\\Dalia\\OneDrive\\Desktop\\WorkSpace\\pulardapontenaquinta\\rotasdeteste\\vendor\\laravel\\framework\\src\\Illuminate\\Database\\Eloquent\\Model.php(2392): Illuminate\\Database\\Eloquent\\Model->forwardCallTo(Object(Illuminate\\Database\\Eloquent\\Builder), 'create', Array)
#13 C:\\Users\\Dalia\\OneDrive\\Desktop\\WorkSpace\\pulardapontenaquinta\\rotasdeteste\\vendor\\laravel\\framework\\src\\Illuminate\\Database\\Eloquent\\Model.php(2408): Illuminate\\Database\\Eloquent\\Model->__call('create', Array)
#14 C:\\Users\\Dalia\\OneDrive\\Desktop\\WorkSpace\\pulardapontenaquinta\\rotasdeteste\\app\\Http\\Controllers\\ServicosController.php(40): Illuminate\\Database\\Eloquent\\Model::__callStatic('create', Array)
#15 C:\\Users\\Dalia\\OneDrive\\Desktop\\WorkSpace\\pulardapontenaquinta\\rotasdeteste\\vendor\\laravel\\framework\\src\\Illuminate\\Routing\\ControllerDispatcher.php(46): App\\Http\\Controllers\\ServicosController->store(Object(Illuminate\\Http\\Request))
#16 C:\\Users\\Dalia\\OneDrive\\Desktop\\WorkSpace\\pulardapontenaquinta\\rotasdeteste\\vendor\\laravel\\framework\\src\\Illuminate\\Routing\\Route.php(265): Illuminate\\Routing\\ControllerDispatcher->dispatch(Object(Illuminate\\Routing\\Route), Object(App\\Http\\Controllers\\ServicosController), 'store')
#17 C:\\Users\\Dalia\\OneDrive\\Desktop\\WorkSpace\\pulardapontenaquinta\\rotasdeteste\\vendor\\laravel\\framework\\src\\Illuminate\\Routing\\Route.php(211): Illuminate\\Routing\\Route->runController()
#18 C:\\Users\\Dalia\\OneDrive\\Desktop\\WorkSpace\\pulardapontenaquinta\\rotasdeteste\\vendor\\laravel\\framework\\src\\Illuminate\\Routing\\Router.php(808): Illuminate\\Routing\\Route->run()
#19 C:\\Users\\Dalia\\OneDrive\\Desktop\\WorkSpace\\pulardapontenaquinta\\rotasdeteste\\vendor\\laravel\\framework\\src\\Illuminate\\Pipeline\\Pipeline.php(169): Illuminate\\Routing\\Router->Illuminate\\Routing\\{closure}(Object(Illuminate\\Http\\Request))
#20 C:\\Users\\Dalia\\OneDrive\\Desktop\\WorkSpace\\pulardapontenaquinta\\rotasdeteste\\vendor\\laravel\\framework\\src\\Illuminate\\Routing\\Middleware\\SubstituteBindings.php(50): Illuminate\\Pipeline\\Pipeline->Illuminate\\Pipeline\\{closure}(Object(Illuminate\\Http\\Request))
#21 C:\\Users\\Dalia\\OneDrive\\Desktop\\WorkSpace\\pulardapontenaquinta\\rotasdeteste\\vendor\\laravel\\framework\\src\\Illuminate\\Pipeline\\Pipeline.php(208): Illuminate\\Routing\\Middleware\\SubstituteBindings->handle(Object(Illuminate\\Http\\Request), Object(Closure))
#22 C:\\Users\\Dalia\\OneDrive\\Desktop\\WorkSpace\\pulardapontenaquinta\\rotasdeteste\\vendor\\laravel\\framework\\src\\Illuminate\\Pipeline\\Pipeline.php(126): Illuminate\\Pipeline\\Pipeline->Illuminate\\Pipeline\\{closure}(Object(Illuminate\\Http\\Request))
#23 C:\\Users\\Dalia\\OneDrive\\Desktop\\WorkSpace\\pulardapontenaquinta\\rotasdeteste\\vendor\\laravel\\framework\\src\\Illuminate\\Routing\\Router.php(807): Illuminate\\Pipeline\\Pipeline->then(Object(Closure))
#24 C:\\Users\\Dalia\\OneDrive\\Desktop\\WorkSpace\\pulardapontenaquinta\\rotasdeteste\\vendor\\laravel\\framework\\src\\Illuminate\\Routing\\Router.php(786): Illuminate\\Routing\\Router->runRouteWithinStack(Object(Illuminate\\Routing\\Route), Object(Illuminate\\Http\\Request))
#25 C:\\Users\\Dalia\\OneDrive\\Desktop\\WorkSpace\\pulardapontenaquinta\\rotasdeteste\\vendor\\laravel\\framework\\src\\Illuminate\\Routing\\Router.php(750): Illuminate\\Routing\\Router->runRoute(Object(Illuminate\\Http\\Request), Object(Illuminate\\Routing\\Route))
#26 C:\\Users\\Dalia\\OneDrive\\Desktop\\WorkSpace\\pulardapontenaquinta\\rotasdeteste\\vendor\\laravel\\framework\\src\\Illuminate\\Routing\\Router.php(739): Illuminate\\Routing\\Router->dispatchToRoute(Object(Illuminate\\Http\\Request))
#27 C:\\Users\\Dalia\\OneDrive\\Desktop\\WorkSpace\\pulardapontenaquinta\\rotasdeteste\\vendor\\laravel\\framework\\src\\Illuminate\\Foundation\\Http\\Kernel.php(200): Illuminate\\Routing\\Router->dispatch(Object(Illuminate\\Http\\Request))
#28 C:\\Users\\Dalia\\OneDrive\\Desktop\\WorkSpace\\pulardapontenaquinta\\rotasdeteste\\vendor\\laravel\\framework\\src\\Illuminate\\Pipeline\\Pipeline.php(169): Illuminate\\Foundation\\Http\\Kernel->Illuminate\\Foundation\\Http\\{closure}(Object(Illuminate\\Http\\Request))
#29 C:\\Users\\Dalia\\OneDrive\\Desktop\\WorkSpace\\pulardapontenaquinta\\rotasdeteste\\vendor\\laravel\\framework\\src\\Illuminate\\Foundation\\Http\\Middleware\\TransformsRequest.php(21): Illuminate\\Pipeline\\Pipeline->Illuminate\\Pipeline\\{closure}(Object(Illuminate\\Http\\Request))
#30 C:\\Users\\Dalia\\OneDrive\\Desktop\\WorkSpace\\pulardapontenaquinta\\rotasdeteste\\vendor\\laravel\\framework\\src\\Illuminate\\Foundation\\Http\\Middleware\\ConvertEmptyStringsToNull.php(31): Illuminate\\Foundation\\Http\\Middleware\\TransformsRequest->handle(Object(Illuminate\\Http\\Request), Object(Closure))
#31 C:\\Users\\Dalia\\OneDrive\\Desktop\\WorkSpace\\pulardapontenaquinta\\rotasdeteste\\vendor\\laravel\\framework\\src\\Illuminate\\Pipeline\\Pipeline.php(208): Illuminate\\Foundation\\Http\\Middleware\\ConvertEmptyStringsToNull->handle(Object(Illuminate\\Http\\Request), Object(Closure))
#32 C:\\Users\\Dalia\\OneDrive\\Desktop\\WorkSpace\\pulardapontenaquinta\\rotasdeteste\\vendor\\laravel\\framework\\src\\Illuminate\\Foundation\\Http\\Middleware\\TransformsRequest.php(21): Illuminate\\Pipeline\\Pipeline->Illuminate\\Pipeline\\{closure}(Object(Illuminate\\Http\\Request))
#33 C:\\Users\\Dalia\\OneDrive\\Desktop\\WorkSpace\\pulardapontenaquinta\\rotasdeteste\\vendor\\laravel\\framework\\src\\Illuminate\\Foundation\\Http\\Middleware\\TrimStrings.php(51): Illuminate\\Foundation\\Http\\Middleware\\TransformsRequest->handle(Object(Illuminate\\Http\\Request), Object(Closure))
#34 C:\\Users\\Dalia\\OneDrive\\Desktop\\WorkSpace\\pulardapontenaquinta\\rotasdeteste\\vendor\\laravel\\framework\\src\\Illuminate\\Pipeline\\Pipeline.php(208): Illuminate\\Foundation\\Http\\Middleware\\TrimStrings->handle(Object(Illuminate\\Http\\Request), Object(Closure))
#35 C:\\Users\\Dalia\\OneDrive\\Desktop\\WorkSpace\\pulardapontenaquinta\\rotasdeteste\\vendor\\laravel\\framework\\src\\Illuminate\\Http\\Middleware\\ValidatePostSize.php(27): Illuminate\\Pipeline\\Pipeline->Illuminate\\Pipeline\\{closure}(Object(Illuminate\\Http\\Request))
#36 C:\\Users\\Dalia\\OneDrive\\Desktop\\WorkSpace\\pulardapontenaquinta\\rotasdeteste\\vendor\\laravel\\framework\\src\\Illuminate\\Pipeline\\Pipeline.php(208): Illuminate\\Http\\Middleware\\ValidatePostSize->handle(Object(Illuminate\\Http\\Request), Object(Closure))
#37 C:\\Users\\Dalia\\OneDrive\\Desktop\\WorkSpace\\pulardapontenaquinta\\rotasdeteste\\vendor\\laravel\\framework\\src\\Illuminate\\Foundation\\Http\\Middleware\\PreventRequestsDuringMaintenance.php(109): Illuminate\\Pipeline\\Pipeline->Illuminate\\Pipeline\\{closure}(Object(Illuminate\\Http\\Request))
#38 C:\\Users\\Dalia\\OneDrive\\Desktop\\WorkSpace\\pulardapontenaquinta\\rotasdeteste\\vendor\\laravel\\framework\\src\\Illuminate\\Pipeline\\Pipeline.php(208): Illuminate\\Foundation\\Http\\Middleware\\PreventRequestsDuringMaintenance->handle(Object(Illuminate\\Http\\Request), Object(Closure))
#39 C:\\Users\\Dalia\\OneDrive\\Desktop\\WorkSpace\\pulardapontenaquinta\\rotasdeteste\\vendor\\laravel\\framework\\src\\Illuminate\\Http\\Middleware\\HandleCors.php(61): Illuminate\\Pipeline\\Pipeline->Illuminate\\Pipeline\\{closure}(Object(Illuminate\\Http\\Request))
#40 C:\\Users\\Dalia\\OneDrive\\Desktop\\WorkSpace\\pulardapontenaquinta\\rotasdeteste\\vendor\\laravel\\framework\\src\\Illuminate\\Pipeline\\Pipeline.php(208): Illuminate\\Http\\Middleware\\HandleCors->handle(Object(Illuminate\\Http\\Request), Object(Closure))
#41 C:\\Users\\Dalia\\OneDrive\\Desktop\\WorkSpace\\pulardapontenaquinta\\rotasdeteste\\vendor\\laravel\\framework\\src\\Illuminate\\Http\\Middleware\\TrustProxies.php(58): Illuminate\\Pipeline\\Pipeline->Illuminate\\Pipeline\\{closure}(Object(Illuminate\\Http\\Request))
#42 C:\\Users\\Dalia\\OneDrive\\Desktop\\WorkSpace\\pulardapontenaquinta\\rotasdeteste\\vendor\\laravel\\framework\\src\\Illuminate\\Pipeline\\Pipeline.php(208): Illuminate\\Http\\Middleware\\TrustProxies->handle(Object(Illuminate\\Http\\Request), Object(Closure))
#43 C:\\Users\\Dalia\\OneDrive\\Desktop\\WorkSpace\\pulardapontenaquinta\\rotasdeteste\\vendor\\laravel\\framework\\src\\Illuminate\\Foundation\\Http\\Middleware\\InvokeDeferredCallbacks.php(22): Illuminate\\Pipeline\\Pipeline->Illuminate\\Pipeline\\{closure}(Object(Illuminate\\Http\\Request))
#44 C:\\Users\\Dalia\\OneDrive\\Desktop\\WorkSpace\\pulardapontenaquinta\\rotasdeteste\\vendor\\laravel\\framework\\src\\Illuminate\\Pipeline\\Pipeline.php(208): Illuminate\\Foundation\\Http\\Middleware\\InvokeDeferredCallbacks->handle(Object(Illuminate\\Http\\Request), Object(Closure))
#45 C:\\Users\\Dalia\\OneDrive\\Desktop\\WorkSpace\\pulardapontenaquinta\\rotasdeteste\\vendor\\laravel\\framework\\src\\Illuminate\\Http\\Middleware\\ValidatePathEncoding.php(26): Illuminate\\Pipeline\\Pipeline->Illuminate\\Pipeline\\{closure}(Object(Illuminate\\Http\\Request))
#46 C:\\Users\\Dalia\\OneDrive\\Desktop\\WorkSpace\\pulardapontenaquinta\\rotasdeteste\\vendor\\laravel\\framework\\src\\Illuminate\\Pipeline\\Pipeline.php(208): Illuminate\\Http\\Middleware\\ValidatePathEncoding->handle(Object(Illuminate\\Http\\Request), Object(Closure))
#47 C:\\Users\\Dalia\\OneDrive\\Desktop\\WorkSpace\\pulardapontenaquinta\\rotasdeteste\\vendor\\laravel\\framework\\src\\Illuminate\\Pipeline\\Pipeline.php(126): Illuminate\\Pipeline\\Pipeline->Illuminate\\Pipeline\\{closure}(Object(Illuminate\\Http\\Request))
#48 C:\\Users\\Dalia\\OneDrive\\Desktop\\WorkSpace\\pulardapontenaquinta\\rotasdeteste\\vendor\\laravel\\framework\\src\\Illuminate\\Foundation\\Http\\Kernel.php(175): Illuminate\\Pipeline\\Pipeline->then(Object(Closure))
#49 C:\\Users\\Dalia\\OneDrive\\Desktop\\WorkSpace\\pulardapontenaquinta\\rotasdeteste\\vendor\\laravel\\framework\\src\\Illuminate\\Foundation\\Http\\Kernel.php(144): Illuminate\\Foundation\\Http\\Kernel->sendRequestThroughRouter(Object(Illuminate\\Http\\Request))
#50 C:\\Users\\Dalia\\OneDrive\\Desktop\\WorkSpace\\pulardapontenaquinta\\rotasdeteste\\vendor\\laravel\\framework\\src\\Illuminate\\Foundation\\Application.php(1219): Illuminate\\Foundation\\Http\\Kernel->handle(Object(Illuminate\\Http\\Request))
#51 C:\\Users\\Dalia\\OneDrive\\Desktop\\WorkSpace\\pulardapontenaquinta\\rotasdeteste\\public\\index.php(20): Illuminate\\Foundation\\Application->handleRequest(Object(Illuminate\\Http\\Request))
#52 C:\\Users\\Dalia\\OneDrive\\Desktop\\WorkSpace\\pulardapontenaquinta\\rotasdeteste\\vendor\\laravel\\framework\\src\\Illuminate\\Foundation\\resources\\server.php(23): require_once('C:\\\\Users\\\\Dalia\\\\...')
#53 {main}

[previous exception] [object] (PDOException(code: HY000): SQLSTATE[HY000]: General error: 1364 Field 'horas_servico' doesn't have a default value at C:\\Users\\Dalia\\OneDrive\\Desktop\\WorkSpace\\pulardapontenaquinta\\rotasdeteste\\vendor\\laravel\\framework\\src\\Illuminate\\Database\\MySqlConnection.php:53)
[stacktrace]
#0 C:\\Users\\Dalia\\OneDrive\\Desktop\\WorkSpace\\pulardapontenaquinta\\rotasdeteste\\vendor\\laravel\\framework\\src\\Illuminate\\Database\\MySqlConnection.php(53): PDOStatement->execute()
#1 C:\\Users\\Dalia\\OneDrive\\Desktop\\WorkSpace\\pulardapontenaquinta\\rotasdeteste\\vendor\\laravel\\framework\\src\\Illuminate\\Database\\Connection.php(809): Illuminate\\Database\\MySqlConnection->Illuminate\\Database\\{closure}('insert into `se...', Array)
#2 C:\\Users\\Dalia\\OneDrive\\Desktop\\WorkSpace\\pulardapontenaquinta\\rotasdeteste\\vendor\\laravel\\framework\\src\\Illuminate\\Database\\Connection.php(776): Illuminate\\Database\\Connection->runQueryCallback('insert into `se...', Array, Object(Closure))
#3 C:\\Users\\Dalia\\OneDrive\\Desktop\\WorkSpace\\pulardapontenaquinta\\rotasdeteste\\vendor\\laravel\\framework\\src\\Illuminate\\Database\\MySqlConnection.php(42): Illuminate\\Database\\Connection->run('insert into `se...', Array, Object(Closure))
#4 C:\\Users\\Dalia\\OneDrive\\Desktop\\WorkSpace\\pulardapontenaquinta\\rotasdeteste\\vendor\\laravel\\framework\\src\\Illuminate\\Database\\Query\\Processors\\MySqlProcessor.php(35): Illuminate\\Database\\MySqlConnection->insert('insert into `se...', Array, 'id')
#5 C:\\Users\\Dalia\\OneDrive\\Desktop\\WorkSpace\\pulardapontenaquinta\\rotasdeteste\\vendor\\laravel\\framework\\src\\Illuminate\\Database\\Query\\Builder.php(3769): Illuminate\\Database\\Query\\Processors\\MySqlProcessor->processInsertGetId(Object(Illuminate\\Database\\Query\\Builder), 'insert into `se...', Array, 'id')
#6 C:\\Users\\Dalia\\OneDrive\\Desktop\\WorkSpace\\pulardapontenaquinta\\rotasdeteste\\vendor\\laravel\\framework\\src\\Illuminate\\Database\\Eloquent\\Builder.php(2143): Illuminate\\Database\\Query\\Builder->insertGetId(Array, 'id')
#7 C:\\Users\\Dalia\\OneDrive\\Desktop\\WorkSpace\\pulardapontenaquinta\\rotasdeteste\\vendor\\laravel\\framework\\src\\Illuminate\\Database\\Eloquent\\Model.php(1361): Illuminate\\Database\\Eloquent\\Builder->__call('insertGetId', Array)
#8 C:\\Users\\Dalia\\OneDrive\\Desktop\\WorkSpace\\pulardapontenaquinta\\rotasdeteste\\vendor\\laravel\\framework\\src\\Illuminate\\Database\\Eloquent\\Model.php(1326): Illuminate\\Database\\Eloquent\\Model->insertAndSetId(Object(Illuminate\\Database\\Eloquent\\Builder), Array)
#9 C:\\Users\\Dalia\\OneDrive\\Desktop\\WorkSpace\\pulardapontenaquinta\\rotasdeteste\\vendor\\laravel\\framework\\src\\Illuminate\\Database\\Eloquent\\Model.php(1165): Illuminate\\Database\\Eloquent\\Model->performInsert(Object(Illuminate\\Database\\Eloquent\\Builder))
#10 C:\\Users\\Dalia\\OneDrive\\Desktop\\WorkSpace\\pulardapontenaquinta\\rotasdeteste\\vendor\\laravel\\framework\\src\\Illuminate\\Database\\Eloquent\\Builder.php(1127): Illuminate\\Database\\Eloquent\\Model->save()
#11 C:\\Users\\Dalia\\OneDrive\\Desktop\\WorkSpace\\pulardapontenaquinta\\rotasdeteste\\vendor\\laravel\\framework\\src\\Illuminate\\Support\\helpers.php(399): Illuminate\\Database\\Eloquent\\Builder->Illuminate\\Database\\Eloquent\\{closure}(Object(App\\Models\\Servicos))
#12 C:\\Users\\Dalia\\OneDrive\\Desktop\\WorkSpace\\pulardapontenaquinta\\rotasdeteste\\vendor\\laravel\\framework\\src\\Illuminate\\Database\\Eloquent\\Builder.php(1126): tap(Object(App\\Models\\Servicos), Object(Closure))
#13 C:\\Users\\Dalia\\OneDrive\\Desktop\\WorkSpace\\pulardapontenaquinta\\rotasdeteste\\vendor\\laravel\\framework\\src\\Illuminate\\Support\\Traits\\ForwardsCalls.php(23): Illuminate\\Database\\Eloquent\\Builder->create(Array)
#14 C:\\Users\\Dalia\\OneDrive\\Desktop\\WorkSpace\\pulardapontenaquinta\\rotasdeteste\\vendor\\laravel\\framework\\src\\Illuminate\\Database\\Eloquent\\Model.php(2392): Illuminate\\Database\\Eloquent\\Model->forwardCallTo(Object(Illuminate\\Database\\Eloquent\\Builder), 'create', Array)
#15 C:\\Users\\Dalia\\OneDrive\\Desktop\\WorkSpace\\pulardapontenaquinta\\rotasdeteste\\vendor\\laravel\\framework\\src\\Illuminate\\Database\\Eloquent\\Model.php(2408): Illuminate\\Database\\Eloquent\\Model->__call('create', Array)
#16 C:\\Users\\Dalia\\OneDrive\\Desktop\\WorkSpace\\pulardapontenaquinta\\rotasdeteste\\app\\Http\\Controllers\\ServicosController.php(40): Illuminate\\Database\\Eloquent\\Model::__callStatic('create', Array)
#17 C:\\Users\\Dalia\\OneDrive\\Desktop\\WorkSpace\\pulardapontenaquinta\\rotasdeteste\\vendor\\laravel\\framework\\src\\Illuminate\\Routing\\ControllerDispatcher.php(46): App\\Http\\Controllers\\ServicosController->store(Object(Illuminate\\Http\\Request))
#18 C:\\Users\\Dalia\\OneDrive\\Desktop\\WorkSpace\\pulardapontenaquinta\\rotasdeteste\\vendor\\laravel\\framework\\src\\Illuminate\\Routing\\Route.php(265): Illuminate\\Routing\\ControllerDispatcher->dispatch(Object(Illuminate\\Routing\\Route), Object(App\\Http\\Controllers\\ServicosController), 'store')
#19 C:\\Users\\Dalia\\OneDrive\\Desktop\\WorkSpace\\pulardapontenaquinta\\rotasdeteste\\vendor\\laravel\\framework\\src\\Illuminate\\Routing\\Route.php(211): Illuminate\\Routing\\Route->runController()
#20 C:\\Users\\Dalia\\OneDrive\\Desktop\\WorkSpace\\pulardapontenaquinta\\rotasdeteste\\vendor\\laravel\\framework\\src\\Illuminate\\Routing\\Router.php(808): Illuminate\\Routing\\Route->run()
#21 C:\\Users\\Dalia\\OneDrive\\Desktop\\WorkSpace\\pulardapontenaquinta\\rotasdeteste\\vendor\\laravel\\framework\\src\\Illuminate\\Pipeline\\Pipeline.php(169): Illuminate\\Routing\\Router->Illuminate\\Routing\\{closure}(Object(Illuminate\\Http\\Request))
#22 C:\\Users\\Dalia\\OneDrive\\Desktop\\WorkSpace\\pulardapontenaquinta\\rotasdeteste\\vendor\\laravel\\framework\\src\\Illuminate\\Routing\\Middleware\\SubstituteBindings.php(50): Illuminate\\Pipeline\\Pipeline->Illuminate\\Pipeline\\{closure}(Object(Illuminate\\Http\\Request))
#23 C:\\Users\\Dalia\\OneDrive\\Desktop\\WorkSpace\\pulardapontenaquinta\\rotasdeteste\\vendor\\laravel\\framework\\src\\Illuminate\\Pipeline\\Pipeline.php(208): Illuminate\\Routing\\Middleware\\SubstituteBindings->handle(Object(Illuminate\\Http\\Request), Object(Closure))
#24 C:\\Users\\Dalia\\OneDrive\\Desktop\\WorkSpace\\pulardapontenaquinta\\rotasdeteste\\vendor\\laravel\\framework\\src\\Illuminate\\Pipeline\\Pipeline.php(126): Illuminate\\Pipeline\\Pipeline->Illuminate\\Pipeline\\{closure}(Object(Illuminate\\Http\\Request))
#25 C:\\Users\\Dalia\\OneDrive\\Desktop\\WorkSpace\\pulardapontenaquinta\\rotasdeteste\\vendor\\laravel\\framework\\src\\Illuminate\\Routing\\Router.php(807): Illuminate\\Pipeline\\Pipeline->then(Object(Closure))
#26 C:\\Users\\Dalia\\OneDrive\\Desktop\\WorkSpace\\pulardapontenaquinta\\rotasdeteste\\vendor\\laravel\\framework\\src\\Illuminate\\Routing\\Router.php(786): Illuminate\\Routing\\Router->runRouteWithinStack(Object(Illuminate\\Routing\\Route), Object(Illuminate\\Http\\Request))
#27 C:\\Users\\Dalia\\OneDrive\\Desktop\\WorkSpace\\pulardapontenaquinta\\rotasdeteste\\vendor\\laravel\\framework\\src\\Illuminate\\Routing\\Router.php(750): Illuminate\\Routing\\Router->runRoute(Object(Illuminate\\Http\\Request), Object(Illuminate\\Routing\\Route))
#28 C:\\Users\\Dalia\\OneDrive\\Desktop\\WorkSpace\\pulardapontenaquinta\\rotasdeteste\\vendor\\laravel\\framework\\src\\Illuminate\\Routing\\Router.php(739): Illuminate\\Routing\\Router->dispatchToRoute(Object(Illuminate\\Http\\Request))
#29 C:\\Users\\Dalia\\OneDrive\\Desktop\\WorkSpace\\pulardapontenaquinta\\rotasdeteste\\vendor\\laravel\\framework\\src\\Illuminate\\Foundation\\Http\\Kernel.php(200): Illuminate\\Routing\\Router->dispatch(Object(Illuminate\\Http\\Request))
#30 C:\\Users\\Dalia\\OneDrive\\Desktop\\WorkSpace\\pulardapontenaquinta\\rotasdeteste\\vendor\\laravel\\framework\\src\\Illuminate\\Pipeline\\Pipeline.php(169): Illuminate\\Foundation\\Http\\Kernel->Illuminate\\Foundation\\Http\\{closure}(Object(Illuminate\\Http\\Request))
#31 C:\\Users\\Dalia\\OneDrive\\Desktop\\WorkSpace\\pulardapontenaquinta\\rotasdeteste\\vendor\\laravel\\framework\\src\\Illuminate\\Foundation\\Http\\Middleware\\TransformsRequest.php(21): Illuminate\\Pipeline\\Pipeline->Illuminate\\Pipeline\\{closure}(Object(Illuminate\\Http\\Request))
#32 C:\\Users\\Dalia\\OneDrive\\Desktop\\WorkSpace\\pulardapontenaquinta\\rotasdeteste\\vendor\\laravel\\framework\\src\\Illuminate\\Foundation\\Http\\Middleware\\ConvertEmptyStringsToNull.php(31): Illuminate\\Foundation\\Http\\Middleware\\TransformsRequest->handle(Object(Illuminate\\Http\\Request), Object(Closure))
#33 C:\\Users\\Dalia\\OneDrive\\Desktop\\WorkSpace\\pulardapontenaquinta\\rotasdeteste\\vendor\\laravel\\framework\\src\\Illuminate\\Pipeline\\Pipeline.php(208): Illuminate\\Foundation\\Http\\Middleware\\ConvertEmptyStringsToNull->handle(Object(Illuminate\\Http\\Request), Object(Closure))
#34 C:\\Users\\Dalia\\OneDrive\\Desktop\\WorkSpace\\pulardapontenaquinta\\rotasdeteste\\vendor\\laravel\\framework\\src\\Illuminate\\Foundation\\Http\\Middleware\\TransformsRequest.php(21): Illuminate\\Pipeline\\Pipeline->Illuminate\\Pipeline\\{closure}(Object(Illuminate\\Http\\Request))
#35 C:\\Users\\Dalia\\OneDrive\\Desktop\\WorkSpace\\pulardapontenaquinta\\rotasdeteste\\vendor\\laravel\\framework\\src\\Illuminate\\Foundation\\Http\\Middleware\\TrimStrings.php(51): Illuminate\\Foundation\\Http\\Middleware\\TransformsRequest->handle(Object(Illuminate\\Http\\Request), Object(Closure))
#36 C:\\Users\\Dalia\\OneDrive\\Desktop\\WorkSpace\\pulardapontenaquinta\\rotasdeteste\\vendor\\laravel\\framework\\src\\Illuminate\\Pipeline\\Pipeline.php(208): Illuminate\\Foundation\\Http\\Middleware\\TrimStrings->handle(Object(Illuminate\\Http\\Request), Object(Closure))
#37 C:\\Users\\Dalia\\OneDrive\\Desktop\\WorkSpace\\pulardapontenaquinta\\rotasdeteste\\vendor\\laravel\\framework\\src\\Illuminate\\Http\\Middleware\\ValidatePostSize.php(27): Illuminate\\Pipeline\\Pipeline->Illuminate\\Pipeline\\{closure}(Object(Illuminate\\Http\\Request))
#38 C:\\Users\\Dalia\\OneDrive\\Desktop\\WorkSpace\\pulardapontenaquinta\\rotasdeteste\\vendor\\laravel\\framework\\src\\Illuminate\\Pipeline\\Pipeline.php(208): Illuminate\\Http\\Middleware\\ValidatePostSize->handle(Object(Illuminate\\Http\\Request), Object(Closure))
#39 C:\\Users\\Dalia\\OneDrive\\Desktop\\WorkSpace\\pulardapontenaquinta\\rotasdeteste\\vendor\\laravel\\framework\\src\\Illuminate\\Foundation\\Http\\Middleware\\PreventRequestsDuringMaintenance.php(109): Illuminate\\Pipeline\\Pipeline->Illuminate\\Pipeline\\{closure}(Object(Illuminate\\Http\\Request))
#40 C:\\Users\\Dalia\\OneDrive\\Desktop\\WorkSpace\\pulardapontenaquinta\\rotasdeteste\\vendor\\laravel\\framework\\src\\Illuminate\\Pipeline\\Pipeline.php(208): Illuminate\\Foundation\\Http\\Middleware\\PreventRequestsDuringMaintenance->handle(Object(Illuminate\\Http\\Request), Object(Closure))
#41 C:\\Users\\Dalia\\OneDrive\\Desktop\\WorkSpace\\pulardapontenaquinta\\rotasdeteste\\vendor\\laravel\\framework\\src\\Illuminate\\Http\\Middleware\\HandleCors.php(61): Illuminate\\Pipeline\\Pipeline->Illuminate\\Pipeline\\{closure}(Object(Illuminate\\Http\\Request))
#42 C:\\Users\\Dalia\\OneDrive\\Desktop\\WorkSpace\\pulardapontenaquinta\\rotasdeteste\\vendor\\laravel\\framework\\src\\Illuminate\\Pipeline\\Pipeline.php(208): Illuminate\\Http\\Middleware\\HandleCors->handle(Object(Illuminate\\Http\\Request), Object(Closure))
#43 C:\\Users\\Dalia\\OneDrive\\Desktop\\WorkSpace\\pulardapontenaquinta\\rotasdeteste\\vendor\\laravel\\framework\\src\\Illuminate\\Http\\Middleware\\TrustProxies.php(58): Illuminate\\Pipeline\\Pipeline->Illuminate\\Pipeline\\{closure}(Object(Illuminate\\Http\\Request))
#44 C:\\Users\\Dalia\\OneDrive\\Desktop\\WorkSpace\\pulardapontenaquinta\\rotasdeteste\\vendor\\laravel\\framework\\src\\Illuminate\\Pipeline\\Pipeline.php(208): Illuminate\\Http\\Middleware\\TrustProxies->handle(Object(Illuminate\\Http\\Request), Object(Closure))
#45 C:\\Users\\Dalia\\OneDrive\\Desktop\\WorkSpace\\pulardapontenaquinta\\rotasdeteste\\vendor\\laravel\\framework\\src\\Illuminate\\Foundation\\Http\\Middleware\\InvokeDeferredCallbacks.php(22): Illuminate\\Pipeline\\Pipeline->Illuminate\\Pipeline\\{closure}(Object(Illuminate\\Http\\Request))
#46 C:\\Users\\Dalia\\OneDrive\\Desktop\\WorkSpace\\pulardapontenaquinta\\rotasdeteste\\vendor\\laravel\\framework\\src\\Illuminate\\Pipeline\\Pipeline.php(208): Illuminate\\Foundation\\Http\\Middleware\\InvokeDeferredCallbacks->handle(Object(Illuminate\\Http\\Request), Object(Closure))
#47 C:\\Users\\Dalia\\OneDrive\\Desktop\\WorkSpace\\pulardapontenaquinta\\rotasdeteste\\vendor\\laravel\\framework\\src\\Illuminate\\Http\\Middleware\\ValidatePathEncoding.php(26): Illuminate\\Pipeline\\Pipeline->Illuminate\\Pipeline\\{closure}(Object(Illuminate\\Http\\Request))
#48 C:\\Users\\Dalia\\OneDrive\\Desktop\\WorkSpace\\pulardapontenaquinta\\rotasdeteste\\vendor\\laravel\\framework\\src\\Illuminate\\Pipeline\\Pipeline.php(208): Illuminate\\Http\\Middleware\\ValidatePathEncoding->handle(Object(Illuminate\\Http\\Request), Object(Closure))
#49 C:\\Users\\Dalia\\OneDrive\\Desktop\\WorkSpace\\pulardapontenaquinta\\rotasdeteste\\vendor\\laravel\\framework\\src\\Illuminate\\Pipeline\\Pipeline.php(126): Illuminate\\Pipeline\\Pipeline->Illuminate\\Pipeline\\{closure}(Object(Illuminate\\Http\\Request))
#50 C:\\Users\\Dalia\\OneDrive\\Desktop\\WorkSpace\\pulardapontenaquinta\\rotasdeteste\\vendor\\laravel\\framework\\src\\Illuminate\\Foundation\\Http\\Kernel.php(175): Illuminate\\Pipeline\\Pipeline->then(Object(Closure))
#51 C:\\Users\\Dalia\\OneDrive\\Desktop\\WorkSpace\\pulardapontenaquinta\\rotasdeteste\\vendor\\laravel\\framework\\src\\Illuminate\\Foundation\\Http\\Kernel.php(144): Illuminate\\Foundation\\Http\\Kernel->sendRequestThroughRouter(Object(Illuminate\\Http\\Request))
#52 C:\\Users\\Dalia\\OneDrive\\Desktop\\WorkSpace\\pulardapontenaquinta\\rotasdeteste\\vendor\\laravel\\framework\\src\\Illuminate\\Foundation\\Application.php(1219): Illuminate\\Foundation\\Http\\Kernel->handle(Object(Illuminate\\Http\\Request))
#53 C:\\Users\\Dalia\\OneDrive\\Desktop\\WorkSpace\\pulardapontenaquinta\\rotasdeteste\\public\\index.php(20): Illuminate\\Foundation\\Application->handleRequest(Object(Illuminate\\Http\\Request))
#54 C:\\Users\\Dalia\\OneDrive\\Desktop\\WorkSpace\\pulardapontenaquinta\\rotasdeteste\\vendor\\laravel\\framework\\src\\Illuminate\\Foundation\\resources\\server.php(23): require_once('C:\\\\Users\\\\Dalia\\\\...')
#55 {main}
"} 
[2025-04-18 01:59:03] local.ERROR: Undefined variable $servicos {"exception":"[object] (ErrorException(code: 0): Undefined variable $servicos at C:\\Users\\Dalia\\OneDrive\\Desktop\\WorkSpace\\pulardapontenaquinta\\rotasdeteste\\app\\Http\\Controllers\\ServicosController.php:61)
[stacktrace]
#0 C:\\Users\\Dalia\\OneDrive\\Desktop\\WorkSpace\\pulardapontenaquinta\\rotasdeteste\\vendor\\laravel\\framework\\src\\Illuminate\\Foundation\\Bootstrap\\HandleExceptions.php(256): Illuminate\\Foundation\\Bootstrap\\HandleExceptions->handleError(2, 'Undefined varia...', 'C:\\\\Users\\\\Dalia\\\\...', 61)
#1 C:\\Users\\Dalia\\OneDrive\\Desktop\\WorkSpace\\pulardapontenaquinta\\rotasdeteste\\app\\Http\\Controllers\\ServicosController.php(61): Illuminate\\Foundation\\Bootstrap\\HandleExceptions->Illuminate\\Foundation\\Bootstrap\\{closure}(2, 'Undefined varia...', 'C:\\\\Users\\\\Dalia\\\\...', 61)
#2 C:\\Users\\Dalia\\OneDrive\\Desktop\\WorkSpace\\pulardapontenaquinta\\rotasdeteste\\vendor\\laravel\\framework\\src\\Illuminate\\Routing\\ControllerDispatcher.php(46): App\\Http\\Controllers\\ServicosController->show('1')
#3 C:\\Users\\Dalia\\OneDrive\\Desktop\\WorkSpace\\pulardapontenaquinta\\rotasdeteste\\vendor\\laravel\\framework\\src\\Illuminate\\Routing\\Route.php(265): Illuminate\\Routing\\ControllerDispatcher->dispatch(Object(Illuminate\\Routing\\Route), Object(App\\Http\\Controllers\\ServicosController), 'show')
#4 C:\\Users\\Dalia\\OneDrive\\Desktop\\WorkSpace\\pulardapontenaquinta\\rotasdeteste\\vendor\\laravel\\framework\\src\\Illuminate\\Routing\\Route.php(211): Illuminate\\Routing\\Route->runController()
#5 C:\\Users\\Dalia\\OneDrive\\Desktop\\WorkSpace\\pulardapontenaquinta\\rotasdeteste\\vendor\\laravel\\framework\\src\\Illuminate\\Routing\\Router.php(808): Illuminate\\Routing\\Route->run()
#6 C:\\Users\\Dalia\\OneDrive\\Desktop\\WorkSpace\\pulardapontenaquinta\\rotasdeteste\\vendor\\laravel\\framework\\src\\Illuminate\\Pipeline\\Pipeline.php(169): Illuminate\\Routing\\Router->Illuminate\\Routing\\{closure}(Object(Illuminate\\Http\\Request))
#7 C:\\Users\\Dalia\\OneDrive\\Desktop\\WorkSpace\\pulardapontenaquinta\\rotasdeteste\\vendor\\laravel\\framework\\src\\Illuminate\\Routing\\Middleware\\SubstituteBindings.php(50): Illuminate\\Pipeline\\Pipeline->Illuminate\\Pipeline\\{closure}(Object(Illuminate\\Http\\Request))
#8 C:\\Users\\Dalia\\OneDrive\\Desktop\\WorkSpace\\pulardapontenaquinta\\rotasdeteste\\vendor\\laravel\\framework\\src\\Illuminate\\Pipeline\\Pipeline.php(208): Illuminate\\Routing\\Middleware\\SubstituteBindings->handle(Object(Illuminate\\Http\\Request), Object(Closure))
#9 C:\\Users\\Dalia\\OneDrive\\Desktop\\WorkSpace\\pulardapontenaquinta\\rotasdeteste\\vendor\\laravel\\framework\\src\\Illuminate\\Pipeline\\Pipeline.php(126): Illuminate\\Pipeline\\Pipeline->Illuminate\\Pipeline\\{closure}(Object(Illuminate\\Http\\Request))
#10 C:\\Users\\Dalia\\OneDrive\\Desktop\\WorkSpace\\pulardapontenaquinta\\rotasdeteste\\vendor\\laravel\\framework\\src\\Illuminate\\Routing\\Router.php(807): Illuminate\\Pipeline\\Pipeline->then(Object(Closure))
#11 C:\\Users\\Dalia\\OneDrive\\Desktop\\WorkSpace\\pulardapontenaquinta\\rotasdeteste\\vendor\\laravel\\framework\\src\\Illuminate\\Routing\\Router.php(786): Illuminate\\Routing\\Router->runRouteWithinStack(Object(Illuminate\\Routing\\Route), Object(Illuminate\\Http\\Request))
#12 C:\\Users\\Dalia\\OneDrive\\Desktop\\WorkSpace\\pulardapontenaquinta\\rotasdeteste\\vendor\\laravel\\framework\\src\\Illuminate\\Routing\\Router.php(750): Illuminate\\Routing\\Router->runRoute(Object(Illuminate\\Http\\Request), Object(Illuminate\\Routing\\Route))
#13 C:\\Users\\Dalia\\OneDrive\\Desktop\\WorkSpace\\pulardapontenaquinta\\rotasdeteste\\vendor\\laravel\\framework\\src\\Illuminate\\Routing\\Router.php(739): Illuminate\\Routing\\Router->dispatchToRoute(Object(Illuminate\\Http\\Request))
#14 C:\\Users\\Dalia\\OneDrive\\Desktop\\WorkSpace\\pulardapontenaquinta\\rotasdeteste\\vendor\\laravel\\framework\\src\\Illuminate\\Foundation\\Http\\Kernel.php(200): Illuminate\\Routing\\Router->dispatch(Object(Illuminate\\Http\\Request))
#15 C:\\Users\\Dalia\\OneDrive\\Desktop\\WorkSpace\\pulardapontenaquinta\\rotasdeteste\\vendor\\laravel\\framework\\src\\Illuminate\\Pipeline\\Pipeline.php(169): Illuminate\\Foundation\\Http\\Kernel->Illuminate\\Foundation\\Http\\{closure}(Object(Illuminate\\Http\\Request))
#16 C:\\Users\\Dalia\\OneDrive\\Desktop\\WorkSpace\\pulardapontenaquinta\\rotasdeteste\\vendor\\laravel\\framework\\src\\Illuminate\\Foundation\\Http\\Middleware\\TransformsRequest.php(21): Illuminate\\Pipeline\\Pipeline->Illuminate\\Pipeline\\{closure}(Object(Illuminate\\Http\\Request))
#17 C:\\Users\\Dalia\\OneDrive\\Desktop\\WorkSpace\\pulardapontenaquinta\\rotasdeteste\\vendor\\laravel\\framework\\src\\Illuminate\\Foundation\\Http\\Middleware\\ConvertEmptyStringsToNull.php(31): Illuminate\\Foundation\\Http\\Middleware\\TransformsRequest->handle(Object(Illuminate\\Http\\Request), Object(Closure))
#18 C:\\Users\\Dalia\\OneDrive\\Desktop\\WorkSpace\\pulardapontenaquinta\\rotasdeteste\\vendor\\laravel\\framework\\src\\Illuminate\\Pipeline\\Pipeline.php(208): Illuminate\\Foundation\\Http\\Middleware\\ConvertEmptyStringsToNull->handle(Object(Illuminate\\Http\\Request), Object(Closure))
#19 C:\\Users\\Dalia\\OneDrive\\Desktop\\WorkSpace\\pulardapontenaquinta\\rotasdeteste\\vendor\\laravel\\framework\\src\\Illuminate\\Foundation\\Http\\Middleware\\TransformsRequest.php(21): Illuminate\\Pipeline\\Pipeline->Illuminate\\Pipeline\\{closure}(Object(Illuminate\\Http\\Request))
#20 C:\\Users\\Dalia\\OneDrive\\Desktop\\WorkSpace\\pulardapontenaquinta\\rotasdeteste\\vendor\\laravel\\framework\\src\\Illuminate\\Foundation\\Http\\Middleware\\TrimStrings.php(51): Illuminate\\Foundation\\Http\\Middleware\\TransformsRequest->handle(Object(Illuminate\\Http\\Request), Object(Closure))
#21 C:\\Users\\Dalia\\OneDrive\\Desktop\\WorkSpace\\pulardapontenaquinta\\rotasdeteste\\vendor\\laravel\\framework\\src\\Illuminate\\Pipeline\\Pipeline.php(208): Illuminate\\Foundation\\Http\\Middleware\\TrimStrings->handle(Object(Illuminate\\Http\\Request), Object(Closure))
#22 C:\\Users\\Dalia\\OneDrive\\Desktop\\WorkSpace\\pulardapontenaquinta\\rotasdeteste\\vendor\\laravel\\framework\\src\\Illuminate\\Http\\Middleware\\ValidatePostSize.php(27): Illuminate\\Pipeline\\Pipeline->Illuminate\\Pipeline\\{closure}(Object(Illuminate\\Http\\Request))
#23 C:\\Users\\Dalia\\OneDrive\\Desktop\\WorkSpace\\pulardapontenaquinta\\rotasdeteste\\vendor\\laravel\\framework\\src\\Illuminate\\Pipeline\\Pipeline.php(208): Illuminate\\Http\\Middleware\\ValidatePostSize->handle(Object(Illuminate\\Http\\Request), Object(Closure))
#24 C:\\Users\\Dalia\\OneDrive\\Desktop\\WorkSpace\\pulardapontenaquinta\\rotasdeteste\\vendor\\laravel\\framework\\src\\Illuminate\\Foundation\\Http\\Middleware\\PreventRequestsDuringMaintenance.php(109): Illuminate\\Pipeline\\Pipeline->Illuminate\\Pipeline\\{closure}(Object(Illuminate\\Http\\Request))
#25 C:\\Users\\Dalia\\OneDrive\\Desktop\\WorkSpace\\pulardapontenaquinta\\rotasdeteste\\vendor\\laravel\\framework\\src\\Illuminate\\Pipeline\\Pipeline.php(208): Illuminate\\Foundation\\Http\\Middleware\\PreventRequestsDuringMaintenance->handle(Object(Illuminate\\Http\\Request), Object(Closure))
#26 C:\\Users\\Dalia\\OneDrive\\Desktop\\WorkSpace\\pulardapontenaquinta\\rotasdeteste\\vendor\\laravel\\framework\\src\\Illuminate\\Http\\Middleware\\HandleCors.php(61): Illuminate\\Pipeline\\Pipeline->Illuminate\\Pipeline\\{closure}(Object(Illuminate\\Http\\Request))
#27 C:\\Users\\Dalia\\OneDrive\\Desktop\\WorkSpace\\pulardapontenaquinta\\rotasdeteste\\vendor\\laravel\\framework\\src\\Illuminate\\Pipeline\\Pipeline.php(208): Illuminate\\Http\\Middleware\\HandleCors->handle(Object(Illuminate\\Http\\Request), Object(Closure))
#28 C:\\Users\\Dalia\\OneDrive\\Desktop\\WorkSpace\\pulardapontenaquinta\\rotasdeteste\\vendor\\laravel\\framework\\src\\Illuminate\\Http\\Middleware\\TrustProxies.php(58): Illuminate\\Pipeline\\Pipeline->Illuminate\\Pipeline\\{closure}(Object(Illuminate\\Http\\Request))
#29 C:\\Users\\Dalia\\OneDrive\\Desktop\\WorkSpace\\pulardapontenaquinta\\rotasdeteste\\vendor\\laravel\\framework\\src\\Illuminate\\Pipeline\\Pipeline.php(208): Illuminate\\Http\\Middleware\\TrustProxies->handle(Object(Illuminate\\Http\\Request), Object(Closure))
#30 C:\\Users\\Dalia\\OneDrive\\Desktop\\WorkSpace\\pulardapontenaquinta\\rotasdeteste\\vendor\\laravel\\framework\\src\\Illuminate\\Foundation\\Http\\Middleware\\InvokeDeferredCallbacks.php(22): Illuminate\\Pipeline\\Pipeline->Illuminate\\Pipeline\\{closure}(Object(Illuminate\\Http\\Request))
#31 C:\\Users\\Dalia\\OneDrive\\Desktop\\WorkSpace\\pulardapontenaquinta\\rotasdeteste\\vendor\\laravel\\framework\\src\\Illuminate\\Pipeline\\Pipeline.php(208): Illuminate\\Foundation\\Http\\Middleware\\InvokeDeferredCallbacks->handle(Object(Illuminate\\Http\\Request), Object(Closure))
#32 C:\\Users\\Dalia\\OneDrive\\Desktop\\WorkSpace\\pulardapontenaquinta\\rotasdeteste\\vendor\\laravel\\framework\\src\\Illuminate\\Http\\Middleware\\ValidatePathEncoding.php(26): Illuminate\\Pipeline\\Pipeline->Illuminate\\Pipeline\\{closure}(Object(Illuminate\\Http\\Request))
#33 C:\\Users\\Dalia\\OneDrive\\Desktop\\WorkSpace\\pulardapontenaquinta\\rotasdeteste\\vendor\\laravel\\framework\\src\\Illuminate\\Pipeline\\Pipeline.php(208): Illuminate\\Http\\Middleware\\ValidatePathEncoding->handle(Object(Illuminate\\Http\\Request), Object(Closure))
#34 C:\\Users\\Dalia\\OneDrive\\Desktop\\WorkSpace\\pulardapontenaquinta\\rotasdeteste\\vendor\\laravel\\framework\\src\\Illuminate\\Pipeline\\Pipeline.php(126): Illuminate\\Pipeline\\Pipeline->Illuminate\\Pipeline\\{closure}(Object(Illuminate\\Http\\Request))
#35 C:\\Users\\Dalia\\OneDrive\\Desktop\\WorkSpace\\pulardapontenaquinta\\rotasdeteste\\vendor\\laravel\\framework\\src\\Illuminate\\Foundation\\Http\\Kernel.php(175): Illuminate\\Pipeline\\Pipeline->then(Object(Closure))
#36 C:\\Users\\Dalia\\OneDrive\\Desktop\\WorkSpace\\pulardapontenaquinta\\rotasdeteste\\vendor\\laravel\\framework\\src\\Illuminate\\Foundation\\Http\\Kernel.php(144): Illuminate\\Foundation\\Http\\Kernel->sendRequestThroughRouter(Object(Illuminate\\Http\\Request))
#37 C:\\Users\\Dalia\\OneDrive\\Desktop\\WorkSpace\\pulardapontenaquinta\\rotasdeteste\\vendor\\laravel\\framework\\src\\Illuminate\\Foundation\\Application.php(1219): Illuminate\\Foundation\\Http\\Kernel->handle(Object(Illuminate\\Http\\Request))
#38 C:\\Users\\Dalia\\OneDrive\\Desktop\\WorkSpace\\pulardapontenaquinta\\rotasdeteste\\public\\index.php(20): Illuminate\\Foundation\\Application->handleRequest(Object(Illuminate\\Http\\Request))
#39 C:\\Users\\Dalia\\OneDrive\\Desktop\\WorkSpace\\pulardapontenaquinta\\rotasdeteste\\vendor\\laravel\\framework\\src\\Illuminate\\Foundation\\resources\\server.php(23): require_once('C:\\\\Users\\\\Dalia\\\\...')
#40 {main}
"} 
[2025-04-18 02:03:42] local.ERROR: Undefined variable $servicos {"exception":"[object] (ErrorException(code: 0): Undefined variable $servicos at C:\\Users\\Dalia\\OneDrive\\Desktop\\WorkSpace\\pulardapontenaquinta\\rotasdeteste\\app\\Http\\Controllers\\ServicosController.php:94)
[stacktrace]
#0 C:\\Users\\Dalia\\OneDrive\\Desktop\\WorkSpace\\pulardapontenaquinta\\rotasdeteste\\vendor\\laravel\\framework\\src\\Illuminate\\Foundation\\Bootstrap\\HandleExceptions.php(256): Illuminate\\Foundation\\Bootstrap\\HandleExceptions->handleError(2, 'Undefined varia...', 'C:\\\\Users\\\\Dalia\\\\...', 94)
#1 C:\\Users\\Dalia\\OneDrive\\Desktop\\WorkSpace\\pulardapontenaquinta\\rotasdeteste\\app\\Http\\Controllers\\ServicosController.php(94): Illuminate\\Foundation\\Bootstrap\\HandleExceptions->Illuminate\\Foundation\\Bootstrap\\{closure}(2, 'Undefined varia...', 'C:\\\\Users\\\\Dalia\\\\...', 94)
#2 C:\\Users\\Dalia\\OneDrive\\Desktop\\WorkSpace\\pulardapontenaquinta\\rotasdeteste\\vendor\\laravel\\framework\\src\\Illuminate\\Routing\\ControllerDispatcher.php(46): App\\Http\\Controllers\\ServicosController->update(Object(Illuminate\\Http\\Request), '1')
#3 C:\\Users\\Dalia\\OneDrive\\Desktop\\WorkSpace\\pulardapontenaquinta\\rotasdeteste\\vendor\\laravel\\framework\\src\\Illuminate\\Routing\\Route.php(265): Illuminate\\Routing\\ControllerDispatcher->dispatch(Object(Illuminate\\Routing\\Route), Object(App\\Http\\Controllers\\ServicosController), 'update')
#4 C:\\Users\\Dalia\\OneDrive\\Desktop\\WorkSpace\\pulardapontenaquinta\\rotasdeteste\\vendor\\laravel\\framework\\src\\Illuminate\\Routing\\Route.php(211): Illuminate\\Routing\\Route->runController()
#5 C:\\Users\\Dalia\\OneDrive\\Desktop\\WorkSpace\\pulardapontenaquinta\\rotasdeteste\\vendor\\laravel\\framework\\src\\Illuminate\\Routing\\Router.php(808): Illuminate\\Routing\\Route->run()
#6 C:\\Users\\Dalia\\OneDrive\\Desktop\\WorkSpace\\pulardapontenaquinta\\rotasdeteste\\vendor\\laravel\\framework\\src\\Illuminate\\Pipeline\\Pipeline.php(169): Illuminate\\Routing\\Router->Illuminate\\Routing\\{closure}(Object(Illuminate\\Http\\Request))
#7 C:\\Users\\Dalia\\OneDrive\\Desktop\\WorkSpace\\pulardapontenaquinta\\rotasdeteste\\vendor\\laravel\\framework\\src\\Illuminate\\Routing\\Middleware\\SubstituteBindings.php(50): Illuminate\\Pipeline\\Pipeline->Illuminate\\Pipeline\\{closure}(Object(Illuminate\\Http\\Request))
#8 C:\\Users\\Dalia\\OneDrive\\Desktop\\WorkSpace\\pulardapontenaquinta\\rotasdeteste\\vendor\\laravel\\framework\\src\\Illuminate\\Pipeline\\Pipeline.php(208): Illuminate\\Routing\\Middleware\\SubstituteBindings->handle(Object(Illuminate\\Http\\Request), Object(Closure))
#9 C:\\Users\\Dalia\\OneDrive\\Desktop\\WorkSpace\\pulardapontenaquinta\\rotasdeteste\\vendor\\laravel\\framework\\src\\Illuminate\\Pipeline\\Pipeline.php(126): Illuminate\\Pipeline\\Pipeline->Illuminate\\Pipeline\\{closure}(Object(Illuminate\\Http\\Request))
#10 C:\\Users\\Dalia\\OneDrive\\Desktop\\WorkSpace\\pulardapontenaquinta\\rotasdeteste\\vendor\\laravel\\framework\\src\\Illuminate\\Routing\\Router.php(807): Illuminate\\Pipeline\\Pipeline->then(Object(Closure))
#11 C:\\Users\\Dalia\\OneDrive\\Desktop\\WorkSpace\\pulardapontenaquinta\\rotasdeteste\\vendor\\laravel\\framework\\src\\Illuminate\\Routing\\Router.php(786): Illuminate\\Routing\\Router->runRouteWithinStack(Object(Illuminate\\Routing\\Route), Object(Illuminate\\Http\\Request))
#12 C:\\Users\\Dalia\\OneDrive\\Desktop\\WorkSpace\\pulardapontenaquinta\\rotasdeteste\\vendor\\laravel\\framework\\src\\Illuminate\\Routing\\Router.php(750): Illuminate\\Routing\\Router->runRoute(Object(Illuminate\\Http\\Request), Object(Illuminate\\Routing\\Route))
#13 C:\\Users\\Dalia\\OneDrive\\Desktop\\WorkSpace\\pulardapontenaquinta\\rotasdeteste\\vendor\\laravel\\framework\\src\\Illuminate\\Routing\\Router.php(739): Illuminate\\Routing\\Router->dispatchToRoute(Object(Illuminate\\Http\\Request))
#14 C:\\Users\\Dalia\\OneDrive\\Desktop\\WorkSpace\\pulardapontenaquinta\\rotasdeteste\\vendor\\laravel\\framework\\src\\Illuminate\\Foundation\\Http\\Kernel.php(200): Illuminate\\Routing\\Router->dispatch(Object(Illuminate\\Http\\Request))
#15 C:\\Users\\Dalia\\OneDrive\\Desktop\\WorkSpace\\pulardapontenaquinta\\rotasdeteste\\vendor\\laravel\\framework\\src\\Illuminate\\Pipeline\\Pipeline.php(169): Illuminate\\Foundation\\Http\\Kernel->Illuminate\\Foundation\\Http\\{closure}(Object(Illuminate\\Http\\Request))
#16 C:\\Users\\Dalia\\OneDrive\\Desktop\\WorkSpace\\pulardapontenaquinta\\rotasdeteste\\vendor\\laravel\\framework\\src\\Illuminate\\Foundation\\Http\\Middleware\\TransformsRequest.php(21): Illuminate\\Pipeline\\Pipeline->Illuminate\\Pipeline\\{closure}(Object(Illuminate\\Http\\Request))
#17 C:\\Users\\Dalia\\OneDrive\\Desktop\\WorkSpace\\pulardapontenaquinta\\rotasdeteste\\vendor\\laravel\\framework\\src\\Illuminate\\Foundation\\Http\\Middleware\\ConvertEmptyStringsToNull.php(31): Illuminate\\Foundation\\Http\\Middleware\\TransformsRequest->handle(Object(Illuminate\\Http\\Request), Object(Closure))
#18 C:\\Users\\Dalia\\OneDrive\\Desktop\\WorkSpace\\pulardapontenaquinta\\rotasdeteste\\vendor\\laravel\\framework\\src\\Illuminate\\Pipeline\\Pipeline.php(208): Illuminate\\Foundation\\Http\\Middleware\\ConvertEmptyStringsToNull->handle(Object(Illuminate\\Http\\Request), Object(Closure))
#19 C:\\Users\\Dalia\\OneDrive\\Desktop\\WorkSpace\\pulardapontenaquinta\\rotasdeteste\\vendor\\laravel\\framework\\src\\Illuminate\\Foundation\\Http\\Middleware\\TransformsRequest.php(21): Illuminate\\Pipeline\\Pipeline->Illuminate\\Pipeline\\{closure}(Object(Illuminate\\Http\\Request))
#20 C:\\Users\\Dalia\\OneDrive\\Desktop\\WorkSpace\\pulardapontenaquinta\\rotasdeteste\\vendor\\laravel\\framework\\src\\Illuminate\\Foundation\\Http\\Middleware\\TrimStrings.php(51): Illuminate\\Foundation\\Http\\Middleware\\TransformsRequest->handle(Object(Illuminate\\Http\\Request), Object(Closure))
#21 C:\\Users\\Dalia\\OneDrive\\Desktop\\WorkSpace\\pulardapontenaquinta\\rotasdeteste\\vendor\\laravel\\framework\\src\\Illuminate\\Pipeline\\Pipeline.php(208): Illuminate\\Foundation\\Http\\Middleware\\TrimStrings->handle(Object(Illuminate\\Http\\Request), Object(Closure))
#22 C:\\Users\\Dalia\\OneDrive\\Desktop\\WorkSpace\\pulardapontenaquinta\\rotasdeteste\\vendor\\laravel\\framework\\src\\Illuminate\\Http\\Middleware\\ValidatePostSize.php(27): Illuminate\\Pipeline\\Pipeline->Illuminate\\Pipeline\\{closure}(Object(Illuminate\\Http\\Request))
#23 C:\\Users\\Dalia\\OneDrive\\Desktop\\WorkSpace\\pulardapontenaquinta\\rotasdeteste\\vendor\\laravel\\framework\\src\\Illuminate\\Pipeline\\Pipeline.php(208): Illuminate\\Http\\Middleware\\ValidatePostSize->handle(Object(Illuminate\\Http\\Request), Object(Closure))
#24 C:\\Users\\Dalia\\OneDrive\\Desktop\\WorkSpace\\pulardapontenaquinta\\rotasdeteste\\vendor\\laravel\\framework\\src\\Illuminate\\Foundation\\Http\\Middleware\\PreventRequestsDuringMaintenance.php(109): Illuminate\\Pipeline\\Pipeline->Illuminate\\Pipeline\\{closure}(Object(Illuminate\\Http\\Request))
#25 C:\\Users\\Dalia\\OneDrive\\Desktop\\WorkSpace\\pulardapontenaquinta\\rotasdeteste\\vendor\\laravel\\framework\\src\\Illuminate\\Pipeline\\Pipeline.php(208): Illuminate\\Foundation\\Http\\Middleware\\PreventRequestsDuringMaintenance->handle(Object(Illuminate\\Http\\Request), Object(Closure))
#26 C:\\Users\\Dalia\\OneDrive\\Desktop\\WorkSpace\\pulardapontenaquinta\\rotasdeteste\\vendor\\laravel\\framework\\src\\Illuminate\\Http\\Middleware\\HandleCors.php(61): Illuminate\\Pipeline\\Pipeline->Illuminate\\Pipeline\\{closure}(Object(Illuminate\\Http\\Request))
#27 C:\\Users\\Dalia\\OneDrive\\Desktop\\WorkSpace\\pulardapontenaquinta\\rotasdeteste\\vendor\\laravel\\framework\\src\\Illuminate\\Pipeline\\Pipeline.php(208): Illuminate\\Http\\Middleware\\HandleCors->handle(Object(Illuminate\\Http\\Request), Object(Closure))
#28 C:\\Users\\Dalia\\OneDrive\\Desktop\\WorkSpace\\pulardapontenaquinta\\rotasdeteste\\vendor\\laravel\\framework\\src\\Illuminate\\Http\\Middleware\\TrustProxies.php(58): Illuminate\\Pipeline\\Pipeline->Illuminate\\Pipeline\\{closure}(Object(Illuminate\\Http\\Request))
#29 C:\\Users\\Dalia\\OneDrive\\Desktop\\WorkSpace\\pulardapontenaquinta\\rotasdeteste\\vendor\\laravel\\framework\\src\\Illuminate\\Pipeline\\Pipeline.php(208): Illuminate\\Http\\Middleware\\TrustProxies->handle(Object(Illuminate\\Http\\Request), Object(Closure))
#30 C:\\Users\\Dalia\\OneDrive\\Desktop\\WorkSpace\\pulardapontenaquinta\\rotasdeteste\\vendor\\laravel\\framework\\src\\Illuminate\\Foundation\\Http\\Middleware\\InvokeDeferredCallbacks.php(22): Illuminate\\Pipeline\\Pipeline->Illuminate\\Pipeline\\{closure}(Object(Illuminate\\Http\\Request))
#31 C:\\Users\\Dalia\\OneDrive\\Desktop\\WorkSpace\\pulardapontenaquinta\\rotasdeteste\\vendor\\laravel\\framework\\src\\Illuminate\\Pipeline\\Pipeline.php(208): Illuminate\\Foundation\\Http\\Middleware\\InvokeDeferredCallbacks->handle(Object(Illuminate\\Http\\Request), Object(Closure))
#32 C:\\Users\\Dalia\\OneDrive\\Desktop\\WorkSpace\\pulardapontenaquinta\\rotasdeteste\\vendor\\laravel\\framework\\src\\Illuminate\\Http\\Middleware\\ValidatePathEncoding.php(26): Illuminate\\Pipeline\\Pipeline->Illuminate\\Pipeline\\{closure}(Object(Illuminate\\Http\\Request))
#33 C:\\Users\\Dalia\\OneDrive\\Desktop\\WorkSpace\\pulardapontenaquinta\\rotasdeteste\\vendor\\laravel\\framework\\src\\Illuminate\\Pipeline\\Pipeline.php(208): Illuminate\\Http\\Middleware\\ValidatePathEncoding->handle(Object(Illuminate\\Http\\Request), Object(Closure))
#34 C:\\Users\\Dalia\\OneDrive\\Desktop\\WorkSpace\\pulardapontenaquinta\\rotasdeteste\\vendor\\laravel\\framework\\src\\Illuminate\\Pipeline\\Pipeline.php(126): Illuminate\\Pipeline\\Pipeline->Illuminate\\Pipeline\\{closure}(Object(Illuminate\\Http\\Request))
#35 C:\\Users\\Dalia\\OneDrive\\Desktop\\WorkSpace\\pulardapontenaquinta\\rotasdeteste\\vendor\\laravel\\framework\\src\\Illuminate\\Foundation\\Http\\Kernel.php(175): Illuminate\\Pipeline\\Pipeline->then(Object(Closure))
#36 C:\\Users\\Dalia\\OneDrive\\Desktop\\WorkSpace\\pulardapontenaquinta\\rotasdeteste\\vendor\\laravel\\framework\\src\\Illuminate\\Foundation\\Http\\Kernel.php(144): Illuminate\\Foundation\\Http\\Kernel->sendRequestThroughRouter(Object(Illuminate\\Http\\Request))
#37 C:\\Users\\Dalia\\OneDrive\\Desktop\\WorkSpace\\pulardapontenaquinta\\rotasdeteste\\vendor\\laravel\\framework\\src\\Illuminate\\Foundation\\Application.php(1219): Illuminate\\Foundation\\Http\\Kernel->handle(Object(Illuminate\\Http\\Request))
#38 C:\\Users\\Dalia\\OneDrive\\Desktop\\WorkSpace\\pulardapontenaquinta\\rotasdeteste\\public\\index.php(20): Illuminate\\Foundation\\Application->handleRequest(Object(Illuminate\\Http\\Request))
#39 C:\\Users\\Dalia\\OneDrive\\Desktop\\WorkSpace\\pulardapontenaquinta\\rotasdeteste\\vendor\\laravel\\framework\\src\\Illuminate\\Foundation\\resources\\server.php(23): require_once('C:\\\\Users\\\\Dalia\\\\...')
#40 {main}
"} 
[2025-04-18 02:04:20] local.ERROR: Undefined variable $regservicosBanco {"exception":"[object] (ErrorException(code: 0): Undefined variable $regservicosBanco at C:\\Users\\Dalia\\OneDrive\\Desktop\\WorkSpace\\pulardapontenaquinta\\rotasdeteste\\app\\Http\\Controllers\\ServicosController.php:95)
[stacktrace]
#0 C:\\Users\\Dalia\\OneDrive\\Desktop\\WorkSpace\\pulardapontenaquinta\\rotasdeteste\\vendor\\laravel\\framework\\src\\Illuminate\\Foundation\\Bootstrap\\HandleExceptions.php(256): Illuminate\\Foundation\\Bootstrap\\HandleExceptions->handleError(2, 'Undefined varia...', 'C:\\\\Users\\\\Dalia\\\\...', 95)
#1 C:\\Users\\Dalia\\OneDrive\\Desktop\\WorkSpace\\pulardapontenaquinta\\rotasdeteste\\app\\Http\\Controllers\\ServicosController.php(95): Illuminate\\Foundation\\Bootstrap\\HandleExceptions->Illuminate\\Foundation\\Bootstrap\\{closure}(2, 'Undefined varia...', 'C:\\\\Users\\\\Dalia\\\\...', 95)
#2 C:\\Users\\Dalia\\OneDrive\\Desktop\\WorkSpace\\pulardapontenaquinta\\rotasdeteste\\vendor\\laravel\\framework\\src\\Illuminate\\Routing\\ControllerDispatcher.php(46): App\\Http\\Controllers\\ServicosController->update(Object(Illuminate\\Http\\Request), '1')
#3 C:\\Users\\Dalia\\OneDrive\\Desktop\\WorkSpace\\pulardapontenaquinta\\rotasdeteste\\vendor\\laravel\\framework\\src\\Illuminate\\Routing\\Route.php(265): Illuminate\\Routing\\ControllerDispatcher->dispatch(Object(Illuminate\\Routing\\Route), Object(App\\Http\\Controllers\\ServicosController), 'update')
#4 C:\\Users\\Dalia\\OneDrive\\Desktop\\WorkSpace\\pulardapontenaquinta\\rotasdeteste\\vendor\\laravel\\framework\\src\\Illuminate\\Routing\\Route.php(211): Illuminate\\Routing\\Route->runController()
#5 C:\\Users\\Dalia\\OneDrive\\Desktop\\WorkSpace\\pulardapontenaquinta\\rotasdeteste\\vendor\\laravel\\framework\\src\\Illuminate\\Routing\\Router.php(808): Illuminate\\Routing\\Route->run()
#6 C:\\Users\\Dalia\\OneDrive\\Desktop\\WorkSpace\\pulardapontenaquinta\\rotasdeteste\\vendor\\laravel\\framework\\src\\Illuminate\\Pipeline\\Pipeline.php(169): Illuminate\\Routing\\Router->Illuminate\\Routing\\{closure}(Object(Illuminate\\Http\\Request))
#7 C:\\Users\\Dalia\\OneDrive\\Desktop\\WorkSpace\\pulardapontenaquinta\\rotasdeteste\\vendor\\laravel\\framework\\src\\Illuminate\\Routing\\Middleware\\SubstituteBindings.php(50): Illuminate\\Pipeline\\Pipeline->Illuminate\\Pipeline\\{closure}(Object(Illuminate\\Http\\Request))
#8 C:\\Users\\Dalia\\OneDrive\\Desktop\\WorkSpace\\pulardapontenaquinta\\rotasdeteste\\vendor\\laravel\\framework\\src\\Illuminate\\Pipeline\\Pipeline.php(208): Illuminate\\Routing\\Middleware\\SubstituteBindings->handle(Object(Illuminate\\Http\\Request), Object(Closure))
#9 C:\\Users\\Dalia\\OneDrive\\Desktop\\WorkSpace\\pulardapontenaquinta\\rotasdeteste\\vendor\\laravel\\framework\\src\\Illuminate\\Pipeline\\Pipeline.php(126): Illuminate\\Pipeline\\Pipeline->Illuminate\\Pipeline\\{closure}(Object(Illuminate\\Http\\Request))
#10 C:\\Users\\Dalia\\OneDrive\\Desktop\\WorkSpace\\pulardapontenaquinta\\rotasdeteste\\vendor\\laravel\\framework\\src\\Illuminate\\Routing\\Router.php(807): Illuminate\\Pipeline\\Pipeline->then(Object(Closure))
#11 C:\\Users\\Dalia\\OneDrive\\Desktop\\WorkSpace\\pulardapontenaquinta\\rotasdeteste\\vendor\\laravel\\framework\\src\\Illuminate\\Routing\\Router.php(786): Illuminate\\Routing\\Router->runRouteWithinStack(Object(Illuminate\\Routing\\Route), Object(Illuminate\\Http\\Request))
#12 C:\\Users\\Dalia\\OneDrive\\Desktop\\WorkSpace\\pulardapontenaquinta\\rotasdeteste\\vendor\\laravel\\framework\\src\\Illuminate\\Routing\\Router.php(750): Illuminate\\Routing\\Router->runRoute(Object(Illuminate\\Http\\Request), Object(Illuminate\\Routing\\Route))
#13 C:\\Users\\Dalia\\OneDrive\\Desktop\\WorkSpace\\pulardapontenaquinta\\rotasdeteste\\vendor\\laravel\\framework\\src\\Illuminate\\Routing\\Router.php(739): Illuminate\\Routing\\Router->dispatchToRoute(Object(Illuminate\\Http\\Request))
#14 C:\\Users\\Dalia\\OneDrive\\Desktop\\WorkSpace\\pulardapontenaquinta\\rotasdeteste\\vendor\\laravel\\framework\\src\\Illuminate\\Foundation\\Http\\Kernel.php(200): Illuminate\\Routing\\Router->dispatch(Object(Illuminate\\Http\\Request))
#15 C:\\Users\\Dalia\\OneDrive\\Desktop\\WorkSpace\\pulardapontenaquinta\\rotasdeteste\\vendor\\laravel\\framework\\src\\Illuminate\\Pipeline\\Pipeline.php(169): Illuminate\\Foundation\\Http\\Kernel->Illuminate\\Foundation\\Http\\{closure}(Object(Illuminate\\Http\\Request))
#16 C:\\Users\\Dalia\\OneDrive\\Desktop\\WorkSpace\\pulardapontenaquinta\\rotasdeteste\\vendor\\laravel\\framework\\src\\Illuminate\\Foundation\\Http\\Middleware\\TransformsRequest.php(21): Illuminate\\Pipeline\\Pipeline->Illuminate\\Pipeline\\{closure}(Object(Illuminate\\Http\\Request))
#17 C:\\Users\\Dalia\\OneDrive\\Desktop\\WorkSpace\\pulardapontenaquinta\\rotasdeteste\\vendor\\laravel\\framework\\src\\Illuminate\\Foundation\\Http\\Middleware\\ConvertEmptyStringsToNull.php(31): Illuminate\\Foundation\\Http\\Middleware\\TransformsRequest->handle(Object(Illuminate\\Http\\Request), Object(Closure))
#18 C:\\Users\\Dalia\\OneDrive\\Desktop\\WorkSpace\\pulardapontenaquinta\\rotasdeteste\\vendor\\laravel\\framework\\src\\Illuminate\\Pipeline\\Pipeline.php(208): Illuminate\\Foundation\\Http\\Middleware\\ConvertEmptyStringsToNull->handle(Object(Illuminate\\Http\\Request), Object(Closure))
#19 C:\\Users\\Dalia\\OneDrive\\Desktop\\WorkSpace\\pulardapontenaquinta\\rotasdeteste\\vendor\\laravel\\framework\\src\\Illuminate\\Foundation\\Http\\Middleware\\TransformsRequest.php(21): Illuminate\\Pipeline\\Pipeline->Illuminate\\Pipeline\\{closure}(Object(Illuminate\\Http\\Request))
#20 C:\\Users\\Dalia\\OneDrive\\Desktop\\WorkSpace\\pulardapontenaquinta\\rotasdeteste\\vendor\\laravel\\framework\\src\\Illuminate\\Foundation\\Http\\Middleware\\TrimStrings.php(51): Illuminate\\Foundation\\Http\\Middleware\\TransformsRequest->handle(Object(Illuminate\\Http\\Request), Object(Closure))
#21 C:\\Users\\Dalia\\OneDrive\\Desktop\\WorkSpace\\pulardapontenaquinta\\rotasdeteste\\vendor\\laravel\\framework\\src\\Illuminate\\Pipeline\\Pipeline.php(208): Illuminate\\Foundation\\Http\\Middleware\\TrimStrings->handle(Object(Illuminate\\Http\\Request), Object(Closure))
#22 C:\\Users\\Dalia\\OneDrive\\Desktop\\WorkSpace\\pulardapontenaquinta\\rotasdeteste\\vendor\\laravel\\framework\\src\\Illuminate\\Http\\Middleware\\ValidatePostSize.php(27): Illuminate\\Pipeline\\Pipeline->Illuminate\\Pipeline\\{closure}(Object(Illuminate\\Http\\Request))
#23 C:\\Users\\Dalia\\OneDrive\\Desktop\\WorkSpace\\pulardapontenaquinta\\rotasdeteste\\vendor\\laravel\\framework\\src\\Illuminate\\Pipeline\\Pipeline.php(208): Illuminate\\Http\\Middleware\\ValidatePostSize->handle(Object(Illuminate\\Http\\Request), Object(Closure))
#24 C:\\Users\\Dalia\\OneDrive\\Desktop\\WorkSpace\\pulardapontenaquinta\\rotasdeteste\\vendor\\laravel\\framework\\src\\Illuminate\\Foundation\\Http\\Middleware\\PreventRequestsDuringMaintenance.php(109): Illuminate\\Pipeline\\Pipeline->Illuminate\\Pipeline\\{closure}(Object(Illuminate\\Http\\Request))
#25 C:\\Users\\Dalia\\OneDrive\\Desktop\\WorkSpace\\pulardapontenaquinta\\rotasdeteste\\vendor\\laravel\\framework\\src\\Illuminate\\Pipeline\\Pipeline.php(208): Illuminate\\Foundation\\Http\\Middleware\\PreventRequestsDuringMaintenance->handle(Object(Illuminate\\Http\\Request), Object(Closure))
#26 C:\\Users\\Dalia\\OneDrive\\Desktop\\WorkSpace\\pulardapontenaquinta\\rotasdeteste\\vendor\\laravel\\framework\\src\\Illuminate\\Http\\Middleware\\HandleCors.php(61): Illuminate\\Pipeline\\Pipeline->Illuminate\\Pipeline\\{closure}(Object(Illuminate\\Http\\Request))
#27 C:\\Users\\Dalia\\OneDrive\\Desktop\\WorkSpace\\pulardapontenaquinta\\rotasdeteste\\vendor\\laravel\\framework\\src\\Illuminate\\Pipeline\\Pipeline.php(208): Illuminate\\Http\\Middleware\\HandleCors->handle(Object(Illuminate\\Http\\Request), Object(Closure))
#28 C:\\Users\\Dalia\\OneDrive\\Desktop\\WorkSpace\\pulardapontenaquinta\\rotasdeteste\\vendor\\laravel\\framework\\src\\Illuminate\\Http\\Middleware\\TrustProxies.php(58): Illuminate\\Pipeline\\Pipeline->Illuminate\\Pipeline\\{closure}(Object(Illuminate\\Http\\Request))
#29 C:\\Users\\Dalia\\OneDrive\\Desktop\\WorkSpace\\pulardapontenaquinta\\rotasdeteste\\vendor\\laravel\\framework\\src\\Illuminate\\Pipeline\\Pipeline.php(208): Illuminate\\Http\\Middleware\\TrustProxies->handle(Object(Illuminate\\Http\\Request), Object(Closure))
#30 C:\\Users\\Dalia\\OneDrive\\Desktop\\WorkSpace\\pulardapontenaquinta\\rotasdeteste\\vendor\\laravel\\framework\\src\\Illuminate\\Foundation\\Http\\Middleware\\InvokeDeferredCallbacks.php(22): Illuminate\\Pipeline\\Pipeline->Illuminate\\Pipeline\\{closure}(Object(Illuminate\\Http\\Request))
#31 C:\\Users\\Dalia\\OneDrive\\Desktop\\WorkSpace\\pulardapontenaquinta\\rotasdeteste\\vendor\\laravel\\framework\\src\\Illuminate\\Pipeline\\Pipeline.php(208): Illuminate\\Foundation\\Http\\Middleware\\InvokeDeferredCallbacks->handle(Object(Illuminate\\Http\\Request), Object(Closure))
#32 C:\\Users\\Dalia\\OneDrive\\Desktop\\WorkSpace\\pulardapontenaquinta\\rotasdeteste\\vendor\\laravel\\framework\\src\\Illuminate\\Http\\Middleware\\ValidatePathEncoding.php(26): Illuminate\\Pipeline\\Pipeline->Illuminate\\Pipeline\\{closure}(Object(Illuminate\\Http\\Request))
#33 C:\\Users\\Dalia\\OneDrive\\Desktop\\WorkSpace\\pulardapontenaquinta\\rotasdeteste\\vendor\\laravel\\framework\\src\\Illuminate\\Pipeline\\Pipeline.php(208): Illuminate\\Http\\Middleware\\ValidatePathEncoding->handle(Object(Illuminate\\Http\\Request), Object(Closure))
#34 C:\\Users\\Dalia\\OneDrive\\Desktop\\WorkSpace\\pulardapontenaquinta\\rotasdeteste\\vendor\\laravel\\framework\\src\\Illuminate\\Pipeline\\Pipeline.php(126): Illuminate\\Pipeline\\Pipeline->Illuminate\\Pipeline\\{closure}(Object(Illuminate\\Http\\Request))
#35 C:\\Users\\Dalia\\OneDrive\\Desktop\\WorkSpace\\pulardapontenaquinta\\rotasdeteste\\vendor\\laravel\\framework\\src\\Illuminate\\Foundation\\Http\\Kernel.php(175): Illuminate\\Pipeline\\Pipeline->then(Object(Closure))
#36 C:\\Users\\Dalia\\OneDrive\\Desktop\\WorkSpace\\pulardapontenaquinta\\rotasdeteste\\vendor\\laravel\\framework\\src\\Illuminate\\Foundation\\Http\\Kernel.php(144): Illuminate\\Foundation\\Http\\Kernel->sendRequestThroughRouter(Object(Illuminate\\Http\\Request))
#37 C:\\Users\\Dalia\\OneDrive\\Desktop\\WorkSpace\\pulardapontenaquinta\\rotasdeteste\\vendor\\laravel\\framework\\src\\Illuminate\\Foundation\\Application.php(1219): Illuminate\\Foundation\\Http\\Kernel->handle(Object(Illuminate\\Http\\Request))
#38 C:\\Users\\Dalia\\OneDrive\\Desktop\\WorkSpace\\pulardapontenaquinta\\rotasdeteste\\public\\index.php(20): Illuminate\\Foundation\\Application->handleRequest(Object(Illuminate\\Http\\Request))
#39 C:\\Users\\Dalia\\OneDrive\\Desktop\\WorkSpace\\pulardapontenaquinta\\rotasdeteste\\vendor\\laravel\\framework\\src\\Illuminate\\Foundation\\resources\\server.php(23): require_once('C:\\\\Users\\\\Dalia\\\\...')
#40 {main}
"} 
[2025-04-18 02:22:02] local.ERROR: SQLSTATE[23000]: Integrity constraint violation: 1048 Column 'NM_admin' cannot be null (Connection: mysql, SQL: update `admins` set `NM_admin` = ?, `email` = vscfwq@, `senha` = 54321, `admins`.`updated_at` = 2025-04-18 02:22:02 where `id` = 1) {"exception":"[object] (Illuminate\\Database\\QueryException(code: 23000): SQLSTATE[23000]: Integrity constraint violation: 1048 Column 'NM_admin' cannot be null (Connection: mysql, SQL: update `admins` set `NM_admin` = ?, `email` = vscfwq@, `senha` = 54321, `admins`.`updated_at` = 2025-04-18 02:22:02 where `id` = 1) at C:\\Users\\Dalia\\OneDrive\\Desktop\\WorkSpace\\pulardapontenaquinta\\rotasdeteste\\vendor\\laravel\\framework\\src\\Illuminate\\Database\\Connection.php:822)
[stacktrace]
#0 C:\\Users\\Dalia\\OneDrive\\Desktop\\WorkSpace\\pulardapontenaquinta\\rotasdeteste\\vendor\\laravel\\framework\\src\\Illuminate\\Database\\Connection.php(776): Illuminate\\Database\\Connection->runQueryCallback('update `admins`...', Array, Object(Closure))
#1 C:\\Users\\Dalia\\OneDrive\\Desktop\\WorkSpace\\pulardapontenaquinta\\rotasdeteste\\vendor\\laravel\\framework\\src\\Illuminate\\Database\\Connection.php(581): Illuminate\\Database\\Connection->run('update `admins`...', Array, Object(Closure))
#2 C:\\Users\\Dalia\\OneDrive\\Desktop\\WorkSpace\\pulardapontenaquinta\\rotasdeteste\\vendor\\laravel\\framework\\src\\Illuminate\\Database\\Connection.php(533): Illuminate\\Database\\Connection->affectingStatement('update `admins`...', Array)
#3 C:\\Users\\Dalia\\OneDrive\\Desktop\\WorkSpace\\pulardapontenaquinta\\rotasdeteste\\vendor\\laravel\\framework\\src\\Illuminate\\Database\\Query\\Builder.php(3833): Illuminate\\Database\\Connection->update('update `admins`...', Array)
#4 C:\\Users\\Dalia\\OneDrive\\Desktop\\WorkSpace\\pulardapontenaquinta\\rotasdeteste\\vendor\\laravel\\framework\\src\\Illuminate\\Database\\Eloquent\\Builder.php(1174): Illuminate\\Database\\Query\\Builder->update(Object(Illuminate\\Support\\Collection))
#5 C:\\Users\\Dalia\\OneDrive\\Desktop\\WorkSpace\\pulardapontenaquinta\\rotasdeteste\\vendor\\laravel\\framework\\src\\Illuminate\\Database\\Eloquent\\Model.php(1241): Illuminate\\Database\\Eloquent\\Builder->update(Array)
#6 C:\\Users\\Dalia\\OneDrive\\Desktop\\WorkSpace\\pulardapontenaquinta\\rotasdeteste\\vendor\\laravel\\framework\\src\\Illuminate\\Database\\Eloquent\\Model.php(1158): Illuminate\\Database\\Eloquent\\Model->performUpdate(Object(Illuminate\\Database\\Eloquent\\Builder))
#7 C:\\Users\\Dalia\\OneDrive\\Desktop\\WorkSpace\\pulardapontenaquinta\\rotasdeteste\\app\\Http\\Controllers\\AdminController.php(109): Illuminate\\Database\\Eloquent\\Model->save()
#8 C:\\Users\\Dalia\\OneDrive\\Desktop\\WorkSpace\\pulardapontenaquinta\\rotasdeteste\\vendor\\laravel\\framework\\src\\Illuminate\\Routing\\ControllerDispatcher.php(46): App\\Http\\Controllers\\AdminController->update(Object(Illuminate\\Http\\Request), '1')
#9 C:\\Users\\Dalia\\OneDrive\\Desktop\\WorkSpace\\pulardapontenaquinta\\rotasdeteste\\vendor\\laravel\\framework\\src\\Illuminate\\Routing\\Route.php(265): Illuminate\\Routing\\ControllerDispatcher->dispatch(Object(Illuminate\\Routing\\Route), Object(App\\Http\\Controllers\\AdminController), 'update')
#10 C:\\Users\\Dalia\\OneDrive\\Desktop\\WorkSpace\\pulardapontenaquinta\\rotasdeteste\\vendor\\laravel\\framework\\src\\Illuminate\\Routing\\Route.php(211): Illuminate\\Routing\\Route->runController()
#11 C:\\Users\\Dalia\\OneDrive\\Desktop\\WorkSpace\\pulardapontenaquinta\\rotasdeteste\\vendor\\laravel\\framework\\src\\Illuminate\\Routing\\Router.php(808): Illuminate\\Routing\\Route->run()
#12 C:\\Users\\Dalia\\OneDrive\\Desktop\\WorkSpace\\pulardapontenaquinta\\rotasdeteste\\vendor\\laravel\\framework\\src\\Illuminate\\Pipeline\\Pipeline.php(169): Illuminate\\Routing\\Router->Illuminate\\Routing\\{closure}(Object(Illuminate\\Http\\Request))
#13 C:\\Users\\Dalia\\OneDrive\\Desktop\\WorkSpace\\pulardapontenaquinta\\rotasdeteste\\vendor\\laravel\\framework\\src\\Illuminate\\Routing\\Middleware\\SubstituteBindings.php(50): Illuminate\\Pipeline\\Pipeline->Illuminate\\Pipeline\\{closure}(Object(Illuminate\\Http\\Request))
#14 C:\\Users\\Dalia\\OneDrive\\Desktop\\WorkSpace\\pulardapontenaquinta\\rotasdeteste\\vendor\\laravel\\framework\\src\\Illuminate\\Pipeline\\Pipeline.php(208): Illuminate\\Routing\\Middleware\\SubstituteBindings->handle(Object(Illuminate\\Http\\Request), Object(Closure))
#15 C:\\Users\\Dalia\\OneDrive\\Desktop\\WorkSpace\\pulardapontenaquinta\\rotasdeteste\\vendor\\laravel\\framework\\src\\Illuminate\\Pipeline\\Pipeline.php(126): Illuminate\\Pipeline\\Pipeline->Illuminate\\Pipeline\\{closure}(Object(Illuminate\\Http\\Request))
#16 C:\\Users\\Dalia\\OneDrive\\Desktop\\WorkSpace\\pulardapontenaquinta\\rotasdeteste\\vendor\\laravel\\framework\\src\\Illuminate\\Routing\\Router.php(807): Illuminate\\Pipeline\\Pipeline->then(Object(Closure))
#17 C:\\Users\\Dalia\\OneDrive\\Desktop\\WorkSpace\\pulardapontenaquinta\\rotasdeteste\\vendor\\laravel\\framework\\src\\Illuminate\\Routing\\Router.php(786): Illuminate\\Routing\\Router->runRouteWithinStack(Object(Illuminate\\Routing\\Route), Object(Illuminate\\Http\\Request))
#18 C:\\Users\\Dalia\\OneDrive\\Desktop\\WorkSpace\\pulardapontenaquinta\\rotasdeteste\\vendor\\laravel\\framework\\src\\Illuminate\\Routing\\Router.php(750): Illuminate\\Routing\\Router->runRoute(Object(Illuminate\\Http\\Request), Object(Illuminate\\Routing\\Route))
#19 C:\\Users\\Dalia\\OneDrive\\Desktop\\WorkSpace\\pulardapontenaquinta\\rotasdeteste\\vendor\\laravel\\framework\\src\\Illuminate\\Routing\\Router.php(739): Illuminate\\Routing\\Router->dispatchToRoute(Object(Illuminate\\Http\\Request))
#20 C:\\Users\\Dalia\\OneDrive\\Desktop\\WorkSpace\\pulardapontenaquinta\\rotasdeteste\\vendor\\laravel\\framework\\src\\Illuminate\\Foundation\\Http\\Kernel.php(200): Illuminate\\Routing\\Router->dispatch(Object(Illuminate\\Http\\Request))
#21 C:\\Users\\Dalia\\OneDrive\\Desktop\\WorkSpace\\pulardapontenaquinta\\rotasdeteste\\vendor\\laravel\\framework\\src\\Illuminate\\Pipeline\\Pipeline.php(169): Illuminate\\Foundation\\Http\\Kernel->Illuminate\\Foundation\\Http\\{closure}(Object(Illuminate\\Http\\Request))
#22 C:\\Users\\Dalia\\OneDrive\\Desktop\\WorkSpace\\pulardapontenaquinta\\rotasdeteste\\vendor\\laravel\\framework\\src\\Illuminate\\Foundation\\Http\\Middleware\\TransformsRequest.php(21): Illuminate\\Pipeline\\Pipeline->Illuminate\\Pipeline\\{closure}(Object(Illuminate\\Http\\Request))
#23 C:\\Users\\Dalia\\OneDrive\\Desktop\\WorkSpace\\pulardapontenaquinta\\rotasdeteste\\vendor\\laravel\\framework\\src\\Illuminate\\Foundation\\Http\\Middleware\\ConvertEmptyStringsToNull.php(31): Illuminate\\Foundation\\Http\\Middleware\\TransformsRequest->handle(Object(Illuminate\\Http\\Request), Object(Closure))
#24 C:\\Users\\Dalia\\OneDrive\\Desktop\\WorkSpace\\pulardapontenaquinta\\rotasdeteste\\vendor\\laravel\\framework\\src\\Illuminate\\Pipeline\\Pipeline.php(208): Illuminate\\Foundation\\Http\\Middleware\\ConvertEmptyStringsToNull->handle(Object(Illuminate\\Http\\Request), Object(Closure))
#25 C:\\Users\\Dalia\\OneDrive\\Desktop\\WorkSpace\\pulardapontenaquinta\\rotasdeteste\\vendor\\laravel\\framework\\src\\Illuminate\\Foundation\\Http\\Middleware\\TransformsRequest.php(21): Illuminate\\Pipeline\\Pipeline->Illuminate\\Pipeline\\{closure}(Object(Illuminate\\Http\\Request))
#26 C:\\Users\\Dalia\\OneDrive\\Desktop\\WorkSpace\\pulardapontenaquinta\\rotasdeteste\\vendor\\laravel\\framework\\src\\Illuminate\\Foundation\\Http\\Middleware\\TrimStrings.php(51): Illuminate\\Foundation\\Http\\Middleware\\TransformsRequest->handle(Object(Illuminate\\Http\\Request), Object(Closure))
#27 C:\\Users\\Dalia\\OneDrive\\Desktop\\WorkSpace\\pulardapontenaquinta\\rotasdeteste\\vendor\\laravel\\framework\\src\\Illuminate\\Pipeline\\Pipeline.php(208): Illuminate\\Foundation\\Http\\Middleware\\TrimStrings->handle(Object(Illuminate\\Http\\Request), Object(Closure))
#28 C:\\Users\\Dalia\\OneDrive\\Desktop\\WorkSpace\\pulardapontenaquinta\\rotasdeteste\\vendor\\laravel\\framework\\src\\Illuminate\\Http\\Middleware\\ValidatePostSize.php(27): Illuminate\\Pipeline\\Pipeline->Illuminate\\Pipeline\\{closure}(Object(Illuminate\\Http\\Request))
#29 C:\\Users\\Dalia\\OneDrive\\Desktop\\WorkSpace\\pulardapontenaquinta\\rotasdeteste\\vendor\\laravel\\framework\\src\\Illuminate\\Pipeline\\Pipeline.php(208): Illuminate\\Http\\Middleware\\ValidatePostSize->handle(Object(Illuminate\\Http\\Request), Object(Closure))
#30 C:\\Users\\Dalia\\OneDrive\\Desktop\\WorkSpace\\pulardapontenaquinta\\rotasdeteste\\vendor\\laravel\\framework\\src\\Illuminate\\Foundation\\Http\\Middleware\\PreventRequestsDuringMaintenance.php(109): Illuminate\\Pipeline\\Pipeline->Illuminate\\Pipeline\\{closure}(Object(Illuminate\\Http\\Request))
#31 C:\\Users\\Dalia\\OneDrive\\Desktop\\WorkSpace\\pulardapontenaquinta\\rotasdeteste\\vendor\\laravel\\framework\\src\\Illuminate\\Pipeline\\Pipeline.php(208): Illuminate\\Foundation\\Http\\Middleware\\PreventRequestsDuringMaintenance->handle(Object(Illuminate\\Http\\Request), Object(Closure))
#32 C:\\Users\\Dalia\\OneDrive\\Desktop\\WorkSpace\\pulardapontenaquinta\\rotasdeteste\\vendor\\laravel\\framework\\src\\Illuminate\\Http\\Middleware\\HandleCors.php(61): Illuminate\\Pipeline\\Pipeline->Illuminate\\Pipeline\\{closure}(Object(Illuminate\\Http\\Request))
#33 C:\\Users\\Dalia\\OneDrive\\Desktop\\WorkSpace\\pulardapontenaquinta\\rotasdeteste\\vendor\\laravel\\framework\\src\\Illuminate\\Pipeline\\Pipeline.php(208): Illuminate\\Http\\Middleware\\HandleCors->handle(Object(Illuminate\\Http\\Request), Object(Closure))
#34 C:\\Users\\Dalia\\OneDrive\\Desktop\\WorkSpace\\pulardapontenaquinta\\rotasdeteste\\vendor\\laravel\\framework\\src\\Illuminate\\Http\\Middleware\\TrustProxies.php(58): Illuminate\\Pipeline\\Pipeline->Illuminate\\Pipeline\\{closure}(Object(Illuminate\\Http\\Request))
#35 C:\\Users\\Dalia\\OneDrive\\Desktop\\WorkSpace\\pulardapontenaquinta\\rotasdeteste\\vendor\\laravel\\framework\\src\\Illuminate\\Pipeline\\Pipeline.php(208): Illuminate\\Http\\Middleware\\TrustProxies->handle(Object(Illuminate\\Http\\Request), Object(Closure))
#36 C:\\Users\\Dalia\\OneDrive\\Desktop\\WorkSpace\\pulardapontenaquinta\\rotasdeteste\\vendor\\laravel\\framework\\src\\Illuminate\\Foundation\\Http\\Middleware\\InvokeDeferredCallbacks.php(22): Illuminate\\Pipeline\\Pipeline->Illuminate\\Pipeline\\{closure}(Object(Illuminate\\Http\\Request))
#37 C:\\Users\\Dalia\\OneDrive\\Desktop\\WorkSpace\\pulardapontenaquinta\\rotasdeteste\\vendor\\laravel\\framework\\src\\Illuminate\\Pipeline\\Pipeline.php(208): Illuminate\\Foundation\\Http\\Middleware\\InvokeDeferredCallbacks->handle(Object(Illuminate\\Http\\Request), Object(Closure))
#38 C:\\Users\\Dalia\\OneDrive\\Desktop\\WorkSpace\\pulardapontenaquinta\\rotasdeteste\\vendor\\laravel\\framework\\src\\Illuminate\\Http\\Middleware\\ValidatePathEncoding.php(26): Illuminate\\Pipeline\\Pipeline->Illuminate\\Pipeline\\{closure}(Object(Illuminate\\Http\\Request))
#39 C:\\Users\\Dalia\\OneDrive\\Desktop\\WorkSpace\\pulardapontenaquinta\\rotasdeteste\\vendor\\laravel\\framework\\src\\Illuminate\\Pipeline\\Pipeline.php(208): Illuminate\\Http\\Middleware\\ValidatePathEncoding->handle(Object(Illuminate\\Http\\Request), Object(Closure))
#40 C:\\Users\\Dalia\\OneDrive\\Desktop\\WorkSpace\\pulardapontenaquinta\\rotasdeteste\\vendor\\laravel\\framework\\src\\Illuminate\\Pipeline\\Pipeline.php(126): Illuminate\\Pipeline\\Pipeline->Illuminate\\Pipeline\\{closure}(Object(Illuminate\\Http\\Request))
#41 C:\\Users\\Dalia\\OneDrive\\Desktop\\WorkSpace\\pulardapontenaquinta\\rotasdeteste\\vendor\\laravel\\framework\\src\\Illuminate\\Foundation\\Http\\Kernel.php(175): Illuminate\\Pipeline\\Pipeline->then(Object(Closure))
#42 C:\\Users\\Dalia\\OneDrive\\Desktop\\WorkSpace\\pulardapontenaquinta\\rotasdeteste\\vendor\\laravel\\framework\\src\\Illuminate\\Foundation\\Http\\Kernel.php(144): Illuminate\\Foundation\\Http\\Kernel->sendRequestThroughRouter(Object(Illuminate\\Http\\Request))
#43 C:\\Users\\Dalia\\OneDrive\\Desktop\\WorkSpace\\pulardapontenaquinta\\rotasdeteste\\vendor\\laravel\\framework\\src\\Illuminate\\Foundation\\Application.php(1219): Illuminate\\Foundation\\Http\\Kernel->handle(Object(Illuminate\\Http\\Request))
#44 C:\\Users\\Dalia\\OneDrive\\Desktop\\WorkSpace\\pulardapontenaquinta\\rotasdeteste\\public\\index.php(20): Illuminate\\Foundation\\Application->handleRequest(Object(Illuminate\\Http\\Request))
#45 C:\\Users\\Dalia\\OneDrive\\Desktop\\WorkSpace\\pulardapontenaquinta\\rotasdeteste\\vendor\\laravel\\framework\\src\\Illuminate\\Foundation\\resources\\server.php(23): require_once('C:\\\\Users\\\\Dalia\\\\...')
#46 {main}

[previous exception] [object] (PDOException(code: 23000): SQLSTATE[23000]: Integrity constraint violation: 1048 Column 'NM_admin' cannot be null at C:\\Users\\Dalia\\OneDrive\\Desktop\\WorkSpace\\pulardapontenaquinta\\rotasdeteste\\vendor\\laravel\\framework\\src\\Illuminate\\Database\\Connection.php:593)
[stacktrace]
#0 C:\\Users\\Dalia\\OneDrive\\Desktop\\WorkSpace\\pulardapontenaquinta\\rotasdeteste\\vendor\\laravel\\framework\\src\\Illuminate\\Database\\Connection.php(593): PDOStatement->execute()
#1 C:\\Users\\Dalia\\OneDrive\\Desktop\\WorkSpace\\pulardapontenaquinta\\rotasdeteste\\vendor\\laravel\\framework\\src\\Illuminate\\Database\\Connection.php(809): Illuminate\\Database\\Connection->Illuminate\\Database\\{closure}('update `admins`...', Array)
#2 C:\\Users\\Dalia\\OneDrive\\Desktop\\WorkSpace\\pulardapontenaquinta\\rotasdeteste\\vendor\\laravel\\framework\\src\\Illuminate\\Database\\Connection.php(776): Illuminate\\Database\\Connection->runQueryCallback('update `admins`...', Array, Object(Closure))
#3 C:\\Users\\Dalia\\OneDrive\\Desktop\\WorkSpace\\pulardapontenaquinta\\rotasdeteste\\vendor\\laravel\\framework\\src\\Illuminate\\Database\\Connection.php(581): Illuminate\\Database\\Connection->run('update `admins`...', Array, Object(Closure))
#4 C:\\Users\\Dalia\\OneDrive\\Desktop\\WorkSpace\\pulardapontenaquinta\\rotasdeteste\\vendor\\laravel\\framework\\src\\Illuminate\\Database\\Connection.php(533): Illuminate\\Database\\Connection->affectingStatement('update `admins`...', Array)
#5 C:\\Users\\Dalia\\OneDrive\\Desktop\\WorkSpace\\pulardapontenaquinta\\rotasdeteste\\vendor\\laravel\\framework\\src\\Illuminate\\Database\\Query\\Builder.php(3833): Illuminate\\Database\\Connection->update('update `admins`...', Array)
#6 C:\\Users\\Dalia\\OneDrive\\Desktop\\WorkSpace\\pulardapontenaquinta\\rotasdeteste\\vendor\\laravel\\framework\\src\\Illuminate\\Database\\Eloquent\\Builder.php(1174): Illuminate\\Database\\Query\\Builder->update(Object(Illuminate\\Support\\Collection))
#7 C:\\Users\\Dalia\\OneDrive\\Desktop\\WorkSpace\\pulardapontenaquinta\\rotasdeteste\\vendor\\laravel\\framework\\src\\Illuminate\\Database\\Eloquent\\Model.php(1241): Illuminate\\Database\\Eloquent\\Builder->update(Array)
#8 C:\\Users\\Dalia\\OneDrive\\Desktop\\WorkSpace\\pulardapontenaquinta\\rotasdeteste\\vendor\\laravel\\framework\\src\\Illuminate\\Database\\Eloquent\\Model.php(1158): Illuminate\\Database\\Eloquent\\Model->performUpdate(Object(Illuminate\\Database\\Eloquent\\Builder))
#9 C:\\Users\\Dalia\\OneDrive\\Desktop\\WorkSpace\\pulardapontenaquinta\\rotasdeteste\\app\\Http\\Controllers\\AdminController.php(109): Illuminate\\Database\\Eloquent\\Model->save()
#10 C:\\Users\\Dalia\\OneDrive\\Desktop\\WorkSpace\\pulardapontenaquinta\\rotasdeteste\\vendor\\laravel\\framework\\src\\Illuminate\\Routing\\ControllerDispatcher.php(46): App\\Http\\Controllers\\AdminController->update(Object(Illuminate\\Http\\Request), '1')
#11 C:\\Users\\Dalia\\OneDrive\\Desktop\\WorkSpace\\pulardapontenaquinta\\rotasdeteste\\vendor\\laravel\\framework\\src\\Illuminate\\Routing\\Route.php(265): Illuminate\\Routing\\ControllerDispatcher->dispatch(Object(Illuminate\\Routing\\Route), Object(App\\Http\\Controllers\\AdminController), 'update')
#12 C:\\Users\\Dalia\\OneDrive\\Desktop\\WorkSpace\\pulardapontenaquinta\\rotasdeteste\\vendor\\laravel\\framework\\src\\Illuminate\\Routing\\Route.php(211): Illuminate\\Routing\\Route->runController()
#13 C:\\Users\\Dalia\\OneDrive\\Desktop\\WorkSpace\\pulardapontenaquinta\\rotasdeteste\\vendor\\laravel\\framework\\src\\Illuminate\\Routing\\Router.php(808): Illuminate\\Routing\\Route->run()
#14 C:\\Users\\Dalia\\OneDrive\\Desktop\\WorkSpace\\pulardapontenaquinta\\rotasdeteste\\vendor\\laravel\\framework\\src\\Illuminate\\Pipeline\\Pipeline.php(169): Illuminate\\Routing\\Router->Illuminate\\Routing\\{closure}(Object(Illuminate\\Http\\Request))
#15 C:\\Users\\Dalia\\OneDrive\\Desktop\\WorkSpace\\pulardapontenaquinta\\rotasdeteste\\vendor\\laravel\\framework\\src\\Illuminate\\Routing\\Middleware\\SubstituteBindings.php(50): Illuminate\\Pipeline\\Pipeline->Illuminate\\Pipeline\\{closure}(Object(Illuminate\\Http\\Request))
#16 C:\\Users\\Dalia\\OneDrive\\Desktop\\WorkSpace\\pulardapontenaquinta\\rotasdeteste\\vendor\\laravel\\framework\\src\\Illuminate\\Pipeline\\Pipeline.php(208): Illuminate\\Routing\\Middleware\\SubstituteBindings->handle(Object(Illuminate\\Http\\Request), Object(Closure))
#17 C:\\Users\\Dalia\\OneDrive\\Desktop\\WorkSpace\\pulardapontenaquinta\\rotasdeteste\\vendor\\laravel\\framework\\src\\Illuminate\\Pipeline\\Pipeline.php(126): Illuminate\\Pipeline\\Pipeline->Illuminate\\Pipeline\\{closure}(Object(Illuminate\\Http\\Request))
#18 C:\\Users\\Dalia\\OneDrive\\Desktop\\WorkSpace\\pulardapontenaquinta\\rotasdeteste\\vendor\\laravel\\framework\\src\\Illuminate\\Routing\\Router.php(807): Illuminate\\Pipeline\\Pipeline->then(Object(Closure))
#19 C:\\Users\\Dalia\\OneDrive\\Desktop\\WorkSpace\\pulardapontenaquinta\\rotasdeteste\\vendor\\laravel\\framework\\src\\Illuminate\\Routing\\Router.php(786): Illuminate\\Routing\\Router->runRouteWithinStack(Object(Illuminate\\Routing\\Route), Object(Illuminate\\Http\\Request))
#20 C:\\Users\\Dalia\\OneDrive\\Desktop\\WorkSpace\\pulardapontenaquinta\\rotasdeteste\\vendor\\laravel\\framework\\src\\Illuminate\\Routing\\Router.php(750): Illuminate\\Routing\\Router->runRoute(Object(Illuminate\\Http\\Request), Object(Illuminate\\Routing\\Route))
#21 C:\\Users\\Dalia\\OneDrive\\Desktop\\WorkSpace\\pulardapontenaquinta\\rotasdeteste\\vendor\\laravel\\framework\\src\\Illuminate\\Routing\\Router.php(739): Illuminate\\Routing\\Router->dispatchToRoute(Object(Illuminate\\Http\\Request))
#22 C:\\Users\\Dalia\\OneDrive\\Desktop\\WorkSpace\\pulardapontenaquinta\\rotasdeteste\\vendor\\laravel\\framework\\src\\Illuminate\\Foundation\\Http\\Kernel.php(200): Illuminate\\Routing\\Router->dispatch(Object(Illuminate\\Http\\Request))
#23 C:\\Users\\Dalia\\OneDrive\\Desktop\\WorkSpace\\pulardapontenaquinta\\rotasdeteste\\vendor\\laravel\\framework\\src\\Illuminate\\Pipeline\\Pipeline.php(169): Illuminate\\Foundation\\Http\\Kernel->Illuminate\\Foundation\\Http\\{closure}(Object(Illuminate\\Http\\Request))
#24 C:\\Users\\Dalia\\OneDrive\\Desktop\\WorkSpace\\pulardapontenaquinta\\rotasdeteste\\vendor\\laravel\\framework\\src\\Illuminate\\Foundation\\Http\\Middleware\\TransformsRequest.php(21): Illuminate\\Pipeline\\Pipeline->Illuminate\\Pipeline\\{closure}(Object(Illuminate\\Http\\Request))
#25 C:\\Users\\Dalia\\OneDrive\\Desktop\\WorkSpace\\pulardapontenaquinta\\rotasdeteste\\vendor\\laravel\\framework\\src\\Illuminate\\Foundation\\Http\\Middleware\\ConvertEmptyStringsToNull.php(31): Illuminate\\Foundation\\Http\\Middleware\\TransformsRequest->handle(Object(Illuminate\\Http\\Request), Object(Closure))
#26 C:\\Users\\Dalia\\OneDrive\\Desktop\\WorkSpace\\pulardapontenaquinta\\rotasdeteste\\vendor\\laravel\\framework\\src\\Illuminate\\Pipeline\\Pipeline.php(208): Illuminate\\Foundation\\Http\\Middleware\\ConvertEmptyStringsToNull->handle(Object(Illuminate\\Http\\Request), Object(Closure))
#27 C:\\Users\\Dalia\\OneDrive\\Desktop\\WorkSpace\\pulardapontenaquinta\\rotasdeteste\\vendor\\laravel\\framework\\src\\Illuminate\\Foundation\\Http\\Middleware\\TransformsRequest.php(21): Illuminate\\Pipeline\\Pipeline->Illuminate\\Pipeline\\{closure}(Object(Illuminate\\Http\\Request))
#28 C:\\Users\\Dalia\\OneDrive\\Desktop\\WorkSpace\\pulardapontenaquinta\\rotasdeteste\\vendor\\laravel\\framework\\src\\Illuminate\\Foundation\\Http\\Middleware\\TrimStrings.php(51): Illuminate\\Foundation\\Http\\Middleware\\TransformsRequest->handle(Object(Illuminate\\Http\\Request), Object(Closure))
#29 C:\\Users\\Dalia\\OneDrive\\Desktop\\WorkSpace\\pulardapontenaquinta\\rotasdeteste\\vendor\\laravel\\framework\\src\\Illuminate\\Pipeline\\Pipeline.php(208): Illuminate\\Foundation\\Http\\Middleware\\TrimStrings->handle(Object(Illuminate\\Http\\Request), Object(Closure))
#30 C:\\Users\\Dalia\\OneDrive\\Desktop\\WorkSpace\\pulardapontenaquinta\\rotasdeteste\\vendor\\laravel\\framework\\src\\Illuminate\\Http\\Middleware\\ValidatePostSize.php(27): Illuminate\\Pipeline\\Pipeline->Illuminate\\Pipeline\\{closure}(Object(Illuminate\\Http\\Request))
#31 C:\\Users\\Dalia\\OneDrive\\Desktop\\WorkSpace\\pulardapontenaquinta\\rotasdeteste\\vendor\\laravel\\framework\\src\\Illuminate\\Pipeline\\Pipeline.php(208): Illuminate\\Http\\Middleware\\ValidatePostSize->handle(Object(Illuminate\\Http\\Request), Object(Closure))
#32 C:\\Users\\Dalia\\OneDrive\\Desktop\\WorkSpace\\pulardapontenaquinta\\rotasdeteste\\vendor\\laravel\\framework\\src\\Illuminate\\Foundation\\Http\\Middleware\\PreventRequestsDuringMaintenance.php(109): Illuminate\\Pipeline\\Pipeline->Illuminate\\Pipeline\\{closure}(Object(Illuminate\\Http\\Request))
#33 C:\\Users\\Dalia\\OneDrive\\Desktop\\WorkSpace\\pulardapontenaquinta\\rotasdeteste\\vendor\\laravel\\framework\\src\\Illuminate\\Pipeline\\Pipeline.php(208): Illuminate\\Foundation\\Http\\Middleware\\PreventRequestsDuringMaintenance->handle(Object(Illuminate\\Http\\Request), Object(Closure))
#34 C:\\Users\\Dalia\\OneDrive\\Desktop\\WorkSpace\\pulardapontenaquinta\\rotasdeteste\\vendor\\laravel\\framework\\src\\Illuminate\\Http\\Middleware\\HandleCors.php(61): Illuminate\\Pipeline\\Pipeline->Illuminate\\Pipeline\\{closure}(Object(Illuminate\\Http\\Request))
#35 C:\\Users\\Dalia\\OneDrive\\Desktop\\WorkSpace\\pulardapontenaquinta\\rotasdeteste\\vendor\\laravel\\framework\\src\\Illuminate\\Pipeline\\Pipeline.php(208): Illuminate\\Http\\Middleware\\HandleCors->handle(Object(Illuminate\\Http\\Request), Object(Closure))
#36 C:\\Users\\Dalia\\OneDrive\\Desktop\\WorkSpace\\pulardapontenaquinta\\rotasdeteste\\vendor\\laravel\\framework\\src\\Illuminate\\Http\\Middleware\\TrustProxies.php(58): Illuminate\\Pipeline\\Pipeline->Illuminate\\Pipeline\\{closure}(Object(Illuminate\\Http\\Request))
#37 C:\\Users\\Dalia\\OneDrive\\Desktop\\WorkSpace\\pulardapontenaquinta\\rotasdeteste\\vendor\\laravel\\framework\\src\\Illuminate\\Pipeline\\Pipeline.php(208): Illuminate\\Http\\Middleware\\TrustProxies->handle(Object(Illuminate\\Http\\Request), Object(Closure))
#38 C:\\Users\\Dalia\\OneDrive\\Desktop\\WorkSpace\\pulardapontenaquinta\\rotasdeteste\\vendor\\laravel\\framework\\src\\Illuminate\\Foundation\\Http\\Middleware\\InvokeDeferredCallbacks.php(22): Illuminate\\Pipeline\\Pipeline->Illuminate\\Pipeline\\{closure}(Object(Illuminate\\Http\\Request))
#39 C:\\Users\\Dalia\\OneDrive\\Desktop\\WorkSpace\\pulardapontenaquinta\\rotasdeteste\\vendor\\laravel\\framework\\src\\Illuminate\\Pipeline\\Pipeline.php(208): Illuminate\\Foundation\\Http\\Middleware\\InvokeDeferredCallbacks->handle(Object(Illuminate\\Http\\Request), Object(Closure))
#40 C:\\Users\\Dalia\\OneDrive\\Desktop\\WorkSpace\\pulardapontenaquinta\\rotasdeteste\\vendor\\laravel\\framework\\src\\Illuminate\\Http\\Middleware\\ValidatePathEncoding.php(26): Illuminate\\Pipeline\\Pipeline->Illuminate\\Pipeline\\{closure}(Object(Illuminate\\Http\\Request))
#41 C:\\Users\\Dalia\\OneDrive\\Desktop\\WorkSpace\\pulardapontenaquinta\\rotasdeteste\\vendor\\laravel\\framework\\src\\Illuminate\\Pipeline\\Pipeline.php(208): Illuminate\\Http\\Middleware\\ValidatePathEncoding->handle(Object(Illuminate\\Http\\Request), Object(Closure))
#42 C:\\Users\\Dalia\\OneDrive\\Desktop\\WorkSpace\\pulardapontenaquinta\\rotasdeteste\\vendor\\laravel\\framework\\src\\Illuminate\\Pipeline\\Pipeline.php(126): Illuminate\\Pipeline\\Pipeline->Illuminate\\Pipeline\\{closure}(Object(Illuminate\\Http\\Request))
#43 C:\\Users\\Dalia\\OneDrive\\Desktop\\WorkSpace\\pulardapontenaquinta\\rotasdeteste\\vendor\\laravel\\framework\\src\\Illuminate\\Foundation\\Http\\Kernel.php(175): Illuminate\\Pipeline\\Pipeline->then(Object(Closure))
#44 C:\\Users\\Dalia\\OneDrive\\Desktop\\WorkSpace\\pulardapontenaquinta\\rotasdeteste\\vendor\\laravel\\framework\\src\\Illuminate\\Foundation\\Http\\Kernel.php(144): Illuminate\\Foundation\\Http\\Kernel->sendRequestThroughRouter(Object(Illuminate\\Http\\Request))
#45 C:\\Users\\Dalia\\OneDrive\\Desktop\\WorkSpace\\pulardapontenaquinta\\rotasdeteste\\vendor\\laravel\\framework\\src\\Illuminate\\Foundation\\Application.php(1219): Illuminate\\Foundation\\Http\\Kernel->handle(Object(Illuminate\\Http\\Request))
#46 C:\\Users\\Dalia\\OneDrive\\Desktop\\WorkSpace\\pulardapontenaquinta\\rotasdeteste\\public\\index.php(20): Illuminate\\Foundation\\Application->handleRequest(Object(Illuminate\\Http\\Request))
#47 C:\\Users\\Dalia\\OneDrive\\Desktop\\WorkSpace\\pulardapontenaquinta\\rotasdeteste\\vendor\\laravel\\framework\\src\\Illuminate\\Foundation\\resources\\server.php(23): require_once('C:\\\\Users\\\\Dalia\\\\...')
#48 {main}
"} 
[2025-04-18 02:22:28] local.ERROR: SQLSTATE[23000]: Integrity constraint violation: 1048 Column 'NM_admin' cannot be null (Connection: mysql, SQL: update `admins` set `NM_admin` = ?, `email` = vscfwq@, `senha` = 54321, `admins`.`updated_at` = 2025-04-18 02:22:28 where `id` = 1) {"exception":"[object] (Illuminate\\Database\\QueryException(code: 23000): SQLSTATE[23000]: Integrity constraint violation: 1048 Column 'NM_admin' cannot be null (Connection: mysql, SQL: update `admins` set `NM_admin` = ?, `email` = vscfwq@, `senha` = 54321, `admins`.`updated_at` = 2025-04-18 02:22:28 where `id` = 1) at C:\\Users\\Dalia\\OneDrive\\Desktop\\WorkSpace\\pulardapontenaquinta\\rotasdeteste\\vendor\\laravel\\framework\\src\\Illuminate\\Database\\Connection.php:822)
[stacktrace]
#0 C:\\Users\\Dalia\\OneDrive\\Desktop\\WorkSpace\\pulardapontenaquinta\\rotasdeteste\\vendor\\laravel\\framework\\src\\Illuminate\\Database\\Connection.php(776): Illuminate\\Database\\Connection->runQueryCallback('update `admins`...', Array, Object(Closure))
#1 C:\\Users\\Dalia\\OneDrive\\Desktop\\WorkSpace\\pulardapontenaquinta\\rotasdeteste\\vendor\\laravel\\framework\\src\\Illuminate\\Database\\Connection.php(581): Illuminate\\Database\\Connection->run('update `admins`...', Array, Object(Closure))
#2 C:\\Users\\Dalia\\OneDrive\\Desktop\\WorkSpace\\pulardapontenaquinta\\rotasdeteste\\vendor\\laravel\\framework\\src\\Illuminate\\Database\\Connection.php(533): Illuminate\\Database\\Connection->affectingStatement('update `admins`...', Array)
#3 C:\\Users\\Dalia\\OneDrive\\Desktop\\WorkSpace\\pulardapontenaquinta\\rotasdeteste\\vendor\\laravel\\framework\\src\\Illuminate\\Database\\Query\\Builder.php(3833): Illuminate\\Database\\Connection->update('update `admins`...', Array)
#4 C:\\Users\\Dalia\\OneDrive\\Desktop\\WorkSpace\\pulardapontenaquinta\\rotasdeteste\\vendor\\laravel\\framework\\src\\Illuminate\\Database\\Eloquent\\Builder.php(1174): Illuminate\\Database\\Query\\Builder->update(Object(Illuminate\\Support\\Collection))
#5 C:\\Users\\Dalia\\OneDrive\\Desktop\\WorkSpace\\pulardapontenaquinta\\rotasdeteste\\vendor\\laravel\\framework\\src\\Illuminate\\Database\\Eloquent\\Model.php(1241): Illuminate\\Database\\Eloquent\\Builder->update(Array)
#6 C:\\Users\\Dalia\\OneDrive\\Desktop\\WorkSpace\\pulardapontenaquinta\\rotasdeteste\\vendor\\laravel\\framework\\src\\Illuminate\\Database\\Eloquent\\Model.php(1158): Illuminate\\Database\\Eloquent\\Model->performUpdate(Object(Illuminate\\Database\\Eloquent\\Builder))
#7 C:\\Users\\Dalia\\OneDrive\\Desktop\\WorkSpace\\pulardapontenaquinta\\rotasdeteste\\app\\Http\\Controllers\\AdminController.php(109): Illuminate\\Database\\Eloquent\\Model->save()
#8 C:\\Users\\Dalia\\OneDrive\\Desktop\\WorkSpace\\pulardapontenaquinta\\rotasdeteste\\vendor\\laravel\\framework\\src\\Illuminate\\Routing\\ControllerDispatcher.php(46): App\\Http\\Controllers\\AdminController->update(Object(Illuminate\\Http\\Request), '1')
#9 C:\\Users\\Dalia\\OneDrive\\Desktop\\WorkSpace\\pulardapontenaquinta\\rotasdeteste\\vendor\\laravel\\framework\\src\\Illuminate\\Routing\\Route.php(265): Illuminate\\Routing\\ControllerDispatcher->dispatch(Object(Illuminate\\Routing\\Route), Object(App\\Http\\Controllers\\AdminController), 'update')
#10 C:\\Users\\Dalia\\OneDrive\\Desktop\\WorkSpace\\pulardapontenaquinta\\rotasdeteste\\vendor\\laravel\\framework\\src\\Illuminate\\Routing\\Route.php(211): Illuminate\\Routing\\Route->runController()
#11 C:\\Users\\Dalia\\OneDrive\\Desktop\\WorkSpace\\pulardapontenaquinta\\rotasdeteste\\vendor\\laravel\\framework\\src\\Illuminate\\Routing\\Router.php(808): Illuminate\\Routing\\Route->run()
#12 C:\\Users\\Dalia\\OneDrive\\Desktop\\WorkSpace\\pulardapontenaquinta\\rotasdeteste\\vendor\\laravel\\framework\\src\\Illuminate\\Pipeline\\Pipeline.php(169): Illuminate\\Routing\\Router->Illuminate\\Routing\\{closure}(Object(Illuminate\\Http\\Request))
#13 C:\\Users\\Dalia\\OneDrive\\Desktop\\WorkSpace\\pulardapontenaquinta\\rotasdeteste\\vendor\\laravel\\framework\\src\\Illuminate\\Routing\\Middleware\\SubstituteBindings.php(50): Illuminate\\Pipeline\\Pipeline->Illuminate\\Pipeline\\{closure}(Object(Illuminate\\Http\\Request))
#14 C:\\Users\\Dalia\\OneDrive\\Desktop\\WorkSpace\\pulardapontenaquinta\\rotasdeteste\\vendor\\laravel\\framework\\src\\Illuminate\\Pipeline\\Pipeline.php(208): Illuminate\\Routing\\Middleware\\SubstituteBindings->handle(Object(Illuminate\\Http\\Request), Object(Closure))
#15 C:\\Users\\Dalia\\OneDrive\\Desktop\\WorkSpace\\pulardapontenaquinta\\rotasdeteste\\vendor\\laravel\\framework\\src\\Illuminate\\Pipeline\\Pipeline.php(126): Illuminate\\Pipeline\\Pipeline->Illuminate\\Pipeline\\{closure}(Object(Illuminate\\Http\\Request))
#16 C:\\Users\\Dalia\\OneDrive\\Desktop\\WorkSpace\\pulardapontenaquinta\\rotasdeteste\\vendor\\laravel\\framework\\src\\Illuminate\\Routing\\Router.php(807): Illuminate\\Pipeline\\Pipeline->then(Object(Closure))
#17 C:\\Users\\Dalia\\OneDrive\\Desktop\\WorkSpace\\pulardapontenaquinta\\rotasdeteste\\vendor\\laravel\\framework\\src\\Illuminate\\Routing\\Router.php(786): Illuminate\\Routing\\Router->runRouteWithinStack(Object(Illuminate\\Routing\\Route), Object(Illuminate\\Http\\Request))
#18 C:\\Users\\Dalia\\OneDrive\\Desktop\\WorkSpace\\pulardapontenaquinta\\rotasdeteste\\vendor\\laravel\\framework\\src\\Illuminate\\Routing\\Router.php(750): Illuminate\\Routing\\Router->runRoute(Object(Illuminate\\Http\\Request), Object(Illuminate\\Routing\\Route))
#19 C:\\Users\\Dalia\\OneDrive\\Desktop\\WorkSpace\\pulardapontenaquinta\\rotasdeteste\\vendor\\laravel\\framework\\src\\Illuminate\\Routing\\Router.php(739): Illuminate\\Routing\\Router->dispatchToRoute(Object(Illuminate\\Http\\Request))
#20 C:\\Users\\Dalia\\OneDrive\\Desktop\\WorkSpace\\pulardapontenaquinta\\rotasdeteste\\vendor\\laravel\\framework\\src\\Illuminate\\Foundation\\Http\\Kernel.php(200): Illuminate\\Routing\\Router->dispatch(Object(Illuminate\\Http\\Request))
#21 C:\\Users\\Dalia\\OneDrive\\Desktop\\WorkSpace\\pulardapontenaquinta\\rotasdeteste\\vendor\\laravel\\framework\\src\\Illuminate\\Pipeline\\Pipeline.php(169): Illuminate\\Foundation\\Http\\Kernel->Illuminate\\Foundation\\Http\\{closure}(Object(Illuminate\\Http\\Request))
#22 C:\\Users\\Dalia\\OneDrive\\Desktop\\WorkSpace\\pulardapontenaquinta\\rotasdeteste\\vendor\\laravel\\framework\\src\\Illuminate\\Foundation\\Http\\Middleware\\TransformsRequest.php(21): Illuminate\\Pipeline\\Pipeline->Illuminate\\Pipeline\\{closure}(Object(Illuminate\\Http\\Request))
#23 C:\\Users\\Dalia\\OneDrive\\Desktop\\WorkSpace\\pulardapontenaquinta\\rotasdeteste\\vendor\\laravel\\framework\\src\\Illuminate\\Foundation\\Http\\Middleware\\ConvertEmptyStringsToNull.php(31): Illuminate\\Foundation\\Http\\Middleware\\TransformsRequest->handle(Object(Illuminate\\Http\\Request), Object(Closure))
#24 C:\\Users\\Dalia\\OneDrive\\Desktop\\WorkSpace\\pulardapontenaquinta\\rotasdeteste\\vendor\\laravel\\framework\\src\\Illuminate\\Pipeline\\Pipeline.php(208): Illuminate\\Foundation\\Http\\Middleware\\ConvertEmptyStringsToNull->handle(Object(Illuminate\\Http\\Request), Object(Closure))
#25 C:\\Users\\Dalia\\OneDrive\\Desktop\\WorkSpace\\pulardapontenaquinta\\rotasdeteste\\vendor\\laravel\\framework\\src\\Illuminate\\Foundation\\Http\\Middleware\\TransformsRequest.php(21): Illuminate\\Pipeline\\Pipeline->Illuminate\\Pipeline\\{closure}(Object(Illuminate\\Http\\Request))
#26 C:\\Users\\Dalia\\OneDrive\\Desktop\\WorkSpace\\pulardapontenaquinta\\rotasdeteste\\vendor\\laravel\\framework\\src\\Illuminate\\Foundation\\Http\\Middleware\\TrimStrings.php(51): Illuminate\\Foundation\\Http\\Middleware\\TransformsRequest->handle(Object(Illuminate\\Http\\Request), Object(Closure))
#27 C:\\Users\\Dalia\\OneDrive\\Desktop\\WorkSpace\\pulardapontenaquinta\\rotasdeteste\\vendor\\laravel\\framework\\src\\Illuminate\\Pipeline\\Pipeline.php(208): Illuminate\\Foundation\\Http\\Middleware\\TrimStrings->handle(Object(Illuminate\\Http\\Request), Object(Closure))
#28 C:\\Users\\Dalia\\OneDrive\\Desktop\\WorkSpace\\pulardapontenaquinta\\rotasdeteste\\vendor\\laravel\\framework\\src\\Illuminate\\Http\\Middleware\\ValidatePostSize.php(27): Illuminate\\Pipeline\\Pipeline->Illuminate\\Pipeline\\{closure}(Object(Illuminate\\Http\\Request))
#29 C:\\Users\\Dalia\\OneDrive\\Desktop\\WorkSpace\\pulardapontenaquinta\\rotasdeteste\\vendor\\laravel\\framework\\src\\Illuminate\\Pipeline\\Pipeline.php(208): Illuminate\\Http\\Middleware\\ValidatePostSize->handle(Object(Illuminate\\Http\\Request), Object(Closure))
#30 C:\\Users\\Dalia\\OneDrive\\Desktop\\WorkSpace\\pulardapontenaquinta\\rotasdeteste\\vendor\\laravel\\framework\\src\\Illuminate\\Foundation\\Http\\Middleware\\PreventRequestsDuringMaintenance.php(109): Illuminate\\Pipeline\\Pipeline->Illuminate\\Pipeline\\{closure}(Object(Illuminate\\Http\\Request))
#31 C:\\Users\\Dalia\\OneDrive\\Desktop\\WorkSpace\\pulardapontenaquinta\\rotasdeteste\\vendor\\laravel\\framework\\src\\Illuminate\\Pipeline\\Pipeline.php(208): Illuminate\\Foundation\\Http\\Middleware\\PreventRequestsDuringMaintenance->handle(Object(Illuminate\\Http\\Request), Object(Closure))
#32 C:\\Users\\Dalia\\OneDrive\\Desktop\\WorkSpace\\pulardapontenaquinta\\rotasdeteste\\vendor\\laravel\\framework\\src\\Illuminate\\Http\\Middleware\\HandleCors.php(61): Illuminate\\Pipeline\\Pipeline->Illuminate\\Pipeline\\{closure}(Object(Illuminate\\Http\\Request))
#33 C:\\Users\\Dalia\\OneDrive\\Desktop\\WorkSpace\\pulardapontenaquinta\\rotasdeteste\\vendor\\laravel\\framework\\src\\Illuminate\\Pipeline\\Pipeline.php(208): Illuminate\\Http\\Middleware\\HandleCors->handle(Object(Illuminate\\Http\\Request), Object(Closure))
#34 C:\\Users\\Dalia\\OneDrive\\Desktop\\WorkSpace\\pulardapontenaquinta\\rotasdeteste\\vendor\\laravel\\framework\\src\\Illuminate\\Http\\Middleware\\TrustProxies.php(58): Illuminate\\Pipeline\\Pipeline->Illuminate\\Pipeline\\{closure}(Object(Illuminate\\Http\\Request))
#35 C:\\Users\\Dalia\\OneDrive\\Desktop\\WorkSpace\\pulardapontenaquinta\\rotasdeteste\\vendor\\laravel\\framework\\src\\Illuminate\\Pipeline\\Pipeline.php(208): Illuminate\\Http\\Middleware\\TrustProxies->handle(Object(Illuminate\\Http\\Request), Object(Closure))
#36 C:\\Users\\Dalia\\OneDrive\\Desktop\\WorkSpace\\pulardapontenaquinta\\rotasdeteste\\vendor\\laravel\\framework\\src\\Illuminate\\Foundation\\Http\\Middleware\\InvokeDeferredCallbacks.php(22): Illuminate\\Pipeline\\Pipeline->Illuminate\\Pipeline\\{closure}(Object(Illuminate\\Http\\Request))
#37 C:\\Users\\Dalia\\OneDrive\\Desktop\\WorkSpace\\pulardapontenaquinta\\rotasdeteste\\vendor\\laravel\\framework\\src\\Illuminate\\Pipeline\\Pipeline.php(208): Illuminate\\Foundation\\Http\\Middleware\\InvokeDeferredCallbacks->handle(Object(Illuminate\\Http\\Request), Object(Closure))
#38 C:\\Users\\Dalia\\OneDrive\\Desktop\\WorkSpace\\pulardapontenaquinta\\rotasdeteste\\vendor\\laravel\\framework\\src\\Illuminate\\Http\\Middleware\\ValidatePathEncoding.php(26): Illuminate\\Pipeline\\Pipeline->Illuminate\\Pipeline\\{closure}(Object(Illuminate\\Http\\Request))
#39 C:\\Users\\Dalia\\OneDrive\\Desktop\\WorkSpace\\pulardapontenaquinta\\rotasdeteste\\vendor\\laravel\\framework\\src\\Illuminate\\Pipeline\\Pipeline.php(208): Illuminate\\Http\\Middleware\\ValidatePathEncoding->handle(Object(Illuminate\\Http\\Request), Object(Closure))
#40 C:\\Users\\Dalia\\OneDrive\\Desktop\\WorkSpace\\pulardapontenaquinta\\rotasdeteste\\vendor\\laravel\\framework\\src\\Illuminate\\Pipeline\\Pipeline.php(126): Illuminate\\Pipeline\\Pipeline->Illuminate\\Pipeline\\{closure}(Object(Illuminate\\Http\\Request))
#41 C:\\Users\\Dalia\\OneDrive\\Desktop\\WorkSpace\\pulardapontenaquinta\\rotasdeteste\\vendor\\laravel\\framework\\src\\Illuminate\\Foundation\\Http\\Kernel.php(175): Illuminate\\Pipeline\\Pipeline->then(Object(Closure))
#42 C:\\Users\\Dalia\\OneDrive\\Desktop\\WorkSpace\\pulardapontenaquinta\\rotasdeteste\\vendor\\laravel\\framework\\src\\Illuminate\\Foundation\\Http\\Kernel.php(144): Illuminate\\Foundation\\Http\\Kernel->sendRequestThroughRouter(Object(Illuminate\\Http\\Request))
#43 C:\\Users\\Dalia\\OneDrive\\Desktop\\WorkSpace\\pulardapontenaquinta\\rotasdeteste\\vendor\\laravel\\framework\\src\\Illuminate\\Foundation\\Application.php(1219): Illuminate\\Foundation\\Http\\Kernel->handle(Object(Illuminate\\Http\\Request))
#44 C:\\Users\\Dalia\\OneDrive\\Desktop\\WorkSpace\\pulardapontenaquinta\\rotasdeteste\\public\\index.php(20): Illuminate\\Foundation\\Application->handleRequest(Object(Illuminate\\Http\\Request))
#45 C:\\Users\\Dalia\\OneDrive\\Desktop\\WorkSpace\\pulardapontenaquinta\\rotasdeteste\\vendor\\laravel\\framework\\src\\Illuminate\\Foundation\\resources\\server.php(23): require_once('C:\\\\Users\\\\Dalia\\\\...')
#46 {main}

[previous exception] [object] (PDOException(code: 23000): SQLSTATE[23000]: Integrity constraint violation: 1048 Column 'NM_admin' cannot be null at C:\\Users\\Dalia\\OneDrive\\Desktop\\WorkSpace\\pulardapontenaquinta\\rotasdeteste\\vendor\\laravel\\framework\\src\\Illuminate\\Database\\Connection.php:593)
[stacktrace]
#0 C:\\Users\\Dalia\\OneDrive\\Desktop\\WorkSpace\\pulardapontenaquinta\\rotasdeteste\\vendor\\laravel\\framework\\src\\Illuminate\\Database\\Connection.php(593): PDOStatement->execute()
#1 C:\\Users\\Dalia\\OneDrive\\Desktop\\WorkSpace\\pulardapontenaquinta\\rotasdeteste\\vendor\\laravel\\framework\\src\\Illuminate\\Database\\Connection.php(809): Illuminate\\Database\\Connection->Illuminate\\Database\\{closure}('update `admins`...', Array)
#2 C:\\Users\\Dalia\\OneDrive\\Desktop\\WorkSpace\\pulardapontenaquinta\\rotasdeteste\\vendor\\laravel\\framework\\src\\Illuminate\\Database\\Connection.php(776): Illuminate\\Database\\Connection->runQueryCallback('update `admins`...', Array, Object(Closure))
#3 C:\\Users\\Dalia\\OneDrive\\Desktop\\WorkSpace\\pulardapontenaquinta\\rotasdeteste\\vendor\\laravel\\framework\\src\\Illuminate\\Database\\Connection.php(581): Illuminate\\Database\\Connection->run('update `admins`...', Array, Object(Closure))
#4 C:\\Users\\Dalia\\OneDrive\\Desktop\\WorkSpace\\pulardapontenaquinta\\rotasdeteste\\vendor\\laravel\\framework\\src\\Illuminate\\Database\\Connection.php(533): Illuminate\\Database\\Connection->affectingStatement('update `admins`...', Array)
#5 C:\\Users\\Dalia\\OneDrive\\Desktop\\WorkSpace\\pulardapontenaquinta\\rotasdeteste\\vendor\\laravel\\framework\\src\\Illuminate\\Database\\Query\\Builder.php(3833): Illuminate\\Database\\Connection->update('update `admins`...', Array)
#6 C:\\Users\\Dalia\\OneDrive\\Desktop\\WorkSpace\\pulardapontenaquinta\\rotasdeteste\\vendor\\laravel\\framework\\src\\Illuminate\\Database\\Eloquent\\Builder.php(1174): Illuminate\\Database\\Query\\Builder->update(Object(Illuminate\\Support\\Collection))
#7 C:\\Users\\Dalia\\OneDrive\\Desktop\\WorkSpace\\pulardapontenaquinta\\rotasdeteste\\vendor\\laravel\\framework\\src\\Illuminate\\Database\\Eloquent\\Model.php(1241): Illuminate\\Database\\Eloquent\\Builder->update(Array)
#8 C:\\Users\\Dalia\\OneDrive\\Desktop\\WorkSpace\\pulardapontenaquinta\\rotasdeteste\\vendor\\laravel\\framework\\src\\Illuminate\\Database\\Eloquent\\Model.php(1158): Illuminate\\Database\\Eloquent\\Model->performUpdate(Object(Illuminate\\Database\\Eloquent\\Builder))
#9 C:\\Users\\Dalia\\OneDrive\\Desktop\\WorkSpace\\pulardapontenaquinta\\rotasdeteste\\app\\Http\\Controllers\\AdminController.php(109): Illuminate\\Database\\Eloquent\\Model->save()
#10 C:\\Users\\Dalia\\OneDrive\\Desktop\\WorkSpace\\pulardapontenaquinta\\rotasdeteste\\vendor\\laravel\\framework\\src\\Illuminate\\Routing\\ControllerDispatcher.php(46): App\\Http\\Controllers\\AdminController->update(Object(Illuminate\\Http\\Request), '1')
#11 C:\\Users\\Dalia\\OneDrive\\Desktop\\WorkSpace\\pulardapontenaquinta\\rotasdeteste\\vendor\\laravel\\framework\\src\\Illuminate\\Routing\\Route.php(265): Illuminate\\Routing\\ControllerDispatcher->dispatch(Object(Illuminate\\Routing\\Route), Object(App\\Http\\Controllers\\AdminController), 'update')
#12 C:\\Users\\Dalia\\OneDrive\\Desktop\\WorkSpace\\pulardapontenaquinta\\rotasdeteste\\vendor\\laravel\\framework\\src\\Illuminate\\Routing\\Route.php(211): Illuminate\\Routing\\Route->runController()
#13 C:\\Users\\Dalia\\OneDrive\\Desktop\\WorkSpace\\pulardapontenaquinta\\rotasdeteste\\vendor\\laravel\\framework\\src\\Illuminate\\Routing\\Router.php(808): Illuminate\\Routing\\Route->run()
#14 C:\\Users\\Dalia\\OneDrive\\Desktop\\WorkSpace\\pulardapontenaquinta\\rotasdeteste\\vendor\\laravel\\framework\\src\\Illuminate\\Pipeline\\Pipeline.php(169): Illuminate\\Routing\\Router->Illuminate\\Routing\\{closure}(Object(Illuminate\\Http\\Request))
#15 C:\\Users\\Dalia\\OneDrive\\Desktop\\WorkSpace\\pulardapontenaquinta\\rotasdeteste\\vendor\\laravel\\framework\\src\\Illuminate\\Routing\\Middleware\\SubstituteBindings.php(50): Illuminate\\Pipeline\\Pipeline->Illuminate\\Pipeline\\{closure}(Object(Illuminate\\Http\\Request))
#16 C:\\Users\\Dalia\\OneDrive\\Desktop\\WorkSpace\\pulardapontenaquinta\\rotasdeteste\\vendor\\laravel\\framework\\src\\Illuminate\\Pipeline\\Pipeline.php(208): Illuminate\\Routing\\Middleware\\SubstituteBindings->handle(Object(Illuminate\\Http\\Request), Object(Closure))
#17 C:\\Users\\Dalia\\OneDrive\\Desktop\\WorkSpace\\pulardapontenaquinta\\rotasdeteste\\vendor\\laravel\\framework\\src\\Illuminate\\Pipeline\\Pipeline.php(126): Illuminate\\Pipeline\\Pipeline->Illuminate\\Pipeline\\{closure}(Object(Illuminate\\Http\\Request))
#18 C:\\Users\\Dalia\\OneDrive\\Desktop\\WorkSpace\\pulardapontenaquinta\\rotasdeteste\\vendor\\laravel\\framework\\src\\Illuminate\\Routing\\Router.php(807): Illuminate\\Pipeline\\Pipeline->then(Object(Closure))
#19 C:\\Users\\Dalia\\OneDrive\\Desktop\\WorkSpace\\pulardapontenaquinta\\rotasdeteste\\vendor\\laravel\\framework\\src\\Illuminate\\Routing\\Router.php(786): Illuminate\\Routing\\Router->runRouteWithinStack(Object(Illuminate\\Routing\\Route), Object(Illuminate\\Http\\Request))
#20 C:\\Users\\Dalia\\OneDrive\\Desktop\\WorkSpace\\pulardapontenaquinta\\rotasdeteste\\vendor\\laravel\\framework\\src\\Illuminate\\Routing\\Router.php(750): Illuminate\\Routing\\Router->runRoute(Object(Illuminate\\Http\\Request), Object(Illuminate\\Routing\\Route))
#21 C:\\Users\\Dalia\\OneDrive\\Desktop\\WorkSpace\\pulardapontenaquinta\\rotasdeteste\\vendor\\laravel\\framework\\src\\Illuminate\\Routing\\Router.php(739): Illuminate\\Routing\\Router->dispatchToRoute(Object(Illuminate\\Http\\Request))
#22 C:\\Users\\Dalia\\OneDrive\\Desktop\\WorkSpace\\pulardapontenaquinta\\rotasdeteste\\vendor\\laravel\\framework\\src\\Illuminate\\Foundation\\Http\\Kernel.php(200): Illuminate\\Routing\\Router->dispatch(Object(Illuminate\\Http\\Request))
#23 C:\\Users\\Dalia\\OneDrive\\Desktop\\WorkSpace\\pulardapontenaquinta\\rotasdeteste\\vendor\\laravel\\framework\\src\\Illuminate\\Pipeline\\Pipeline.php(169): Illuminate\\Foundation\\Http\\Kernel->Illuminate\\Foundation\\Http\\{closure}(Object(Illuminate\\Http\\Request))
#24 C:\\Users\\Dalia\\OneDrive\\Desktop\\WorkSpace\\pulardapontenaquinta\\rotasdeteste\\vendor\\laravel\\framework\\src\\Illuminate\\Foundation\\Http\\Middleware\\TransformsRequest.php(21): Illuminate\\Pipeline\\Pipeline->Illuminate\\Pipeline\\{closure}(Object(Illuminate\\Http\\Request))
#25 C:\\Users\\Dalia\\OneDrive\\Desktop\\WorkSpace\\pulardapontenaquinta\\rotasdeteste\\vendor\\laravel\\framework\\src\\Illuminate\\Foundation\\Http\\Middleware\\ConvertEmptyStringsToNull.php(31): Illuminate\\Foundation\\Http\\Middleware\\TransformsRequest->handle(Object(Illuminate\\Http\\Request), Object(Closure))
#26 C:\\Users\\Dalia\\OneDrive\\Desktop\\WorkSpace\\pulardapontenaquinta\\rotasdeteste\\vendor\\laravel\\framework\\src\\Illuminate\\Pipeline\\Pipeline.php(208): Illuminate\\Foundation\\Http\\Middleware\\ConvertEmptyStringsToNull->handle(Object(Illuminate\\Http\\Request), Object(Closure))
#27 C:\\Users\\Dalia\\OneDrive\\Desktop\\WorkSpace\\pulardapontenaquinta\\rotasdeteste\\vendor\\laravel\\framework\\src\\Illuminate\\Foundation\\Http\\Middleware\\TransformsRequest.php(21): Illuminate\\Pipeline\\Pipeline->Illuminate\\Pipeline\\{closure}(Object(Illuminate\\Http\\Request))
#28 C:\\Users\\Dalia\\OneDrive\\Desktop\\WorkSpace\\pulardapontenaquinta\\rotasdeteste\\vendor\\laravel\\framework\\src\\Illuminate\\Foundation\\Http\\Middleware\\TrimStrings.php(51): Illuminate\\Foundation\\Http\\Middleware\\TransformsRequest->handle(Object(Illuminate\\Http\\Request), Object(Closure))
#29 C:\\Users\\Dalia\\OneDrive\\Desktop\\WorkSpace\\pulardapontenaquinta\\rotasdeteste\\vendor\\laravel\\framework\\src\\Illuminate\\Pipeline\\Pipeline.php(208): Illuminate\\Foundation\\Http\\Middleware\\TrimStrings->handle(Object(Illuminate\\Http\\Request), Object(Closure))
#30 C:\\Users\\Dalia\\OneDrive\\Desktop\\WorkSpace\\pulardapontenaquinta\\rotasdeteste\\vendor\\laravel\\framework\\src\\Illuminate\\Http\\Middleware\\ValidatePostSize.php(27): Illuminate\\Pipeline\\Pipeline->Illuminate\\Pipeline\\{closure}(Object(Illuminate\\Http\\Request))
#31 C:\\Users\\Dalia\\OneDrive\\Desktop\\WorkSpace\\pulardapontenaquinta\\rotasdeteste\\vendor\\laravel\\framework\\src\\Illuminate\\Pipeline\\Pipeline.php(208): Illuminate\\Http\\Middleware\\ValidatePostSize->handle(Object(Illuminate\\Http\\Request), Object(Closure))
#32 C:\\Users\\Dalia\\OneDrive\\Desktop\\WorkSpace\\pulardapontenaquinta\\rotasdeteste\\vendor\\laravel\\framework\\src\\Illuminate\\Foundation\\Http\\Middleware\\PreventRequestsDuringMaintenance.php(109): Illuminate\\Pipeline\\Pipeline->Illuminate\\Pipeline\\{closure}(Object(Illuminate\\Http\\Request))
#33 C:\\Users\\Dalia\\OneDrive\\Desktop\\WorkSpace\\pulardapontenaquinta\\rotasdeteste\\vendor\\laravel\\framework\\src\\Illuminate\\Pipeline\\Pipeline.php(208): Illuminate\\Foundation\\Http\\Middleware\\PreventRequestsDuringMaintenance->handle(Object(Illuminate\\Http\\Request), Object(Closure))
#34 C:\\Users\\Dalia\\OneDrive\\Desktop\\WorkSpace\\pulardapontenaquinta\\rotasdeteste\\vendor\\laravel\\framework\\src\\Illuminate\\Http\\Middleware\\HandleCors.php(61): Illuminate\\Pipeline\\Pipeline->Illuminate\\Pipeline\\{closure}(Object(Illuminate\\Http\\Request))
#35 C:\\Users\\Dalia\\OneDrive\\Desktop\\WorkSpace\\pulardapontenaquinta\\rotasdeteste\\vendor\\laravel\\framework\\src\\Illuminate\\Pipeline\\Pipeline.php(208): Illuminate\\Http\\Middleware\\HandleCors->handle(Object(Illuminate\\Http\\Request), Object(Closure))
#36 C:\\Users\\Dalia\\OneDrive\\Desktop\\WorkSpace\\pulardapontenaquinta\\rotasdeteste\\vendor\\laravel\\framework\\src\\Illuminate\\Http\\Middleware\\TrustProxies.php(58): Illuminate\\Pipeline\\Pipeline->Illuminate\\Pipeline\\{closure}(Object(Illuminate\\Http\\Request))
#37 C:\\Users\\Dalia\\OneDrive\\Desktop\\WorkSpace\\pulardapontenaquinta\\rotasdeteste\\vendor\\laravel\\framework\\src\\Illuminate\\Pipeline\\Pipeline.php(208): Illuminate\\Http\\Middleware\\TrustProxies->handle(Object(Illuminate\\Http\\Request), Object(Closure))
#38 C:\\Users\\Dalia\\OneDrive\\Desktop\\WorkSpace\\pulardapontenaquinta\\rotasdeteste\\vendor\\laravel\\framework\\src\\Illuminate\\Foundation\\Http\\Middleware\\InvokeDeferredCallbacks.php(22): Illuminate\\Pipeline\\Pipeline->Illuminate\\Pipeline\\{closure}(Object(Illuminate\\Http\\Request))
#39 C:\\Users\\Dalia\\OneDrive\\Desktop\\WorkSpace\\pulardapontenaquinta\\rotasdeteste\\vendor\\laravel\\framework\\src\\Illuminate\\Pipeline\\Pipeline.php(208): Illuminate\\Foundation\\Http\\Middleware\\InvokeDeferredCallbacks->handle(Object(Illuminate\\Http\\Request), Object(Closure))
#40 C:\\Users\\Dalia\\OneDrive\\Desktop\\WorkSpace\\pulardapontenaquinta\\rotasdeteste\\vendor\\laravel\\framework\\src\\Illuminate\\Http\\Middleware\\ValidatePathEncoding.php(26): Illuminate\\Pipeline\\Pipeline->Illuminate\\Pipeline\\{closure}(Object(Illuminate\\Http\\Request))
#41 C:\\Users\\Dalia\\OneDrive\\Desktop\\WorkSpace\\pulardapontenaquinta\\rotasdeteste\\vendor\\laravel\\framework\\src\\Illuminate\\Pipeline\\Pipeline.php(208): Illuminate\\Http\\Middleware\\ValidatePathEncoding->handle(Object(Illuminate\\Http\\Request), Object(Closure))
#42 C:\\Users\\Dalia\\OneDrive\\Desktop\\WorkSpace\\pulardapontenaquinta\\rotasdeteste\\vendor\\laravel\\framework\\src\\Illuminate\\Pipeline\\Pipeline.php(126): Illuminate\\Pipeline\\Pipeline->Illuminate\\Pipeline\\{closure}(Object(Illuminate\\Http\\Request))
#43 C:\\Users\\Dalia\\OneDrive\\Desktop\\WorkSpace\\pulardapontenaquinta\\rotasdeteste\\vendor\\laravel\\framework\\src\\Illuminate\\Foundation\\Http\\Kernel.php(175): Illuminate\\Pipeline\\Pipeline->then(Object(Closure))
#44 C:\\Users\\Dalia\\OneDrive\\Desktop\\WorkSpace\\pulardapontenaquinta\\rotasdeteste\\vendor\\laravel\\framework\\src\\Illuminate\\Foundation\\Http\\Kernel.php(144): Illuminate\\Foundation\\Http\\Kernel->sendRequestThroughRouter(Object(Illuminate\\Http\\Request))
#45 C:\\Users\\Dalia\\OneDrive\\Desktop\\WorkSpace\\pulardapontenaquinta\\rotasdeteste\\vendor\\laravel\\framework\\src\\Illuminate\\Foundation\\Application.php(1219): Illuminate\\Foundation\\Http\\Kernel->handle(Object(Illuminate\\Http\\Request))
#46 C:\\Users\\Dalia\\OneDrive\\Desktop\\WorkSpace\\pulardapontenaquinta\\rotasdeteste\\public\\index.php(20): Illuminate\\Foundation\\Application->handleRequest(Object(Illuminate\\Http\\Request))
#47 C:\\Users\\Dalia\\OneDrive\\Desktop\\WorkSpace\\pulardapontenaquinta\\rotasdeteste\\vendor\\laravel\\framework\\src\\Illuminate\\Foundation\\resources\\server.php(23): require_once('C:\\\\Users\\\\Dalia\\\\...')
#48 {main}
"} 
[2025-04-18 02:26:27] local.ERROR: SQLSTATE[23000]: Integrity constraint violation: 1048 Column 'NM_admin' cannot be null (Connection: mysql, SQL: update `admins` set `NM_admin` = ?, `email` = vscfwq@, `senha` = 54321, `admins`.`updated_at` = 2025-04-18 02:26:27 where `id` = 1) {"exception":"[object] (Illuminate\\Database\\QueryException(code: 23000): SQLSTATE[23000]: Integrity constraint violation: 1048 Column 'NM_admin' cannot be null (Connection: mysql, SQL: update `admins` set `NM_admin` = ?, `email` = vscfwq@, `senha` = 54321, `admins`.`updated_at` = 2025-04-18 02:26:27 where `id` = 1) at C:\\Users\\Dalia\\OneDrive\\Desktop\\WorkSpace\\pulardapontenaquinta\\rotasdeteste\\vendor\\laravel\\framework\\src\\Illuminate\\Database\\Connection.php:822)
[stacktrace]
#0 C:\\Users\\Dalia\\OneDrive\\Desktop\\WorkSpace\\pulardapontenaquinta\\rotasdeteste\\vendor\\laravel\\framework\\src\\Illuminate\\Database\\Connection.php(776): Illuminate\\Database\\Connection->runQueryCallback('update `admins`...', Array, Object(Closure))
#1 C:\\Users\\Dalia\\OneDrive\\Desktop\\WorkSpace\\pulardapontenaquinta\\rotasdeteste\\vendor\\laravel\\framework\\src\\Illuminate\\Database\\Connection.php(581): Illuminate\\Database\\Connection->run('update `admins`...', Array, Object(Closure))
#2 C:\\Users\\Dalia\\OneDrive\\Desktop\\WorkSpace\\pulardapontenaquinta\\rotasdeteste\\vendor\\laravel\\framework\\src\\Illuminate\\Database\\Connection.php(533): Illuminate\\Database\\Connection->affectingStatement('update `admins`...', Array)
#3 C:\\Users\\Dalia\\OneDrive\\Desktop\\WorkSpace\\pulardapontenaquinta\\rotasdeteste\\vendor\\laravel\\framework\\src\\Illuminate\\Database\\Query\\Builder.php(3833): Illuminate\\Database\\Connection->update('update `admins`...', Array)
#4 C:\\Users\\Dalia\\OneDrive\\Desktop\\WorkSpace\\pulardapontenaquinta\\rotasdeteste\\vendor\\laravel\\framework\\src\\Illuminate\\Database\\Eloquent\\Builder.php(1174): Illuminate\\Database\\Query\\Builder->update(Object(Illuminate\\Support\\Collection))
#5 C:\\Users\\Dalia\\OneDrive\\Desktop\\WorkSpace\\pulardapontenaquinta\\rotasdeteste\\vendor\\laravel\\framework\\src\\Illuminate\\Database\\Eloquent\\Model.php(1241): Illuminate\\Database\\Eloquent\\Builder->update(Array)
#6 C:\\Users\\Dalia\\OneDrive\\Desktop\\WorkSpace\\pulardapontenaquinta\\rotasdeteste\\vendor\\laravel\\framework\\src\\Illuminate\\Database\\Eloquent\\Model.php(1158): Illuminate\\Database\\Eloquent\\Model->performUpdate(Object(Illuminate\\Database\\Eloquent\\Builder))
#7 C:\\Users\\Dalia\\OneDrive\\Desktop\\WorkSpace\\pulardapontenaquinta\\rotasdeteste\\app\\Http\\Controllers\\AdminController.php(111): Illuminate\\Database\\Eloquent\\Model->save()
#8 C:\\Users\\Dalia\\OneDrive\\Desktop\\WorkSpace\\pulardapontenaquinta\\rotasdeteste\\vendor\\laravel\\framework\\src\\Illuminate\\Routing\\ControllerDispatcher.php(46): App\\Http\\Controllers\\AdminController->update(Object(Illuminate\\Http\\Request), '1')
#9 C:\\Users\\Dalia\\OneDrive\\Desktop\\WorkSpace\\pulardapontenaquinta\\rotasdeteste\\vendor\\laravel\\framework\\src\\Illuminate\\Routing\\Route.php(265): Illuminate\\Routing\\ControllerDispatcher->dispatch(Object(Illuminate\\Routing\\Route), Object(App\\Http\\Controllers\\AdminController), 'update')
#10 C:\\Users\\Dalia\\OneDrive\\Desktop\\WorkSpace\\pulardapontenaquinta\\rotasdeteste\\vendor\\laravel\\framework\\src\\Illuminate\\Routing\\Route.php(211): Illuminate\\Routing\\Route->runController()
#11 C:\\Users\\Dalia\\OneDrive\\Desktop\\WorkSpace\\pulardapontenaquinta\\rotasdeteste\\vendor\\laravel\\framework\\src\\Illuminate\\Routing\\Router.php(808): Illuminate\\Routing\\Route->run()
#12 C:\\Users\\Dalia\\OneDrive\\Desktop\\WorkSpace\\pulardapontenaquinta\\rotasdeteste\\vendor\\laravel\\framework\\src\\Illuminate\\Pipeline\\Pipeline.php(169): Illuminate\\Routing\\Router->Illuminate\\Routing\\{closure}(Object(Illuminate\\Http\\Request))
#13 C:\\Users\\Dalia\\OneDrive\\Desktop\\WorkSpace\\pulardapontenaquinta\\rotasdeteste\\vendor\\laravel\\framework\\src\\Illuminate\\Routing\\Middleware\\SubstituteBindings.php(50): Illuminate\\Pipeline\\Pipeline->Illuminate\\Pipeline\\{closure}(Object(Illuminate\\Http\\Request))
#14 C:\\Users\\Dalia\\OneDrive\\Desktop\\WorkSpace\\pulardapontenaquinta\\rotasdeteste\\vendor\\laravel\\framework\\src\\Illuminate\\Pipeline\\Pipeline.php(208): Illuminate\\Routing\\Middleware\\SubstituteBindings->handle(Object(Illuminate\\Http\\Request), Object(Closure))
#15 C:\\Users\\Dalia\\OneDrive\\Desktop\\WorkSpace\\pulardapontenaquinta\\rotasdeteste\\vendor\\laravel\\framework\\src\\Illuminate\\Pipeline\\Pipeline.php(126): Illuminate\\Pipeline\\Pipeline->Illuminate\\Pipeline\\{closure}(Object(Illuminate\\Http\\Request))
#16 C:\\Users\\Dalia\\OneDrive\\Desktop\\WorkSpace\\pulardapontenaquinta\\rotasdeteste\\vendor\\laravel\\framework\\src\\Illuminate\\Routing\\Router.php(807): Illuminate\\Pipeline\\Pipeline->then(Object(Closure))
#17 C:\\Users\\Dalia\\OneDrive\\Desktop\\WorkSpace\\pulardapontenaquinta\\rotasdeteste\\vendor\\laravel\\framework\\src\\Illuminate\\Routing\\Router.php(786): Illuminate\\Routing\\Router->runRouteWithinStack(Object(Illuminate\\Routing\\Route), Object(Illuminate\\Http\\Request))
#18 C:\\Users\\Dalia\\OneDrive\\Desktop\\WorkSpace\\pulardapontenaquinta\\rotasdeteste\\vendor\\laravel\\framework\\src\\Illuminate\\Routing\\Router.php(750): Illuminate\\Routing\\Router->runRoute(Object(Illuminate\\Http\\Request), Object(Illuminate\\Routing\\Route))
#19 C:\\Users\\Dalia\\OneDrive\\Desktop\\WorkSpace\\pulardapontenaquinta\\rotasdeteste\\vendor\\laravel\\framework\\src\\Illuminate\\Routing\\Router.php(739): Illuminate\\Routing\\Router->dispatchToRoute(Object(Illuminate\\Http\\Request))
#20 C:\\Users\\Dalia\\OneDrive\\Desktop\\WorkSpace\\pulardapontenaquinta\\rotasdeteste\\vendor\\laravel\\framework\\src\\Illuminate\\Foundation\\Http\\Kernel.php(200): Illuminate\\Routing\\Router->dispatch(Object(Illuminate\\Http\\Request))
#21 C:\\Users\\Dalia\\OneDrive\\Desktop\\WorkSpace\\pulardapontenaquinta\\rotasdeteste\\vendor\\laravel\\framework\\src\\Illuminate\\Pipeline\\Pipeline.php(169): Illuminate\\Foundation\\Http\\Kernel->Illuminate\\Foundation\\Http\\{closure}(Object(Illuminate\\Http\\Request))
#22 C:\\Users\\Dalia\\OneDrive\\Desktop\\WorkSpace\\pulardapontenaquinta\\rotasdeteste\\vendor\\laravel\\framework\\src\\Illuminate\\Foundation\\Http\\Middleware\\TransformsRequest.php(21): Illuminate\\Pipeline\\Pipeline->Illuminate\\Pipeline\\{closure}(Object(Illuminate\\Http\\Request))
#23 C:\\Users\\Dalia\\OneDrive\\Desktop\\WorkSpace\\pulardapontenaquinta\\rotasdeteste\\vendor\\laravel\\framework\\src\\Illuminate\\Foundation\\Http\\Middleware\\ConvertEmptyStringsToNull.php(31): Illuminate\\Foundation\\Http\\Middleware\\TransformsRequest->handle(Object(Illuminate\\Http\\Request), Object(Closure))
#24 C:\\Users\\Dalia\\OneDrive\\Desktop\\WorkSpace\\pulardapontenaquinta\\rotasdeteste\\vendor\\laravel\\framework\\src\\Illuminate\\Pipeline\\Pipeline.php(208): Illuminate\\Foundation\\Http\\Middleware\\ConvertEmptyStringsToNull->handle(Object(Illuminate\\Http\\Request), Object(Closure))
#25 C:\\Users\\Dalia\\OneDrive\\Desktop\\WorkSpace\\pulardapontenaquinta\\rotasdeteste\\vendor\\laravel\\framework\\src\\Illuminate\\Foundation\\Http\\Middleware\\TransformsRequest.php(21): Illuminate\\Pipeline\\Pipeline->Illuminate\\Pipeline\\{closure}(Object(Illuminate\\Http\\Request))
#26 C:\\Users\\Dalia\\OneDrive\\Desktop\\WorkSpace\\pulardapontenaquinta\\rotasdeteste\\vendor\\laravel\\framework\\src\\Illuminate\\Foundation\\Http\\Middleware\\TrimStrings.php(51): Illuminate\\Foundation\\Http\\Middleware\\TransformsRequest->handle(Object(Illuminate\\Http\\Request), Object(Closure))
#27 C:\\Users\\Dalia\\OneDrive\\Desktop\\WorkSpace\\pulardapontenaquinta\\rotasdeteste\\vendor\\laravel\\framework\\src\\Illuminate\\Pipeline\\Pipeline.php(208): Illuminate\\Foundation\\Http\\Middleware\\TrimStrings->handle(Object(Illuminate\\Http\\Request), Object(Closure))
#28 C:\\Users\\Dalia\\OneDrive\\Desktop\\WorkSpace\\pulardapontenaquinta\\rotasdeteste\\vendor\\laravel\\framework\\src\\Illuminate\\Http\\Middleware\\ValidatePostSize.php(27): Illuminate\\Pipeline\\Pipeline->Illuminate\\Pipeline\\{closure}(Object(Illuminate\\Http\\Request))
#29 C:\\Users\\Dalia\\OneDrive\\Desktop\\WorkSpace\\pulardapontenaquinta\\rotasdeteste\\vendor\\laravel\\framework\\src\\Illuminate\\Pipeline\\Pipeline.php(208): Illuminate\\Http\\Middleware\\ValidatePostSize->handle(Object(Illuminate\\Http\\Request), Object(Closure))
#30 C:\\Users\\Dalia\\OneDrive\\Desktop\\WorkSpace\\pulardapontenaquinta\\rotasdeteste\\vendor\\laravel\\framework\\src\\Illuminate\\Foundation\\Http\\Middleware\\PreventRequestsDuringMaintenance.php(109): Illuminate\\Pipeline\\Pipeline->Illuminate\\Pipeline\\{closure}(Object(Illuminate\\Http\\Request))
#31 C:\\Users\\Dalia\\OneDrive\\Desktop\\WorkSpace\\pulardapontenaquinta\\rotasdeteste\\vendor\\laravel\\framework\\src\\Illuminate\\Pipeline\\Pipeline.php(208): Illuminate\\Foundation\\Http\\Middleware\\PreventRequestsDuringMaintenance->handle(Object(Illuminate\\Http\\Request), Object(Closure))
#32 C:\\Users\\Dalia\\OneDrive\\Desktop\\WorkSpace\\pulardapontenaquinta\\rotasdeteste\\vendor\\laravel\\framework\\src\\Illuminate\\Http\\Middleware\\HandleCors.php(61): Illuminate\\Pipeline\\Pipeline->Illuminate\\Pipeline\\{closure}(Object(Illuminate\\Http\\Request))
#33 C:\\Users\\Dalia\\OneDrive\\Desktop\\WorkSpace\\pulardapontenaquinta\\rotasdeteste\\vendor\\laravel\\framework\\src\\Illuminate\\Pipeline\\Pipeline.php(208): Illuminate\\Http\\Middleware\\HandleCors->handle(Object(Illuminate\\Http\\Request), Object(Closure))
#34 C:\\Users\\Dalia\\OneDrive\\Desktop\\WorkSpace\\pulardapontenaquinta\\rotasdeteste\\vendor\\laravel\\framework\\src\\Illuminate\\Http\\Middleware\\TrustProxies.php(58): Illuminate\\Pipeline\\Pipeline->Illuminate\\Pipeline\\{closure}(Object(Illuminate\\Http\\Request))
#35 C:\\Users\\Dalia\\OneDrive\\Desktop\\WorkSpace\\pulardapontenaquinta\\rotasdeteste\\vendor\\laravel\\framework\\src\\Illuminate\\Pipeline\\Pipeline.php(208): Illuminate\\Http\\Middleware\\TrustProxies->handle(Object(Illuminate\\Http\\Request), Object(Closure))
#36 C:\\Users\\Dalia\\OneDrive\\Desktop\\WorkSpace\\pulardapontenaquinta\\rotasdeteste\\vendor\\laravel\\framework\\src\\Illuminate\\Foundation\\Http\\Middleware\\InvokeDeferredCallbacks.php(22): Illuminate\\Pipeline\\Pipeline->Illuminate\\Pipeline\\{closure}(Object(Illuminate\\Http\\Request))
#37 C:\\Users\\Dalia\\OneDrive\\Desktop\\WorkSpace\\pulardapontenaquinta\\rotasdeteste\\vendor\\laravel\\framework\\src\\Illuminate\\Pipeline\\Pipeline.php(208): Illuminate\\Foundation\\Http\\Middleware\\InvokeDeferredCallbacks->handle(Object(Illuminate\\Http\\Request), Object(Closure))
#38 C:\\Users\\Dalia\\OneDrive\\Desktop\\WorkSpace\\pulardapontenaquinta\\rotasdeteste\\vendor\\laravel\\framework\\src\\Illuminate\\Http\\Middleware\\ValidatePathEncoding.php(26): Illuminate\\Pipeline\\Pipeline->Illuminate\\Pipeline\\{closure}(Object(Illuminate\\Http\\Request))
#39 C:\\Users\\Dalia\\OneDrive\\Desktop\\WorkSpace\\pulardapontenaquinta\\rotasdeteste\\vendor\\laravel\\framework\\src\\Illuminate\\Pipeline\\Pipeline.php(208): Illuminate\\Http\\Middleware\\ValidatePathEncoding->handle(Object(Illuminate\\Http\\Request), Object(Closure))
#40 C:\\Users\\Dalia\\OneDrive\\Desktop\\WorkSpace\\pulardapontenaquinta\\rotasdeteste\\vendor\\laravel\\framework\\src\\Illuminate\\Pipeline\\Pipeline.php(126): Illuminate\\Pipeline\\Pipeline->Illuminate\\Pipeline\\{closure}(Object(Illuminate\\Http\\Request))
#41 C:\\Users\\Dalia\\OneDrive\\Desktop\\WorkSpace\\pulardapontenaquinta\\rotasdeteste\\vendor\\laravel\\framework\\src\\Illuminate\\Foundation\\Http\\Kernel.php(175): Illuminate\\Pipeline\\Pipeline->then(Object(Closure))
#42 C:\\Users\\Dalia\\OneDrive\\Desktop\\WorkSpace\\pulardapontenaquinta\\rotasdeteste\\vendor\\laravel\\framework\\src\\Illuminate\\Foundation\\Http\\Kernel.php(144): Illuminate\\Foundation\\Http\\Kernel->sendRequestThroughRouter(Object(Illuminate\\Http\\Request))
#43 C:\\Users\\Dalia\\OneDrive\\Desktop\\WorkSpace\\pulardapontenaquinta\\rotasdeteste\\vendor\\laravel\\framework\\src\\Illuminate\\Foundation\\Application.php(1219): Illuminate\\Foundation\\Http\\Kernel->handle(Object(Illuminate\\Http\\Request))
#44 C:\\Users\\Dalia\\OneDrive\\Desktop\\WorkSpace\\pulardapontenaquinta\\rotasdeteste\\public\\index.php(20): Illuminate\\Foundation\\Application->handleRequest(Object(Illuminate\\Http\\Request))
#45 C:\\Users\\Dalia\\OneDrive\\Desktop\\WorkSpace\\pulardapontenaquinta\\rotasdeteste\\vendor\\laravel\\framework\\src\\Illuminate\\Foundation\\resources\\server.php(23): require_once('C:\\\\Users\\\\Dalia\\\\...')
#46 {main}

[previous exception] [object] (PDOException(code: 23000): SQLSTATE[23000]: Integrity constraint violation: 1048 Column 'NM_admin' cannot be null at C:\\Users\\Dalia\\OneDrive\\Desktop\\WorkSpace\\pulardapontenaquinta\\rotasdeteste\\vendor\\laravel\\framework\\src\\Illuminate\\Database\\Connection.php:593)
[stacktrace]
#0 C:\\Users\\Dalia\\OneDrive\\Desktop\\WorkSpace\\pulardapontenaquinta\\rotasdeteste\\vendor\\laravel\\framework\\src\\Illuminate\\Database\\Connection.php(593): PDOStatement->execute()
#1 C:\\Users\\Dalia\\OneDrive\\Desktop\\WorkSpace\\pulardapontenaquinta\\rotasdeteste\\vendor\\laravel\\framework\\src\\Illuminate\\Database\\Connection.php(809): Illuminate\\Database\\Connection->Illuminate\\Database\\{closure}('update `admins`...', Array)
#2 C:\\Users\\Dalia\\OneDrive\\Desktop\\WorkSpace\\pulardapontenaquinta\\rotasdeteste\\vendor\\laravel\\framework\\src\\Illuminate\\Database\\Connection.php(776): Illuminate\\Database\\Connection->runQueryCallback('update `admins`...', Array, Object(Closure))
#3 C:\\Users\\Dalia\\OneDrive\\Desktop\\WorkSpace\\pulardapontenaquinta\\rotasdeteste\\vendor\\laravel\\framework\\src\\Illuminate\\Database\\Connection.php(581): Illuminate\\Database\\Connection->run('update `admins`...', Array, Object(Closure))
#4 C:\\Users\\Dalia\\OneDrive\\Desktop\\WorkSpace\\pulardapontenaquinta\\rotasdeteste\\vendor\\laravel\\framework\\src\\Illuminate\\Database\\Connection.php(533): Illuminate\\Database\\Connection->affectingStatement('update `admins`...', Array)
#5 C:\\Users\\Dalia\\OneDrive\\Desktop\\WorkSpace\\pulardapontenaquinta\\rotasdeteste\\vendor\\laravel\\framework\\src\\Illuminate\\Database\\Query\\Builder.php(3833): Illuminate\\Database\\Connection->update('update `admins`...', Array)
#6 C:\\Users\\Dalia\\OneDrive\\Desktop\\WorkSpace\\pulardapontenaquinta\\rotasdeteste\\vendor\\laravel\\framework\\src\\Illuminate\\Database\\Eloquent\\Builder.php(1174): Illuminate\\Database\\Query\\Builder->update(Object(Illuminate\\Support\\Collection))
#7 C:\\Users\\Dalia\\OneDrive\\Desktop\\WorkSpace\\pulardapontenaquinta\\rotasdeteste\\vendor\\laravel\\framework\\src\\Illuminate\\Database\\Eloquent\\Model.php(1241): Illuminate\\Database\\Eloquent\\Builder->update(Array)
#8 C:\\Users\\Dalia\\OneDrive\\Desktop\\WorkSpace\\pulardapontenaquinta\\rotasdeteste\\vendor\\laravel\\framework\\src\\Illuminate\\Database\\Eloquent\\Model.php(1158): Illuminate\\Database\\Eloquent\\Model->performUpdate(Object(Illuminate\\Database\\Eloquent\\Builder))
#9 C:\\Users\\Dalia\\OneDrive\\Desktop\\WorkSpace\\pulardapontenaquinta\\rotasdeteste\\app\\Http\\Controllers\\AdminController.php(111): Illuminate\\Database\\Eloquent\\Model->save()
#10 C:\\Users\\Dalia\\OneDrive\\Desktop\\WorkSpace\\pulardapontenaquinta\\rotasdeteste\\vendor\\laravel\\framework\\src\\Illuminate\\Routing\\ControllerDispatcher.php(46): App\\Http\\Controllers\\AdminController->update(Object(Illuminate\\Http\\Request), '1')
#11 C:\\Users\\Dalia\\OneDrive\\Desktop\\WorkSpace\\pulardapontenaquinta\\rotasdeteste\\vendor\\laravel\\framework\\src\\Illuminate\\Routing\\Route.php(265): Illuminate\\Routing\\ControllerDispatcher->dispatch(Object(Illuminate\\Routing\\Route), Object(App\\Http\\Controllers\\AdminController), 'update')
#12 C:\\Users\\Dalia\\OneDrive\\Desktop\\WorkSpace\\pulardapontenaquinta\\rotasdeteste\\vendor\\laravel\\framework\\src\\Illuminate\\Routing\\Route.php(211): Illuminate\\Routing\\Route->runController()
#13 C:\\Users\\Dalia\\OneDrive\\Desktop\\WorkSpace\\pulardapontenaquinta\\rotasdeteste\\vendor\\laravel\\framework\\src\\Illuminate\\Routing\\Router.php(808): Illuminate\\Routing\\Route->run()
#14 C:\\Users\\Dalia\\OneDrive\\Desktop\\WorkSpace\\pulardapontenaquinta\\rotasdeteste\\vendor\\laravel\\framework\\src\\Illuminate\\Pipeline\\Pipeline.php(169): Illuminate\\Routing\\Router->Illuminate\\Routing\\{closure}(Object(Illuminate\\Http\\Request))
#15 C:\\Users\\Dalia\\OneDrive\\Desktop\\WorkSpace\\pulardapontenaquinta\\rotasdeteste\\vendor\\laravel\\framework\\src\\Illuminate\\Routing\\Middleware\\SubstituteBindings.php(50): Illuminate\\Pipeline\\Pipeline->Illuminate\\Pipeline\\{closure}(Object(Illuminate\\Http\\Request))
#16 C:\\Users\\Dalia\\OneDrive\\Desktop\\WorkSpace\\pulardapontenaquinta\\rotasdeteste\\vendor\\laravel\\framework\\src\\Illuminate\\Pipeline\\Pipeline.php(208): Illuminate\\Routing\\Middleware\\SubstituteBindings->handle(Object(Illuminate\\Http\\Request), Object(Closure))
#17 C:\\Users\\Dalia\\OneDrive\\Desktop\\WorkSpace\\pulardapontenaquinta\\rotasdeteste\\vendor\\laravel\\framework\\src\\Illuminate\\Pipeline\\Pipeline.php(126): Illuminate\\Pipeline\\Pipeline->Illuminate\\Pipeline\\{closure}(Object(Illuminate\\Http\\Request))
#18 C:\\Users\\Dalia\\OneDrive\\Desktop\\WorkSpace\\pulardapontenaquinta\\rotasdeteste\\vendor\\laravel\\framework\\src\\Illuminate\\Routing\\Router.php(807): Illuminate\\Pipeline\\Pipeline->then(Object(Closure))
#19 C:\\Users\\Dalia\\OneDrive\\Desktop\\WorkSpace\\pulardapontenaquinta\\rotasdeteste\\vendor\\laravel\\framework\\src\\Illuminate\\Routing\\Router.php(786): Illuminate\\Routing\\Router->runRouteWithinStack(Object(Illuminate\\Routing\\Route), Object(Illuminate\\Http\\Request))
#20 C:\\Users\\Dalia\\OneDrive\\Desktop\\WorkSpace\\pulardapontenaquinta\\rotasdeteste\\vendor\\laravel\\framework\\src\\Illuminate\\Routing\\Router.php(750): Illuminate\\Routing\\Router->runRoute(Object(Illuminate\\Http\\Request), Object(Illuminate\\Routing\\Route))
#21 C:\\Users\\Dalia\\OneDrive\\Desktop\\WorkSpace\\pulardapontenaquinta\\rotasdeteste\\vendor\\laravel\\framework\\src\\Illuminate\\Routing\\Router.php(739): Illuminate\\Routing\\Router->dispatchToRoute(Object(Illuminate\\Http\\Request))
#22 C:\\Users\\Dalia\\OneDrive\\Desktop\\WorkSpace\\pulardapontenaquinta\\rotasdeteste\\vendor\\laravel\\framework\\src\\Illuminate\\Foundation\\Http\\Kernel.php(200): Illuminate\\Routing\\Router->dispatch(Object(Illuminate\\Http\\Request))
#23 C:\\Users\\Dalia\\OneDrive\\Desktop\\WorkSpace\\pulardapontenaquinta\\rotasdeteste\\vendor\\laravel\\framework\\src\\Illuminate\\Pipeline\\Pipeline.php(169): Illuminate\\Foundation\\Http\\Kernel->Illuminate\\Foundation\\Http\\{closure}(Object(Illuminate\\Http\\Request))
#24 C:\\Users\\Dalia\\OneDrive\\Desktop\\WorkSpace\\pulardapontenaquinta\\rotasdeteste\\vendor\\laravel\\framework\\src\\Illuminate\\Foundation\\Http\\Middleware\\TransformsRequest.php(21): Illuminate\\Pipeline\\Pipeline->Illuminate\\Pipeline\\{closure}(Object(Illuminate\\Http\\Request))
#25 C:\\Users\\Dalia\\OneDrive\\Desktop\\WorkSpace\\pulardapontenaquinta\\rotasdeteste\\vendor\\laravel\\framework\\src\\Illuminate\\Foundation\\Http\\Middleware\\ConvertEmptyStringsToNull.php(31): Illuminate\\Foundation\\Http\\Middleware\\TransformsRequest->handle(Object(Illuminate\\Http\\Request), Object(Closure))
#26 C:\\Users\\Dalia\\OneDrive\\Desktop\\WorkSpace\\pulardapontenaquinta\\rotasdeteste\\vendor\\laravel\\framework\\src\\Illuminate\\Pipeline\\Pipeline.php(208): Illuminate\\Foundation\\Http\\Middleware\\ConvertEmptyStringsToNull->handle(Object(Illuminate\\Http\\Request), Object(Closure))
#27 C:\\Users\\Dalia\\OneDrive\\Desktop\\WorkSpace\\pulardapontenaquinta\\rotasdeteste\\vendor\\laravel\\framework\\src\\Illuminate\\Foundation\\Http\\Middleware\\TransformsRequest.php(21): Illuminate\\Pipeline\\Pipeline->Illuminate\\Pipeline\\{closure}(Object(Illuminate\\Http\\Request))
#28 C:\\Users\\Dalia\\OneDrive\\Desktop\\WorkSpace\\pulardapontenaquinta\\rotasdeteste\\vendor\\laravel\\framework\\src\\Illuminate\\Foundation\\Http\\Middleware\\TrimStrings.php(51): Illuminate\\Foundation\\Http\\Middleware\\TransformsRequest->handle(Object(Illuminate\\Http\\Request), Object(Closure))
#29 C:\\Users\\Dalia\\OneDrive\\Desktop\\WorkSpace\\pulardapontenaquinta\\rotasdeteste\\vendor\\laravel\\framework\\src\\Illuminate\\Pipeline\\Pipeline.php(208): Illuminate\\Foundation\\Http\\Middleware\\TrimStrings->handle(Object(Illuminate\\Http\\Request), Object(Closure))
#30 C:\\Users\\Dalia\\OneDrive\\Desktop\\WorkSpace\\pulardapontenaquinta\\rotasdeteste\\vendor\\laravel\\framework\\src\\Illuminate\\Http\\Middleware\\ValidatePostSize.php(27): Illuminate\\Pipeline\\Pipeline->Illuminate\\Pipeline\\{closure}(Object(Illuminate\\Http\\Request))
#31 C:\\Users\\Dalia\\OneDrive\\Desktop\\WorkSpace\\pulardapontenaquinta\\rotasdeteste\\vendor\\laravel\\framework\\src\\Illuminate\\Pipeline\\Pipeline.php(208): Illuminate\\Http\\Middleware\\ValidatePostSize->handle(Object(Illuminate\\Http\\Request), Object(Closure))
#32 C:\\Users\\Dalia\\OneDrive\\Desktop\\WorkSpace\\pulardapontenaquinta\\rotasdeteste\\vendor\\laravel\\framework\\src\\Illuminate\\Foundation\\Http\\Middleware\\PreventRequestsDuringMaintenance.php(109): Illuminate\\Pipeline\\Pipeline->Illuminate\\Pipeline\\{closure}(Object(Illuminate\\Http\\Request))
#33 C:\\Users\\Dalia\\OneDrive\\Desktop\\WorkSpace\\pulardapontenaquinta\\rotasdeteste\\vendor\\laravel\\framework\\src\\Illuminate\\Pipeline\\Pipeline.php(208): Illuminate\\Foundation\\Http\\Middleware\\PreventRequestsDuringMaintenance->handle(Object(Illuminate\\Http\\Request), Object(Closure))
#34 C:\\Users\\Dalia\\OneDrive\\Desktop\\WorkSpace\\pulardapontenaquinta\\rotasdeteste\\vendor\\laravel\\framework\\src\\Illuminate\\Http\\Middleware\\HandleCors.php(61): Illuminate\\Pipeline\\Pipeline->Illuminate\\Pipeline\\{closure}(Object(Illuminate\\Http\\Request))
#35 C:\\Users\\Dalia\\OneDrive\\Desktop\\WorkSpace\\pulardapontenaquinta\\rotasdeteste\\vendor\\laravel\\framework\\src\\Illuminate\\Pipeline\\Pipeline.php(208): Illuminate\\Http\\Middleware\\HandleCors->handle(Object(Illuminate\\Http\\Request), Object(Closure))
#36 C:\\Users\\Dalia\\OneDrive\\Desktop\\WorkSpace\\pulardapontenaquinta\\rotasdeteste\\vendor\\laravel\\framework\\src\\Illuminate\\Http\\Middleware\\TrustProxies.php(58): Illuminate\\Pipeline\\Pipeline->Illuminate\\Pipeline\\{closure}(Object(Illuminate\\Http\\Request))
#37 C:\\Users\\Dalia\\OneDrive\\Desktop\\WorkSpace\\pulardapontenaquinta\\rotasdeteste\\vendor\\laravel\\framework\\src\\Illuminate\\Pipeline\\Pipeline.php(208): Illuminate\\Http\\Middleware\\TrustProxies->handle(Object(Illuminate\\Http\\Request), Object(Closure))
#38 C:\\Users\\Dalia\\OneDrive\\Desktop\\WorkSpace\\pulardapontenaquinta\\rotasdeteste\\vendor\\laravel\\framework\\src\\Illuminate\\Foundation\\Http\\Middleware\\InvokeDeferredCallbacks.php(22): Illuminate\\Pipeline\\Pipeline->Illuminate\\Pipeline\\{closure}(Object(Illuminate\\Http\\Request))
#39 C:\\Users\\Dalia\\OneDrive\\Desktop\\WorkSpace\\pulardapontenaquinta\\rotasdeteste\\vendor\\laravel\\framework\\src\\Illuminate\\Pipeline\\Pipeline.php(208): Illuminate\\Foundation\\Http\\Middleware\\InvokeDeferredCallbacks->handle(Object(Illuminate\\Http\\Request), Object(Closure))
#40 C:\\Users\\Dalia\\OneDrive\\Desktop\\WorkSpace\\pulardapontenaquinta\\rotasdeteste\\vendor\\laravel\\framework\\src\\Illuminate\\Http\\Middleware\\ValidatePathEncoding.php(26): Illuminate\\Pipeline\\Pipeline->Illuminate\\Pipeline\\{closure}(Object(Illuminate\\Http\\Request))
#41 C:\\Users\\Dalia\\OneDrive\\Desktop\\WorkSpace\\pulardapontenaquinta\\rotasdeteste\\vendor\\laravel\\framework\\src\\Illuminate\\Pipeline\\Pipeline.php(208): Illuminate\\Http\\Middleware\\ValidatePathEncoding->handle(Object(Illuminate\\Http\\Request), Object(Closure))
#42 C:\\Users\\Dalia\\OneDrive\\Desktop\\WorkSpace\\pulardapontenaquinta\\rotasdeteste\\vendor\\laravel\\framework\\src\\Illuminate\\Pipeline\\Pipeline.php(126): Illuminate\\Pipeline\\Pipeline->Illuminate\\Pipeline\\{closure}(Object(Illuminate\\Http\\Request))
#43 C:\\Users\\Dalia\\OneDrive\\Desktop\\WorkSpace\\pulardapontenaquinta\\rotasdeteste\\vendor\\laravel\\framework\\src\\Illuminate\\Foundation\\Http\\Kernel.php(175): Illuminate\\Pipeline\\Pipeline->then(Object(Closure))
#44 C:\\Users\\Dalia\\OneDrive\\Desktop\\WorkSpace\\pulardapontenaquinta\\rotasdeteste\\vendor\\laravel\\framework\\src\\Illuminate\\Foundation\\Http\\Kernel.php(144): Illuminate\\Foundation\\Http\\Kernel->sendRequestThroughRouter(Object(Illuminate\\Http\\Request))
#45 C:\\Users\\Dalia\\OneDrive\\Desktop\\WorkSpace\\pulardapontenaquinta\\rotasdeteste\\vendor\\laravel\\framework\\src\\Illuminate\\Foundation\\Application.php(1219): Illuminate\\Foundation\\Http\\Kernel->handle(Object(Illuminate\\Http\\Request))
#46 C:\\Users\\Dalia\\OneDrive\\Desktop\\WorkSpace\\pulardapontenaquinta\\rotasdeteste\\public\\index.php(20): Illuminate\\Foundation\\Application->handleRequest(Object(Illuminate\\Http\\Request))
#47 C:\\Users\\Dalia\\OneDrive\\Desktop\\WorkSpace\\pulardapontenaquinta\\rotasdeteste\\vendor\\laravel\\framework\\src\\Illuminate\\Foundation\\resources\\server.php(23): require_once('C:\\\\Users\\\\Dalia\\\\...')
#48 {main}
"} 
[2025-04-18 02:29:16] local.ERROR: Attempt to assign property "NM_admin" on null {"exception":"[object] (Error(code: 0): Attempt to assign property \"NM_admin\" on null at C:\\Users\\Dalia\\OneDrive\\Desktop\\WorkSpace\\pulardapontenaquinta\\rotasdeteste\\app\\Http\\Controllers\\AdminController.php:107)
[stacktrace]
#0 C:\\Users\\Dalia\\OneDrive\\Desktop\\WorkSpace\\pulardapontenaquinta\\rotasdeteste\\vendor\\laravel\\framework\\src\\Illuminate\\Routing\\ControllerDispatcher.php(46): App\\Http\\Controllers\\AdminController->update(Object(Illuminate\\Http\\Request), '1')
#1 C:\\Users\\Dalia\\OneDrive\\Desktop\\WorkSpace\\pulardapontenaquinta\\rotasdeteste\\vendor\\laravel\\framework\\src\\Illuminate\\Routing\\Route.php(265): Illuminate\\Routing\\ControllerDispatcher->dispatch(Object(Illuminate\\Routing\\Route), Object(App\\Http\\Controllers\\AdminController), 'update')
#2 C:\\Users\\Dalia\\OneDrive\\Desktop\\WorkSpace\\pulardapontenaquinta\\rotasdeteste\\vendor\\laravel\\framework\\src\\Illuminate\\Routing\\Route.php(211): Illuminate\\Routing\\Route->runController()
#3 C:\\Users\\Dalia\\OneDrive\\Desktop\\WorkSpace\\pulardapontenaquinta\\rotasdeteste\\vendor\\laravel\\framework\\src\\Illuminate\\Routing\\Router.php(808): Illuminate\\Routing\\Route->run()
#4 C:\\Users\\Dalia\\OneDrive\\Desktop\\WorkSpace\\pulardapontenaquinta\\rotasdeteste\\vendor\\laravel\\framework\\src\\Illuminate\\Pipeline\\Pipeline.php(169): Illuminate\\Routing\\Router->Illuminate\\Routing\\{closure}(Object(Illuminate\\Http\\Request))
#5 C:\\Users\\Dalia\\OneDrive\\Desktop\\WorkSpace\\pulardapontenaquinta\\rotasdeteste\\vendor\\laravel\\framework\\src\\Illuminate\\Routing\\Middleware\\SubstituteBindings.php(50): Illuminate\\Pipeline\\Pipeline->Illuminate\\Pipeline\\{closure}(Object(Illuminate\\Http\\Request))
#6 C:\\Users\\Dalia\\OneDrive\\Desktop\\WorkSpace\\pulardapontenaquinta\\rotasdeteste\\vendor\\laravel\\framework\\src\\Illuminate\\Pipeline\\Pipeline.php(208): Illuminate\\Routing\\Middleware\\SubstituteBindings->handle(Object(Illuminate\\Http\\Request), Object(Closure))
#7 C:\\Users\\Dalia\\OneDrive\\Desktop\\WorkSpace\\pulardapontenaquinta\\rotasdeteste\\vendor\\laravel\\framework\\src\\Illuminate\\Pipeline\\Pipeline.php(126): Illuminate\\Pipeline\\Pipeline->Illuminate\\Pipeline\\{closure}(Object(Illuminate\\Http\\Request))
#8 C:\\Users\\Dalia\\OneDrive\\Desktop\\WorkSpace\\pulardapontenaquinta\\rotasdeteste\\vendor\\laravel\\framework\\src\\Illuminate\\Routing\\Router.php(807): Illuminate\\Pipeline\\Pipeline->then(Object(Closure))
#9 C:\\Users\\Dalia\\OneDrive\\Desktop\\WorkSpace\\pulardapontenaquinta\\rotasdeteste\\vendor\\laravel\\framework\\src\\Illuminate\\Routing\\Router.php(786): Illuminate\\Routing\\Router->runRouteWithinStack(Object(Illuminate\\Routing\\Route), Object(Illuminate\\Http\\Request))
#10 C:\\Users\\Dalia\\OneDrive\\Desktop\\WorkSpace\\pulardapontenaquinta\\rotasdeteste\\vendor\\laravel\\framework\\src\\Illuminate\\Routing\\Router.php(750): Illuminate\\Routing\\Router->runRoute(Object(Illuminate\\Http\\Request), Object(Illuminate\\Routing\\Route))
#11 C:\\Users\\Dalia\\OneDrive\\Desktop\\WorkSpace\\pulardapontenaquinta\\rotasdeteste\\vendor\\laravel\\framework\\src\\Illuminate\\Routing\\Router.php(739): Illuminate\\Routing\\Router->dispatchToRoute(Object(Illuminate\\Http\\Request))
#12 C:\\Users\\Dalia\\OneDrive\\Desktop\\WorkSpace\\pulardapontenaquinta\\rotasdeteste\\vendor\\laravel\\framework\\src\\Illuminate\\Foundation\\Http\\Kernel.php(200): Illuminate\\Routing\\Router->dispatch(Object(Illuminate\\Http\\Request))
#13 C:\\Users\\Dalia\\OneDrive\\Desktop\\WorkSpace\\pulardapontenaquinta\\rotasdeteste\\vendor\\laravel\\framework\\src\\Illuminate\\Pipeline\\Pipeline.php(169): Illuminate\\Foundation\\Http\\Kernel->Illuminate\\Foundation\\Http\\{closure}(Object(Illuminate\\Http\\Request))
#14 C:\\Users\\Dalia\\OneDrive\\Desktop\\WorkSpace\\pulardapontenaquinta\\rotasdeteste\\vendor\\laravel\\framework\\src\\Illuminate\\Foundation\\Http\\Middleware\\TransformsRequest.php(21): Illuminate\\Pipeline\\Pipeline->Illuminate\\Pipeline\\{closure}(Object(Illuminate\\Http\\Request))
#15 C:\\Users\\Dalia\\OneDrive\\Desktop\\WorkSpace\\pulardapontenaquinta\\rotasdeteste\\vendor\\laravel\\framework\\src\\Illuminate\\Foundation\\Http\\Middleware\\ConvertEmptyStringsToNull.php(31): Illuminate\\Foundation\\Http\\Middleware\\TransformsRequest->handle(Object(Illuminate\\Http\\Request), Object(Closure))
#16 C:\\Users\\Dalia\\OneDrive\\Desktop\\WorkSpace\\pulardapontenaquinta\\rotasdeteste\\vendor\\laravel\\framework\\src\\Illuminate\\Pipeline\\Pipeline.php(208): Illuminate\\Foundation\\Http\\Middleware\\ConvertEmptyStringsToNull->handle(Object(Illuminate\\Http\\Request), Object(Closure))
#17 C:\\Users\\Dalia\\OneDrive\\Desktop\\WorkSpace\\pulardapontenaquinta\\rotasdeteste\\vendor\\laravel\\framework\\src\\Illuminate\\Foundation\\Http\\Middleware\\TransformsRequest.php(21): Illuminate\\Pipeline\\Pipeline->Illuminate\\Pipeline\\{closure}(Object(Illuminate\\Http\\Request))
#18 C:\\Users\\Dalia\\OneDrive\\Desktop\\WorkSpace\\pulardapontenaquinta\\rotasdeteste\\vendor\\laravel\\framework\\src\\Illuminate\\Foundation\\Http\\Middleware\\TrimStrings.php(51): Illuminate\\Foundation\\Http\\Middleware\\TransformsRequest->handle(Object(Illuminate\\Http\\Request), Object(Closure))
#19 C:\\Users\\Dalia\\OneDrive\\Desktop\\WorkSpace\\pulardapontenaquinta\\rotasdeteste\\vendor\\laravel\\framework\\src\\Illuminate\\Pipeline\\Pipeline.php(208): Illuminate\\Foundation\\Http\\Middleware\\TrimStrings->handle(Object(Illuminate\\Http\\Request), Object(Closure))
#20 C:\\Users\\Dalia\\OneDrive\\Desktop\\WorkSpace\\pulardapontenaquinta\\rotasdeteste\\vendor\\laravel\\framework\\src\\Illuminate\\Http\\Middleware\\ValidatePostSize.php(27): Illuminate\\Pipeline\\Pipeline->Illuminate\\Pipeline\\{closure}(Object(Illuminate\\Http\\Request))
#21 C:\\Users\\Dalia\\OneDrive\\Desktop\\WorkSpace\\pulardapontenaquinta\\rotasdeteste\\vendor\\laravel\\framework\\src\\Illuminate\\Pipeline\\Pipeline.php(208): Illuminate\\Http\\Middleware\\ValidatePostSize->handle(Object(Illuminate\\Http\\Request), Object(Closure))
#22 C:\\Users\\Dalia\\OneDrive\\Desktop\\WorkSpace\\pulardapontenaquinta\\rotasdeteste\\vendor\\laravel\\framework\\src\\Illuminate\\Foundation\\Http\\Middleware\\PreventRequestsDuringMaintenance.php(109): Illuminate\\Pipeline\\Pipeline->Illuminate\\Pipeline\\{closure}(Object(Illuminate\\Http\\Request))
#23 C:\\Users\\Dalia\\OneDrive\\Desktop\\WorkSpace\\pulardapontenaquinta\\rotasdeteste\\vendor\\laravel\\framework\\src\\Illuminate\\Pipeline\\Pipeline.php(208): Illuminate\\Foundation\\Http\\Middleware\\PreventRequestsDuringMaintenance->handle(Object(Illuminate\\Http\\Request), Object(Closure))
#24 C:\\Users\\Dalia\\OneDrive\\Desktop\\WorkSpace\\pulardapontenaquinta\\rotasdeteste\\vendor\\laravel\\framework\\src\\Illuminate\\Http\\Middleware\\HandleCors.php(61): Illuminate\\Pipeline\\Pipeline->Illuminate\\Pipeline\\{closure}(Object(Illuminate\\Http\\Request))
#25 C:\\Users\\Dalia\\OneDrive\\Desktop\\WorkSpace\\pulardapontenaquinta\\rotasdeteste\\vendor\\laravel\\framework\\src\\Illuminate\\Pipeline\\Pipeline.php(208): Illuminate\\Http\\Middleware\\HandleCors->handle(Object(Illuminate\\Http\\Request), Object(Closure))
#26 C:\\Users\\Dalia\\OneDrive\\Desktop\\WorkSpace\\pulardapontenaquinta\\rotasdeteste\\vendor\\laravel\\framework\\src\\Illuminate\\Http\\Middleware\\TrustProxies.php(58): Illuminate\\Pipeline\\Pipeline->Illuminate\\Pipeline\\{closure}(Object(Illuminate\\Http\\Request))
#27 C:\\Users\\Dalia\\OneDrive\\Desktop\\WorkSpace\\pulardapontenaquinta\\rotasdeteste\\vendor\\laravel\\framework\\src\\Illuminate\\Pipeline\\Pipeline.php(208): Illuminate\\Http\\Middleware\\TrustProxies->handle(Object(Illuminate\\Http\\Request), Object(Closure))
#28 C:\\Users\\Dalia\\OneDrive\\Desktop\\WorkSpace\\pulardapontenaquinta\\rotasdeteste\\vendor\\laravel\\framework\\src\\Illuminate\\Foundation\\Http\\Middleware\\InvokeDeferredCallbacks.php(22): Illuminate\\Pipeline\\Pipeline->Illuminate\\Pipeline\\{closure}(Object(Illuminate\\Http\\Request))
#29 C:\\Users\\Dalia\\OneDrive\\Desktop\\WorkSpace\\pulardapontenaquinta\\rotasdeteste\\vendor\\laravel\\framework\\src\\Illuminate\\Pipeline\\Pipeline.php(208): Illuminate\\Foundation\\Http\\Middleware\\InvokeDeferredCallbacks->handle(Object(Illuminate\\Http\\Request), Object(Closure))
#30 C:\\Users\\Dalia\\OneDrive\\Desktop\\WorkSpace\\pulardapontenaquinta\\rotasdeteste\\vendor\\laravel\\framework\\src\\Illuminate\\Http\\Middleware\\ValidatePathEncoding.php(26): Illuminate\\Pipeline\\Pipeline->Illuminate\\Pipeline\\{closure}(Object(Illuminate\\Http\\Request))
#31 C:\\Users\\Dalia\\OneDrive\\Desktop\\WorkSpace\\pulardapontenaquinta\\rotasdeteste\\vendor\\laravel\\framework\\src\\Illuminate\\Pipeline\\Pipeline.php(208): Illuminate\\Http\\Middleware\\ValidatePathEncoding->handle(Object(Illuminate\\Http\\Request), Object(Closure))
#32 C:\\Users\\Dalia\\OneDrive\\Desktop\\WorkSpace\\pulardapontenaquinta\\rotasdeteste\\vendor\\laravel\\framework\\src\\Illuminate\\Pipeline\\Pipeline.php(126): Illuminate\\Pipeline\\Pipeline->Illuminate\\Pipeline\\{closure}(Object(Illuminate\\Http\\Request))
#33 C:\\Users\\Dalia\\OneDrive\\Desktop\\WorkSpace\\pulardapontenaquinta\\rotasdeteste\\vendor\\laravel\\framework\\src\\Illuminate\\Foundation\\Http\\Kernel.php(175): Illuminate\\Pipeline\\Pipeline->then(Object(Closure))
#34 C:\\Users\\Dalia\\OneDrive\\Desktop\\WorkSpace\\pulardapontenaquinta\\rotasdeteste\\vendor\\laravel\\framework\\src\\Illuminate\\Foundation\\Http\\Kernel.php(144): Illuminate\\Foundation\\Http\\Kernel->sendRequestThroughRouter(Object(Illuminate\\Http\\Request))
#35 C:\\Users\\Dalia\\OneDrive\\Desktop\\WorkSpace\\pulardapontenaquinta\\rotasdeteste\\vendor\\laravel\\framework\\src\\Illuminate\\Foundation\\Application.php(1219): Illuminate\\Foundation\\Http\\Kernel->handle(Object(Illuminate\\Http\\Request))
#36 C:\\Users\\Dalia\\OneDrive\\Desktop\\WorkSpace\\pulardapontenaquinta\\rotasdeteste\\public\\index.php(20): Illuminate\\Foundation\\Application->handleRequest(Object(Illuminate\\Http\\Request))
#37 C:\\Users\\Dalia\\OneDrive\\Desktop\\WorkSpace\\pulardapontenaquinta\\rotasdeteste\\vendor\\laravel\\framework\\src\\Illuminate\\Foundation\\resources\\server.php(23): require_once('C:\\\\Users\\\\Dalia\\\\...')
#38 {main}
"} 
[2025-04-18 02:38:10] local.ERROR: Class "App\Http\Controllers\formulario" not found {"exception":"[object] (Error(code: 0): Class \"App\\Http\\Controllers\\formulario\" not found at C:\\Users\\Dalia\\OneDrive\\Desktop\\WorkSpace\\pulardapontenaquinta\\rotasdeteste\\app\\Http\\Controllers\\AdminController.php:98)
[stacktrace]
#0 C:\\Users\\Dalia\\OneDrive\\Desktop\\WorkSpace\\pulardapontenaquinta\\rotasdeteste\\vendor\\laravel\\framework\\src\\Illuminate\\Routing\\ControllerDispatcher.php(46): App\\Http\\Controllers\\AdminController->update(Object(Illuminate\\Http\\Request), '1')
#1 C:\\Users\\Dalia\\OneDrive\\Desktop\\WorkSpace\\pulardapontenaquinta\\rotasdeteste\\vendor\\laravel\\framework\\src\\Illuminate\\Routing\\Route.php(265): Illuminate\\Routing\\ControllerDispatcher->dispatch(Object(Illuminate\\Routing\\Route), Object(App\\Http\\Controllers\\AdminController), 'update')
#2 C:\\Users\\Dalia\\OneDrive\\Desktop\\WorkSpace\\pulardapontenaquinta\\rotasdeteste\\vendor\\laravel\\framework\\src\\Illuminate\\Routing\\Route.php(211): Illuminate\\Routing\\Route->runController()
#3 C:\\Users\\Dalia\\OneDrive\\Desktop\\WorkSpace\\pulardapontenaquinta\\rotasdeteste\\vendor\\laravel\\framework\\src\\Illuminate\\Routing\\Router.php(808): Illuminate\\Routing\\Route->run()
#4 C:\\Users\\Dalia\\OneDrive\\Desktop\\WorkSpace\\pulardapontenaquinta\\rotasdeteste\\vendor\\laravel\\framework\\src\\Illuminate\\Pipeline\\Pipeline.php(169): Illuminate\\Routing\\Router->Illuminate\\Routing\\{closure}(Object(Illuminate\\Http\\Request))
#5 C:\\Users\\Dalia\\OneDrive\\Desktop\\WorkSpace\\pulardapontenaquinta\\rotasdeteste\\vendor\\laravel\\framework\\src\\Illuminate\\Routing\\Middleware\\SubstituteBindings.php(50): Illuminate\\Pipeline\\Pipeline->Illuminate\\Pipeline\\{closure}(Object(Illuminate\\Http\\Request))
#6 C:\\Users\\Dalia\\OneDrive\\Desktop\\WorkSpace\\pulardapontenaquinta\\rotasdeteste\\vendor\\laravel\\framework\\src\\Illuminate\\Pipeline\\Pipeline.php(208): Illuminate\\Routing\\Middleware\\SubstituteBindings->handle(Object(Illuminate\\Http\\Request), Object(Closure))
#7 C:\\Users\\Dalia\\OneDrive\\Desktop\\WorkSpace\\pulardapontenaquinta\\rotasdeteste\\vendor\\laravel\\framework\\src\\Illuminate\\Pipeline\\Pipeline.php(126): Illuminate\\Pipeline\\Pipeline->Illuminate\\Pipeline\\{closure}(Object(Illuminate\\Http\\Request))
#8 C:\\Users\\Dalia\\OneDrive\\Desktop\\WorkSpace\\pulardapontenaquinta\\rotasdeteste\\vendor\\laravel\\framework\\src\\Illuminate\\Routing\\Router.php(807): Illuminate\\Pipeline\\Pipeline->then(Object(Closure))
#9 C:\\Users\\Dalia\\OneDrive\\Desktop\\WorkSpace\\pulardapontenaquinta\\rotasdeteste\\vendor\\laravel\\framework\\src\\Illuminate\\Routing\\Router.php(786): Illuminate\\Routing\\Router->runRouteWithinStack(Object(Illuminate\\Routing\\Route), Object(Illuminate\\Http\\Request))
#10 C:\\Users\\Dalia\\OneDrive\\Desktop\\WorkSpace\\pulardapontenaquinta\\rotasdeteste\\vendor\\laravel\\framework\\src\\Illuminate\\Routing\\Router.php(750): Illuminate\\Routing\\Router->runRoute(Object(Illuminate\\Http\\Request), Object(Illuminate\\Routing\\Route))
#11 C:\\Users\\Dalia\\OneDrive\\Desktop\\WorkSpace\\pulardapontenaquinta\\rotasdeteste\\vendor\\laravel\\framework\\src\\Illuminate\\Routing\\Router.php(739): Illuminate\\Routing\\Router->dispatchToRoute(Object(Illuminate\\Http\\Request))
#12 C:\\Users\\Dalia\\OneDrive\\Desktop\\WorkSpace\\pulardapontenaquinta\\rotasdeteste\\vendor\\laravel\\framework\\src\\Illuminate\\Foundation\\Http\\Kernel.php(200): Illuminate\\Routing\\Router->dispatch(Object(Illuminate\\Http\\Request))
#13 C:\\Users\\Dalia\\OneDrive\\Desktop\\WorkSpace\\pulardapontenaquinta\\rotasdeteste\\vendor\\laravel\\framework\\src\\Illuminate\\Pipeline\\Pipeline.php(169): Illuminate\\Foundation\\Http\\Kernel->Illuminate\\Foundation\\Http\\{closure}(Object(Illuminate\\Http\\Request))
#14 C:\\Users\\Dalia\\OneDrive\\Desktop\\WorkSpace\\pulardapontenaquinta\\rotasdeteste\\vendor\\laravel\\framework\\src\\Illuminate\\Foundation\\Http\\Middleware\\TransformsRequest.php(21): Illuminate\\Pipeline\\Pipeline->Illuminate\\Pipeline\\{closure}(Object(Illuminate\\Http\\Request))
#15 C:\\Users\\Dalia\\OneDrive\\Desktop\\WorkSpace\\pulardapontenaquinta\\rotasdeteste\\vendor\\laravel\\framework\\src\\Illuminate\\Foundation\\Http\\Middleware\\ConvertEmptyStringsToNull.php(31): Illuminate\\Foundation\\Http\\Middleware\\TransformsRequest->handle(Object(Illuminate\\Http\\Request), Object(Closure))
#16 C:\\Users\\Dalia\\OneDrive\\Desktop\\WorkSpace\\pulardapontenaquinta\\rotasdeteste\\vendor\\laravel\\framework\\src\\Illuminate\\Pipeline\\Pipeline.php(208): Illuminate\\Foundation\\Http\\Middleware\\ConvertEmptyStringsToNull->handle(Object(Illuminate\\Http\\Request), Object(Closure))
#17 C:\\Users\\Dalia\\OneDrive\\Desktop\\WorkSpace\\pulardapontenaquinta\\rotasdeteste\\vendor\\laravel\\framework\\src\\Illuminate\\Foundation\\Http\\Middleware\\TransformsRequest.php(21): Illuminate\\Pipeline\\Pipeline->Illuminate\\Pipeline\\{closure}(Object(Illuminate\\Http\\Request))
#18 C:\\Users\\Dalia\\OneDrive\\Desktop\\WorkSpace\\pulardapontenaquinta\\rotasdeteste\\vendor\\laravel\\framework\\src\\Illuminate\\Foundation\\Http\\Middleware\\TrimStrings.php(51): Illuminate\\Foundation\\Http\\Middleware\\TransformsRequest->handle(Object(Illuminate\\Http\\Request), Object(Closure))
#19 C:\\Users\\Dalia\\OneDrive\\Desktop\\WorkSpace\\pulardapontenaquinta\\rotasdeteste\\vendor\\laravel\\framework\\src\\Illuminate\\Pipeline\\Pipeline.php(208): Illuminate\\Foundation\\Http\\Middleware\\TrimStrings->handle(Object(Illuminate\\Http\\Request), Object(Closure))
#20 C:\\Users\\Dalia\\OneDrive\\Desktop\\WorkSpace\\pulardapontenaquinta\\rotasdeteste\\vendor\\laravel\\framework\\src\\Illuminate\\Http\\Middleware\\ValidatePostSize.php(27): Illuminate\\Pipeline\\Pipeline->Illuminate\\Pipeline\\{closure}(Object(Illuminate\\Http\\Request))
#21 C:\\Users\\Dalia\\OneDrive\\Desktop\\WorkSpace\\pulardapontenaquinta\\rotasdeteste\\vendor\\laravel\\framework\\src\\Illuminate\\Pipeline\\Pipeline.php(208): Illuminate\\Http\\Middleware\\ValidatePostSize->handle(Object(Illuminate\\Http\\Request), Object(Closure))
#22 C:\\Users\\Dalia\\OneDrive\\Desktop\\WorkSpace\\pulardapontenaquinta\\rotasdeteste\\vendor\\laravel\\framework\\src\\Illuminate\\Foundation\\Http\\Middleware\\PreventRequestsDuringMaintenance.php(109): Illuminate\\Pipeline\\Pipeline->Illuminate\\Pipeline\\{closure}(Object(Illuminate\\Http\\Request))
#23 C:\\Users\\Dalia\\OneDrive\\Desktop\\WorkSpace\\pulardapontenaquinta\\rotasdeteste\\vendor\\laravel\\framework\\src\\Illuminate\\Pipeline\\Pipeline.php(208): Illuminate\\Foundation\\Http\\Middleware\\PreventRequestsDuringMaintenance->handle(Object(Illuminate\\Http\\Request), Object(Closure))
#24 C:\\Users\\Dalia\\OneDrive\\Desktop\\WorkSpace\\pulardapontenaquinta\\rotasdeteste\\vendor\\laravel\\framework\\src\\Illuminate\\Http\\Middleware\\HandleCors.php(61): Illuminate\\Pipeline\\Pipeline->Illuminate\\Pipeline\\{closure}(Object(Illuminate\\Http\\Request))
#25 C:\\Users\\Dalia\\OneDrive\\Desktop\\WorkSpace\\pulardapontenaquinta\\rotasdeteste\\vendor\\laravel\\framework\\src\\Illuminate\\Pipeline\\Pipeline.php(208): Illuminate\\Http\\Middleware\\HandleCors->handle(Object(Illuminate\\Http\\Request), Object(Closure))
#26 C:\\Users\\Dalia\\OneDrive\\Desktop\\WorkSpace\\pulardapontenaquinta\\rotasdeteste\\vendor\\laravel\\framework\\src\\Illuminate\\Http\\Middleware\\TrustProxies.php(58): Illuminate\\Pipeline\\Pipeline->Illuminate\\Pipeline\\{closure}(Object(Illuminate\\Http\\Request))
#27 C:\\Users\\Dalia\\OneDrive\\Desktop\\WorkSpace\\pulardapontenaquinta\\rotasdeteste\\vendor\\laravel\\framework\\src\\Illuminate\\Pipeline\\Pipeline.php(208): Illuminate\\Http\\Middleware\\TrustProxies->handle(Object(Illuminate\\Http\\Request), Object(Closure))
#28 C:\\Users\\Dalia\\OneDrive\\Desktop\\WorkSpace\\pulardapontenaquinta\\rotasdeteste\\vendor\\laravel\\framework\\src\\Illuminate\\Foundation\\Http\\Middleware\\InvokeDeferredCallbacks.php(22): Illuminate\\Pipeline\\Pipeline->Illuminate\\Pipeline\\{closure}(Object(Illuminate\\Http\\Request))
#29 C:\\Users\\Dalia\\OneDrive\\Desktop\\WorkSpace\\pulardapontenaquinta\\rotasdeteste\\vendor\\laravel\\framework\\src\\Illuminate\\Pipeline\\Pipeline.php(208): Illuminate\\Foundation\\Http\\Middleware\\InvokeDeferredCallbacks->handle(Object(Illuminate\\Http\\Request), Object(Closure))
#30 C:\\Users\\Dalia\\OneDrive\\Desktop\\WorkSpace\\pulardapontenaquinta\\rotasdeteste\\vendor\\laravel\\framework\\src\\Illuminate\\Http\\Middleware\\ValidatePathEncoding.php(26): Illuminate\\Pipeline\\Pipeline->Illuminate\\Pipeline\\{closure}(Object(Illuminate\\Http\\Request))
#31 C:\\Users\\Dalia\\OneDrive\\Desktop\\WorkSpace\\pulardapontenaquinta\\rotasdeteste\\vendor\\laravel\\framework\\src\\Illuminate\\Pipeline\\Pipeline.php(208): Illuminate\\Http\\Middleware\\ValidatePathEncoding->handle(Object(Illuminate\\Http\\Request), Object(Closure))
#32 C:\\Users\\Dalia\\OneDrive\\Desktop\\WorkSpace\\pulardapontenaquinta\\rotasdeteste\\vendor\\laravel\\framework\\src\\Illuminate\\Pipeline\\Pipeline.php(126): Illuminate\\Pipeline\\Pipeline->Illuminate\\Pipeline\\{closure}(Object(Illuminate\\Http\\Request))
#33 C:\\Users\\Dalia\\OneDrive\\Desktop\\WorkSpace\\pulardapontenaquinta\\rotasdeteste\\vendor\\laravel\\framework\\src\\Illuminate\\Foundation\\Http\\Kernel.php(175): Illuminate\\Pipeline\\Pipeline->then(Object(Closure))
#34 C:\\Users\\Dalia\\OneDrive\\Desktop\\WorkSpace\\pulardapontenaquinta\\rotasdeteste\\vendor\\laravel\\framework\\src\\Illuminate\\Foundation\\Http\\Kernel.php(144): Illuminate\\Foundation\\Http\\Kernel->sendRequestThroughRouter(Object(Illuminate\\Http\\Request))
#35 C:\\Users\\Dalia\\OneDrive\\Desktop\\WorkSpace\\pulardapontenaquinta\\rotasdeteste\\vendor\\laravel\\framework\\src\\Illuminate\\Foundation\\Application.php(1219): Illuminate\\Foundation\\Http\\Kernel->handle(Object(Illuminate\\Http\\Request))
#36 C:\\Users\\Dalia\\OneDrive\\Desktop\\WorkSpace\\pulardapontenaquinta\\rotasdeteste\\public\\index.php(20): Illuminate\\Foundation\\Application->handleRequest(Object(Illuminate\\Http\\Request))
#37 C:\\Users\\Dalia\\OneDrive\\Desktop\\WorkSpace\\pulardapontenaquinta\\rotasdeteste\\vendor\\laravel\\framework\\src\\Illuminate\\Foundation\\resources\\server.php(23): require_once('C:\\\\Users\\\\Dalia\\\\...')
#38 {main}
"} 
